Table,Column Name,Data Type,Nullable,Key,Default,Extra
FBS_CARTERA.ABONOPRESTAMOENLOTE,SECUENCIAL,int,NO,PRI,,auto_increment
FBS_CARTERA.ABONOPRESTAMOENLOTE,SECUENCIALPRESTAMO,int,NO,MUL,,
FBS_CARTERA.ABONOPRESTAMOENLOTE,VALOR,"decimal(18,2)",NO,,,
FBS_CARTERA.ABONOPRESTAMOENLOTE,NUMERODOCUMENTO,varchar(100),NO,,,
FBS_CARTERA.ABONOPRESTAMOENLOTE,SECUENCIALCAUSALABONO,int,NO,MUL,,
FBS_CARTERA.ABONOPRESTAMOENLOTE,CODIGOUSUARIOINGRESO,varchar(25),NO,MUL,,
FBS_CARTERA.ABONOPRESTAMOENLOTE,FECHASISTEMA,datetime(3),NO,,,
FBS_CARTERA.ABONOPRESTAMOENLOTE,FECHAMAQUINA,datetime(3),NO,,,
FBS_CARTERA.ABONOPRESTAMOENLOTE,ESTAPROCESADO,tinyint unsigned,NO,,,
FBS_CARTERA.ABONOPRESTAMOENLOTE,DETALLE,varchar(255),NO,,,
FBS_CARTERA.ABONOPRESTAMOENLOTE,SECUENCIALARCHIVOABONOPRESTAMOENLOTE,int,NO,MUL,0,
FBS_CARTERA.ABONOPRESTAMOENLOTE,CONCURRENCIA,timestamp(6),YES,,CURRENT_TIMESTAMP(6),DEFAULT_GENERATED on update CURRENT_TIMESTAMP(6)
FBS_CARTERA.ABONOPRESTAMOENLOTESINPROCESAR,SECUENCIAL,int,NO,PRI,,auto_increment
FBS_CARTERA.ABONOPRESTAMOENLOTESINPROCESAR,SECUENCIALPRESTAMO,int,NO,MUL,,
FBS_CARTERA.ABONOPRESTAMOENLOTESINPROCESAR,SECUENCIALCAUSAL,int,NO,MUL,,
FBS_CARTERA.ABONOPRESTAMOENLOTESINPROCESAR,VALOR,"decimal(18,6)",NO,,,
FBS_CARTERA.ABONOPRESTAMOENLOTESINPROCESAR,CODIGOUSUARIO,varchar(25),NO,MUL,,
FBS_CARTERA.ABONOPRESTAMOENLOTESINPROCESAR,FECHASISTEMA,datetime(3),NO,,,
FBS_CARTERA.ABONOPRESTAMOENLOTESINPROCESAR,FECHAMAQUINA,datetime(3),NO,,,
FBS_CARTERA.ABONOPRESTAMOENLOTESINPROCESAR,CONCURRENCIA,timestamp(6),YES,,,
FBS_CARTERA.ARCHIVOABONOPRESTAMOENLOTE,SECUENCIAL,int,NO,PRI,,auto_increment
FBS_CARTERA.ARCHIVOABONOPRESTAMOENLOTE,NOMBREARCHIVO,varchar(200),NO,UNI,,
FBS_CARTERA.ARCHIVOABONOPRESTAMOENLOTE,FECHASISTEMAINGRESO,datetime(3),NO,,,
FBS_CARTERA.ARCHIVOABONOPRESTAMOENLOTE,FECHAMAQUINAINGRESO,datetime(3),NO,,,
FBS_CARTERA.ARCHIVOABONOPRESTAMOENLOTE,ESTAPROCESADO,tinyint unsigned,NO,,,
FBS_CARTERA.ARCHIVOABONOPRESTAMOENLOTE,NUMEROVERIFICADOR,int,NO,,,
FBS_CARTERA.ARCHIVOABONOPRESTAMOENLOTE,CONCURRENCIA,timestamp(6),YES,,CURRENT_TIMESTAMP(6),DEFAULT_GENERATED on update CURRENT_TIMESTAMP(6)
FBS_CARTERA.ARCHIVOREPROGRAMACION,SECUENCIAL,int,NO,PRI,,auto_increment
FBS_CARTERA.ARCHIVOREPROGRAMACION,NOMBREARCHIVO,varchar(100),NO,,,
FBS_CARTERA.ARCHIVOREPROGRAMACION,FECHASISTEMAINGRESO,datetime(3),NO,,,
FBS_CARTERA.ARCHIVOREPROGRAMACION,FECHAMAQUINAINGRESO,datetime(3),NO,,,
FBS_CARTERA.ARCHIVOREPROGRAMACION,ESTAPROCESADO,tinyint unsigned,NO,,,
FBS_CARTERA.ARCHIVOREPROGRAMACION,NUMEROVERIFICADOR,int,NO,,,
FBS_CARTERA.ARCHIVOREPROGRAMACION,CONCURRENCIA,timestamp(6),YES,,CURRENT_TIMESTAMP(6),DEFAULT_GENERATED on update CURRENT_TIMESTAMP(6)
FBS_CARTERA.ARCHIVOREPROGRAMACIONDETALLE,SECUENCIAL,int,NO,PRI,,auto_increment
FBS_CARTERA.ARCHIVOREPROGRAMACIONDETALLE,SECUENCIALARCHIVOREPROGRAMACION,int,NO,MUL,,
FBS_CARTERA.ARCHIVOREPROGRAMACIONDETALLE,NUMEROPAGARE,varchar(20),NO,,,
FBS_CARTERA.ARCHIVOREPROGRAMACIONDETALLE,FECHAPRIMERACUOTA,datetime(3),NO,,,
FBS_CARTERA.ARCHIVOREPROGRAMACIONDETALLE,NUEVONUMEROCUOTAS,int,NO,,,
FBS_CARTERA.ARCHIVOREPROGRAMACIONDETALLE,ESTAPROCESADO,tinyint unsigned,NO,,,
FBS_CARTERA.ARCHIVOREPROGRAMACIONDETALLE,CONCURRENCIA,timestamp(6),YES,,CURRENT_TIMESTAMP(6),DEFAULT_GENERATED on update CURRENT_TIMESTAMP(6)
FBS_CARTERA.CALCULOUTILIDADPRESTAMO,SECUENCIAL,int,NO,PRI,,auto_increment
FBS_CARTERA.CALCULOUTILIDADPRESTAMO,SECUENCIALPRESTAMO,int,NO,MUL,,
FBS_CARTERA.CALCULOUTILIDADPRESTAMO,SECPARAMCALCULOUTILIDADPREST,int,NO,MUL,,
FBS_CARTERA.CALCULOUTILIDADPRESTAMO,VALORCALCULADO,"decimal(18,2)",NO,,,
FBS_CARTERA.CALCULOUTILIDADPRESTAMO,NUMEROCUOTASVENCIDAS,int,NO,,0,
FBS_CARTERA.CALCULOUTILIDADPRESTAMO,INTERESGENERADO,"decimal(18,2)",NO,,0.00,
FBS_CARTERA.CALCULOUTILIDADPRESTAMO,CODIGOESTADOCUENTA,varchar(1),NO,,,
FBS_CARTERA.CALCULOUTILIDADPRESTAMO,CONCURRENCIA,timestamp(6),YES,,CURRENT_TIMESTAMP(6),DEFAULT_GENERATED on update CURRENT_TIMESTAMP(6)
FBS_CARTERA.CALIFCONTCOMPINTERESREF,CODIGOCALIFICACIONCONTABLE,varchar(10),NO,PRI,,
FBS_CARTERA.CALIFCONTCOMPINTERESREF,SECUENCIALCOMPONENTECARTERAMANUAL,int,NO,MUL,,
FBS_CARTERA.CALIFCONTCOMPINTERESREF,SECUENCIALCUENTACONTABLEINGRESO,int,NO,MUL,,
FBS_CARTERA.CALIFCONTCOMPINTERESREF,SECUENCIALCUENTAPORCOBRARPROVISION,int,NO,MUL,,
FBS_CARTERA.CALIFCONTCOMPINTERESREF,SECUENCIALCUENTAGASTOPROVISION,int,NO,MUL,,
FBS_CARTERA.CALIFCONTCOMPINTERESREF,ESTAACTIVO,tinyint unsigned,NO,,,
FBS_CARTERA.CALIFCONTCOMPINTERESREF,NUMEROVERIFICADOR,int,NO,,,
FBS_CARTERA.CALIFCONTCOMPINTERESREF,CONCURRENCIA,timestamp(6),YES,,CURRENT_TIMESTAMP(6),DEFAULT_GENERATED on update CURRENT_TIMESTAMP(6)
FBS_CARTERA.CALIFICACIONINTERESPRESTAMO,SECUENCIAL,int,NO,PRI,,auto_increment
FBS_CARTERA.CALIFICACIONINTERESPRESTAMO,SECUENCIALPRESTAMO,int,NO,MUL,,
FBS_CARTERA.CALIFICACIONINTERESPRESTAMO,DIASMOROSIDAD,int,NO,,,
FBS_CARTERA.CALIFICACIONINTERESPRESTAMO,SALDOPRESTAMO,"decimal(18,2)",NO,,,
FBS_CARTERA.CALIFICACIONINTERESPRESTAMO,SALDOINTERES,"decimal(18,2)",NO,,,
FBS_CARTERA.CALIFICACIONINTERESPRESTAMO,SECUENCIALCONDCALIFINTEAUTORIGINAL,int,NO,MUL,,
FBS_CARTERA.CALIFICACIONINTERESPRESTAMO,SECUENCIALCONDICIONCALIFINTEAUT,int,NO,MUL,,
FBS_CARTERA.CALIFICACIONINTERESPRESTAMO,SECUENCIALCONDICIONCALIFINTEMANUAL,int,NO,MUL,,
FBS_CARTERA.CALIFICACIONINTERESPRESTAMO,PROVISIONAUTOMATICA,"decimal(18,2)",NO,,,
FBS_CARTERA.CALIFICACIONINTERESPRESTAMO,PROVISIONMANUAL,"decimal(18,2)",NO,,,
FBS_CARTERA.CALIFICACIONINTERESPRESTAMO,PROVISIONCONSTITUIDA,"decimal(18,2)",NO,,,
FBS_CARTERA.CALIFICACIONINTERESPRESTAMO,CODIGOUSUARIO,varchar(25),NO,MUL,,
FBS_CARTERA.CALIFICACIONINTERESPRESTAMO,FECHACALIFICACION,datetime(3),NO,MUL,,
FBS_CARTERA.CALIFICACIONINTERESPRESTAMO,FECHAMAQUINA,datetime(3),NO,,,
FBS_CARTERA.CALIFICACIONINTERESPRESTAMO,NUMEROVERIFICADOR,int,NO,,,
FBS_CARTERA.CALIFICACIONINTERESPRESTAMO,PROVISIONORIGINAL,"decimal(18,2)",NO,,,
FBS_CARTERA.CALIFICACIONINTERESPRESTAMO,ESHOMOLOGADA,tinyint unsigned,NO,,,
FBS_CARTERA.CALIFICACIONINTERESPRESTAMO,PROVISIONVOLUNTARIA,"decimal(18,2)",NO,,,
FBS_CARTERA.CALIFICACIONINTERESPRESTAMO,CONCURRENCIA,timestamp(6),YES,,CURRENT_TIMESTAMP(6),DEFAULT_GENERATED on update CURRENT_TIMESTAMP(6)
FBS_CARTERA.CALIFICACIONMANUALPRESTAMO,SECUENCIAL,int,NO,PRI,,auto_increment
FBS_CARTERA.CALIFICACIONMANUALPRESTAMO,SECUENCIALPRESTAMO,int,NO,MUL,,
FBS_CARTERA.CALIFICACIONMANUALPRESTAMO,SECUENCIALCONDICIONCALIF,int,NO,MUL,,
FBS_CARTERA.CALIFICACIONMANUALPRESTAMO,CODIGOUSUARIOINGRESO,varchar(25),NO,MUL,,
FBS_CARTERA.CALIFICACIONMANUALPRESTAMO,FECHACALIFICACION,datetime(3),NO,,,
FBS_CARTERA.CALIFICACIONMANUALPRESTAMO,FECHAINGRESO,datetime(3),NO,,,
FBS_CARTERA.CALIFICACIONMANUALPRESTAMO,FECHAMAQUINA,datetime(3),NO,,,
FBS_CARTERA.CALIFICACIONMANUALPRESTAMO,NUMEROVERIFICADOR,int,NO,,,
FBS_CARTERA.CALIFICACIONMANUALPRESTAMO,CONCURRENCIA,timestamp(6),YES,,CURRENT_TIMESTAMP(6),DEFAULT_GENERATED on update CURRENT_TIMESTAMP(6)
FBS_CARTERA.CALIFICACIONPRESTAMO,SECUENCIAL,int,NO,PRI,,auto_increment
FBS_CARTERA.CALIFICACIONPRESTAMO,SECUENCIALPRESTAMO,int,NO,MUL,,
FBS_CARTERA.CALIFICACIONPRESTAMO,DIASMOROSIDAD,int,NO,,,
FBS_CARTERA.CALIFICACIONPRESTAMO,SALDOPRESTAMO,"decimal(18,2)",NO,,,
FBS_CARTERA.CALIFICACIONPRESTAMO,SECUENCIALCONDICIONCALIFAUT,int,NO,MUL,,
FBS_CARTERA.CALIFICACIONPRESTAMO,SECUENCIALCONDICIONCALIFMANUAL,int,NO,MUL,,
FBS_CARTERA.CALIFICACIONPRESTAMO,PROVISIONAUTOMATICA,"decimal(18,2)",NO,,,
FBS_CARTERA.CALIFICACIONPRESTAMO,PROVISIONMANUAL,"decimal(18,2)",NO,,,
FBS_CARTERA.CALIFICACIONPRESTAMO,PROVISIONCONSTITUIDA,"decimal(18,2)",NO,,,
FBS_CARTERA.CALIFICACIONPRESTAMO,CODIGOUSUARIO,varchar(25),NO,MUL,,
FBS_CARTERA.CALIFICACIONPRESTAMO,FECHACALIFICACION,datetime(3),NO,MUL,,
FBS_CARTERA.CALIFICACIONPRESTAMO,FECHAMAQUINA,datetime(3),NO,,,
FBS_CARTERA.CALIFICACIONPRESTAMO,NUMEROVERIFICADOR,int,NO,,,
FBS_CARTERA.CALIFICACIONPRESTAMO,PROVISIONORIGINAL,"decimal(18,2)",NO,,,
FBS_CARTERA.CALIFICACIONPRESTAMO,ESHOMOLOGADA,tinyint unsigned,NO,,,
FBS_CARTERA.CALIFICACIONPRESTAMO,SECUENCIALCONDCALIFAUTORIGINAL,int,NO,MUL,,
FBS_CARTERA.CALIFICACIONPRESTAMO,PROVISIONVOLUNTARIA,"decimal(18,2)",NO,,0.00,
FBS_CARTERA.CALIFICACIONPRESTAMO,PROVISIONFONDEADOR,"decimal(18,2)",NO,,0.00,
FBS_CARTERA.CALIFICACIONPRESTAMO,CONCURRENCIA,timestamp(6),YES,,CURRENT_TIMESTAMP(6),DEFAULT_GENERATED on update CURRENT_TIMESTAMP(6)
FBS_CARTERA.CALIFPRESTAMOHOMOLOGACION,SECUENCIAL,int,NO,PRI,,auto_increment
FBS_CARTERA.CALIFPRESTAMOHOMOLOGACION,SECUENCIALCALIFICACIONPRESTAMO,int,NO,MUL,,
FBS_CARTERA.CALIFPRESTAMOHOMOLOGACION,SECUENCIALCONDICIONCALIFAUT,int,NO,MUL,,
FBS_CARTERA.CALIFPRESTAMOHOMOLOGACION,PROVISION,"decimal(18,2)",NO,,,
FBS_CARTERA.CALIFPRESTAMOHOMOLOGACION,CODIGOTIPOHOMOLOGACION,varchar(4),NO,MUL,,
FBS_CARTERA.CALIFPRESTAMOHOMOLOGACION,CONCURRENCIA,timestamp(6),YES,,CURRENT_TIMESTAMP(6),DEFAULT_GENERATED on update CURRENT_TIMESTAMP(6)
FBS_CARTERA.CAMBIOASESOR,SECUENCIAL,int,NO,PRI,,auto_increment
FBS_CARTERA.CAMBIOASESOR,FECHASISTEMA,datetime(3),NO,,,
FBS_CARTERA.CAMBIOASESOR,FECHAMAQUINA,datetime(3),NO,,,
FBS_CARTERA.CAMBIOASESOR,CODIGOUSUARIO,varchar(25),NO,MUL,,
FBS_CARTERA.CAMBIOASESOR,ASESORANTERIOR,varchar(25),NO,,,
FBS_CARTERA.CAMBIOASESOR,ASESORREASIGNADO,varchar(25),NO,,,
FBS_CARTERA.CAMBIOASESOR,SALDOTOTAL,"decimal(18,2)",NO,,,
FBS_CARTERA.CAMBIOASESOR,CONCURRENCIA,timestamp(6),YES,,CURRENT_TIMESTAMP(6),DEFAULT_GENERATED on update CURRENT_TIMESTAMP(6)
FBS_CARTERA.CAMBIOASESOR_DETALLE,SECUENCIAL,int,NO,PRI,,auto_increment
FBS_CARTERA.CAMBIOASESOR_DETALLE,SECUENCIALCAMBIOASESOR,int,NO,MUL,,
FBS_CARTERA.CAMBIOASESOR_DETALLE,SECUENCIALPRESTAMO,int,NO,MUL,,
FBS_CARTERA.CAMBIOASESOR_DETALLE,SALDOCAPITAL,"decimal(18,2)",NO,,,
FBS_CARTERA.CAMBIOASESOR_DETALLE,DIASMOROSIDAD,int,NO,,,
FBS_CARTERA.CAMBIOASESOR_DETALLE,CONCURRENCIA,timestamp(6),YES,,CURRENT_TIMESTAMP(6),DEFAULT_GENERATED on update CURRENT_TIMESTAMP(6)
FBS_CARTERA.COMENTARIO,SECUENCIAL,int,NO,PRI,,auto_increment
FBS_CARTERA.COMENTARIO,SECUENCIALPRESTAMO,int,NO,MUL,,
FBS_CARTERA.COMENTARIO,SECUENCIALTIPOCOMENTARIO,int,NO,MUL,,
FBS_CARTERA.COMENTARIO,DETALLE,varchar(500),NO,,,
FBS_CARTERA.COMENTARIO,FECHASISTEMA,datetime(3),NO,,,
FBS_CARTERA.COMENTARIO,FECHAMAQUINA,datetime(3),NO,,,
FBS_CARTERA.COMENTARIO,CODIGOUSUARIO,varchar(25),NO,MUL,,
FBS_CARTERA.COMENTARIO,ESTAACTIVO,tinyint unsigned,NO,,,
FBS_CARTERA.COMENTARIO,NUMEROVERIFICADOR,int,NO,,,
FBS_CARTERA.COMENTARIO,CONCURRENCIA,timestamp(6),YES,,CURRENT_TIMESTAMP(6),DEFAULT_GENERATED on update CURRENT_TIMESTAMP(6)
FBS_CARTERA.COMPCARTPORCENTAJENOTIFICACION,SECUENCIAL,int,NO,PRI,,auto_increment
FBS_CARTERA.COMPCARTPORCENTAJENOTIFICACION,SECUENCIALCOMPONENTECARTERA,int,NO,MUL,,
FBS_CARTERA.COMPCARTPORCENTAJENOTIFICACION,CODIGOTIPOPRESTAMO,char(10),NO,MUL,,
FBS_CARTERA.COMPCARTPORCENTAJENOTIFICACION,DIAPARANOTIFICACION,int,NO,,,
FBS_CARTERA.COMPCARTPORCENTAJENOTIFICACION,PORCENTAJECALCULO,"decimal(18,2)",NO,,,
FBS_CARTERA.COMPCARTPORCENTAJENOTIFICACION,ESTAACTIVO,tinyint unsigned,NO,,,
FBS_CARTERA.COMPCARTPORCENTAJENOTIFICACION,NUMEROVERIFICADOR,int,NO,,,
FBS_CARTERA.COMPCARTPORCENTAJENOTIFICACION,CONCURRENCIA,timestamp(6),YES,,CURRENT_TIMESTAMP(6),DEFAULT_GENERATED on update CURRENT_TIMESTAMP(6)
FBS_CARTERA.COMPONENTECARVALORNOTIFICACION,SECUENCIAL,int,NO,PRI,,auto_increment
FBS_CARTERA.COMPONENTECARVALORNOTIFICACION,SECUENCIALCOMPONENTECARTERA,int,NO,MUL,,
FBS_CARTERA.COMPONENTECARVALORNOTIFICACION,CODIGOTIPOPRESTAMO,char(10),NO,MUL,,
FBS_CARTERA.COMPONENTECARVALORNOTIFICACION,MONTODEUDAFINALPRESTAMO,"decimal(18,2)",NO,,,
FBS_CARTERA.COMPONENTECARVALORNOTIFICACION,MONTODEUDAINICIALPRESTAMO,"decimal(18,2)",NO,,,
FBS_CARTERA.COMPONENTECARVALORNOTIFICACION,VALORNOTIFICACION,"decimal(18,2)",NO,,,
FBS_CARTERA.COMPONENTECARVALORNOTIFICACION,DIASPARANOTIFICACION,int,NO,,,
FBS_CARTERA.COMPONENTECARVALORNOTIFICACION,ESTAACTIVO,tinyint unsigned,NO,,,
FBS_CARTERA.COMPONENTECARVALORNOTIFICACION,NUMEROVERIFICADOR,int,NO,,,
FBS_CARTERA.COMPONENTECARVALORNOTIFICACION,CONCURRENCIA,timestamp(6),YES,,CURRENT_TIMESTAMP(6),DEFAULT_GENERATED on update CURRENT_TIMESTAMP(6)
FBS_CARTERA.COMPONENTE_CARTERA,SECUENCIALCOMPONENTE,int,NO,PRI,,
FBS_CARTERA.COMPONENTE_CARTERA,PRIORIDADCOBRO,int,NO,,,
FBS_CARTERA.COMPONENTE_CARTERA,CODIGOINSTANCIACALCULO,varchar(20),NO,MUL,,
FBS_CARTERA.COMPONENTE_CARTERA,CODIGOINSTANCIACREACION,varchar(20),NO,MUL,,
FBS_CARTERA.COMPONENTE_CARTERA,SECUENCIALTIPOCOMPONENTECAR,int,NO,MUL,,
FBS_CARTERA.COMPONENTE_CARTERA,ESFACTURABLE,tinyint unsigned,NO,,0,
FBS_CARTERA.COMPONENTE_CARTERA,GENERASALDODIFERIDO,tinyint unsigned,NO,,,
FBS_CARTERA.COMPONENTE_CARTERA,AFECTAPAGOABOGADO,tinyint unsigned,NO,,0,
FBS_CARTERA.COMPONENTE_CARTERA,CONCURRENCIA,timestamp(6),YES,,CURRENT_TIMESTAMP(6),DEFAULT_GENERATED on update CURRENT_TIMESTAMP(6)
FBS_CARTERA.COMPONENTE_CARTERA_ADICIONAL,SECUENCIALCOMPONENTECARTERA,int,NO,PRI,,
FBS_CARTERA.COMPONENTE_CARTERA_ADICIONAL,NOMBREMETODO,varchar(50),NO,,,
FBS_CARTERA.COMPONENTE_CARTERA_ADICIONAL,ESSEGURODESGRAVAMEN,tinyint unsigned,NO,,,
FBS_CARTERA.COMPONENTE_CARTERA_ADICIONAL,CONCURRENCIA,timestamp(6),YES,,CURRENT_TIMESTAMP(6),DEFAULT_GENERATED on update CURRENT_TIMESTAMP(6)
FBS_CARTERA.COMPONENTE_CARTERA_CAPITAL,SECUENCIALCOMPONENTECARTERA,int,NO,PRI,,
FBS_CARTERA.COMPONENTE_CARTERA_CAPITAL,ACEPTAREDUCCIONVALORCUOTA,tinyint unsigned,NO,,,
FBS_CARTERA.COMPONENTE_CARTERA_CAPITAL,ACEPTAREDUCCIONTIEMPO,tinyint unsigned,NO,,,
FBS_CARTERA.COMPONENTE_CARTERA_CAPITAL,ACEPTACLASIFICACION,tinyint unsigned,NO,,,
FBS_CARTERA.COMPONENTE_CARTERA_CAPITAL,CONCURRENCIA,timestamp(6),YES,,CURRENT_TIMESTAMP(6),DEFAULT_GENERATED on update CURRENT_TIMESTAMP(6)
FBS_CARTERA.COMPONENTE_CARTERA_CASTIGO,SECUENCIALCOMPONENTECARTERA,int,NO,PRI,,
FBS_CARTERA.COMPONENTE_CARTERA_CASTIGO,ESCAPITAL,tinyint unsigned,NO,,,
FBS_CARTERA.COMPONENTE_CARTERA_CASTIGO,CONCURRENCIA,timestamp(6),YES,,CURRENT_TIMESTAMP(6),DEFAULT_GENERATED on update CURRENT_TIMESTAMP(6)
FBS_CARTERA.COMPONENTE_CARTERA_CTAORDEN,SECUENCIALCOMPONENTECARTERA,int,NO,PRI,,
FBS_CARTERA.COMPONENTE_CARTERA_CTAORDEN,SECCUENTACONTABLEDEUDORA,int,NO,MUL,,
FBS_CARTERA.COMPONENTE_CARTERA_CTAORDEN,SECCUENTACONTABLEACREEDORA,int,NO,MUL,,
FBS_CARTERA.COMPONENTE_CARTERA_CTAORDEN,SECCTACTBLEPORPAGARFIDEICOMISO,int,NO,,,
FBS_CARTERA.COMPONENTE_CARTERA_CTAORDEN,CONCURRENCIA,timestamp(6),YES,,CURRENT_TIMESTAMP(6),DEFAULT_GENERATED on update CURRENT_TIMESTAMP(6)
FBS_CARTERA.COMPONENTE_CARTERA_ENLINEA,SECUENCIALCOMPONENTECARTERA,int,NO,PRI,,
FBS_CARTERA.COMPONENTE_CARTERA_ENLINEA,NOMBREMETODO,varchar(50),NO,,,
FBS_CARTERA.COMPONENTE_CARTERA_ENLINEA,CONCURRENCIA,timestamp(6),YES,,CURRENT_TIMESTAMP(6),DEFAULT_GENERATED on update CURRENT_TIMESTAMP(6)
FBS_CARTERA.COMPONENTE_CARTERA_MANUAL,SECUENCIALCOMPONENTECARTERA,int,NO,PRI,,
FBS_CARTERA.COMPONENTE_CARTERA_MANUAL,ESPARACASTIGADOS,tinyint unsigned,NO,,,
FBS_CARTERA.COMPONENTE_CARTERA_MANUAL,ESPARAABOGADO,tinyint unsigned,NO,,0,
FBS_CARTERA.COMPONENTE_CARTERA_MANUAL,GENERAPAGOENREGISTRO,tinyint unsigned,NO,,0,
FBS_CARTERA.COMPONENTE_CARTERA_MANUAL,CONCURRENCIA,timestamp(6),YES,,CURRENT_TIMESTAMP(6),DEFAULT_GENERATED on update CURRENT_TIMESTAMP(6)
FBS_CARTERA.COMPONENTE_CARTERA_MANUAL_COMPENSACION,SECUENCIALCOMPONENTECARTERAMANUAL,int,NO,PRI,,
FBS_CARTERA.COMPONENTE_CARTERA_MANUAL_COMPENSACION,SECUENCIALCUENTACONTABLEINGRESO,int,NO,MUL,,
FBS_CARTERA.COMPONENTE_CARTERA_MANUAL_COMPENSACION,NUMEROVERIFICADOR,int,NO,,,
FBS_CARTERA.COMPONENTE_CARTERA_MANUAL_COMPENSACION,CONCURRENCIA,timestamp(6),YES,,CURRENT_TIMESTAMP(6),DEFAULT_GENERATED on update CURRENT_TIMESTAMP(6)
FBS_CARTERA.COMPONENTE_CARTERA_MORA,SECUENCIALCOMPONENTECARTERA,int,NO,PRI,,
FBS_CARTERA.COMPONENTE_CARTERA_MORA,SECUENCIALCOMPONENTECARTASA,int,NO,MUL,,
FBS_CARTERA.COMPONENTE_CARTERA_MORA,MULTIPLO,"decimal(18,2)",NO,,,
FBS_CARTERA.COMPONENTE_CARTERA_MORA,ESMORA,tinyint unsigned,NO,,,
FBS_CARTERA.COMPONENTE_CARTERA_MORA,CONCURRENCIA,timestamp(6),YES,,CURRENT_TIMESTAMP(6),DEFAULT_GENERATED on update CURRENT_TIMESTAMP(6)
FBS_CARTERA.COMPONENTE_CARTERA_TASA,SECUENCIALCOMPONENTECARTERA,int,NO,PRI,,
FBS_CARTERA.COMPONENTE_CARTERA_TASA,ESREAJUSTABLE,tinyint unsigned,NO,,,
FBS_CARTERA.COMPONENTE_CARTERA_TASA,CODIGOTIPOTASA,char(2),NO,MUL,,
FBS_CARTERA.COMPONENTE_CARTERA_TASA,DEVENGA,tinyint unsigned,NO,,,
FBS_CARTERA.COMPONENTE_CARTERA_TASA,CONCURRENCIA,timestamp(6),YES,,CURRENT_TIMESTAMP(6),DEFAULT_GENERATED on update CURRENT_TIMESTAMP(6)
FBS_CARTERA.COMPONENTE_CARTERA_TITULARIZA,SECUENCIALCOMPONENTECARTERA,int,NO,PRI,,
FBS_CARTERA.COMPONENTE_CARTERA_TITULARIZA,SECCUENTACONTABLEDEUDORA,int,NO,MUL,,
FBS_CARTERA.COMPONENTE_CARTERA_TITULARIZA,SECCUENTACONTABLEACREEDORA,int,NO,MUL,,
FBS_CARTERA.COMPONENTE_CARTERA_TITULARIZA,CONCURRENCIA,timestamp(6),YES,,CURRENT_TIMESTAMP(6),DEFAULT_GENERATED on update CURRENT_TIMESTAMP(6)
FBS_CARTERA.COMPONENTE_CAR_ADIC_ACREDVIS,SECUENCIALCOMPONENTECARADIC,int,NO,PRI,,
FBS_CARTERA.COMPONENTE_CAR_ADIC_ACREDVIS,SECUENCIALCOMPONENTEVISTAACRED,int,NO,MUL,,
FBS_CARTERA.COMPONENTE_CAR_ADIC_ACREDVIS,SECUENCIALCOMPCAUPARAACREDVIS,int,NO,MUL,,
FBS_CARTERA.COMPONENTE_CAR_ADIC_ACREDVIS,ESTAACTIVO,tinyint unsigned,NO,,,
FBS_CARTERA.COMPONENTE_CAR_ADIC_ACREDVIS,CONCURRENCIA,timestamp(6),YES,,CURRENT_TIMESTAMP(6),DEFAULT_GENERATED on update CURRENT_TIMESTAMP(6)
FBS_CARTERA.COMPONENTE_CAR_ADIC_RANGOSEGURO,SECUENCIAL,int,NO,PRI,,auto_increment
FBS_CARTERA.COMPONENTE_CAR_ADIC_RANGOSEGURO,SECUENCIALCOMPONENTECARADIC,int,NO,MUL,,
FBS_CARTERA.COMPONENTE_CAR_ADIC_RANGOSEGURO,EDADINICIO,int,NO,,,
FBS_CARTERA.COMPONENTE_CAR_ADIC_RANGOSEGURO,EDADFIN,int,NO,,,
FBS_CARTERA.COMPONENTE_CAR_ADIC_RANGOSEGURO,SECUENCIALMONEDA,int,NO,MUL,,
FBS_CARTERA.COMPONENTE_CAR_ADIC_RANGOSEGURO,MONTOMAXIMOASEGURABLE,"decimal(18,2)",NO,,,
FBS_CARTERA.COMPONENTE_CAR_ADIC_RANGOSEGURO,PARACALCULOCONUIT,tinyint unsigned,NO,,,
FBS_CARTERA.COMPONENTE_CAR_ADIC_RANGOSEGURO,ESTAACTIVO,tinyint unsigned,NO,,,
FBS_CARTERA.COMPONENTE_CAR_ADIC_RANGOSEGURO,NUMEROVERIFICADOR,int,NO,,,
FBS_CARTERA.COMPONENTE_CAR_ADIC_RANGOSEGURO,CONCURRENCIA,timestamp(6),YES,,CURRENT_TIMESTAMP(6),DEFAULT_GENERATED on update CURRENT_TIMESTAMP(6)
FBS_CARTERA.COMPONENTE_CAR_PROCESOCASTIGO,SECUENCIALCOMPONENTECARTERA,int,NO,PRI,,
FBS_CARTERA.COMPONENTE_CAR_PROCESOCASTIGO,SECUENCIALCOMPONENTECARCASTIGO,int,NO,MUL,,
FBS_CARTERA.COMPONENTE_CAR_PROCESOCASTIGO,ESTAACTIVO,tinyint unsigned,NO,,,
FBS_CARTERA.COMPONENTE_CAR_PROCESOCASTIGO,CONCURRENCIA,timestamp(6),YES,,CURRENT_TIMESTAMP(6),DEFAULT_GENERATED on update CURRENT_TIMESTAMP(6)
FBS_CARTERA.COMP_CARTERA_CALICONTCTASORDEN,SECUENCIAL,int,NO,PRI,,auto_increment
FBS_CARTERA.COMP_CARTERA_CALICONTCTASORDEN,SECUENCIALCOMPONENTECARTERA,int,NO,MUL,,
FBS_CARTERA.COMP_CARTERA_CALICONTCTASORDEN,CODIGOCALIFICACIONCONTABLE,varchar(10),NO,MUL,,
FBS_CARTERA.COMP_CARTERA_CALICONTCTASORDEN,SECUENCIALCUENTACONTDEUDORA,int,NO,MUL,,
FBS_CARTERA.COMP_CARTERA_CALICONTCTASORDEN,SECUENCIALCUENTACONTACREEDORA,int,NO,MUL,,
FBS_CARTERA.COMP_CARTERA_CALICONTCTASORDEN,ESTAACTIVO,tinyint unsigned,NO,,,
FBS_CARTERA.COMP_CARTERA_CALICONTCTASORDEN,NUMEROVERIFICADOR,int,NO,,,
FBS_CARTERA.COMP_CARTERA_CALICONTCTASORDEN,CONCURRENCIA,timestamp(6),YES,,CURRENT_TIMESTAMP(6),DEFAULT_GENERATED on update CURRENT_TIMESTAMP(6)
FBS_CARTERA.COMP_CARTERA_CASTIGOCALIFCBLE,SECUENCIAL,int,NO,PRI,,auto_increment
FBS_CARTERA.COMP_CARTERA_CASTIGOCALIFCBLE,SECUENCIALCOMPCARTERACASTIGO,int,NO,MUL,,
FBS_CARTERA.COMP_CARTERA_CASTIGOCALIFCBLE,CODIGOCALIFICACIONCONTABLE,varchar(10),NO,MUL,,
FBS_CARTERA.COMP_CARTERA_CASTIGOCALIFCBLE,SECUENCIALCUENTACONTABLEPROVIS,int,NO,MUL,,
FBS_CARTERA.COMP_CARTERA_CASTIGOCALIFCBLE,SECUENCIALCUENTACONTABLEPAGO,int,NO,MUL,,
FBS_CARTERA.COMP_CARTERA_CASTIGOCALIFCBLE,SECCTACBLEORDENDEUDORA,int,NO,MUL,,
FBS_CARTERA.COMP_CARTERA_CASTIGOCALIFCBLE,SECCTACBLEORDENACREEDORA,int,NO,MUL,,
FBS_CARTERA.COMP_CARTERA_CASTIGOCALIFCBLE,ESTAACTIVO,tinyint unsigned,NO,,,
FBS_CARTERA.COMP_CARTERA_CASTIGOCALIFCBLE,NUMEROVERIFICADOR,int,NO,,,
FBS_CARTERA.COMP_CARTERA_CASTIGOCALIFCBLE,CONCURRENCIA,timestamp(6),YES,,CURRENT_TIMESTAMP(6),DEFAULT_GENERATED on update CURRENT_TIMESTAMP(6)
FBS_CARTERA.CONDCALIFPRESTSUBCALIFCONT,SECUENCIAL,int,NO,PRI,,auto_increment
FBS_CARTERA.CONDCALIFPRESTSUBCALIFCONT,SECUENCIALCONDCALIFPRESTAMO,int,NO,MUL,,
FBS_CARTERA.CONDCALIFPRESTSUBCALIFCONT,CODIGOSUBCALIFICACIONCONT,varchar(10),NO,MUL,,
FBS_CARTERA.CONDCALIFPRESTSUBCALIFCONT,DIASINICIO,int,NO,,,
FBS_CARTERA.CONDCALIFPRESTSUBCALIFCONT,DIASFINAL,int,NO,,,
FBS_CARTERA.CONDCALIFPRESTSUBCALIFCONT,ESTAACTIVO,tinyint unsigned,NO,,,
FBS_CARTERA.CONDCALIFPRESTSUBCALIFCONT,NUMEROVERIFICADOR,int,NO,,,
FBS_CARTERA.CONDCALIFPRESTSUBCALIFCONT,CONCURRENCIA,timestamp(6),YES,,CURRENT_TIMESTAMP(6),DEFAULT_GENERATED on update CURRENT_TIMESTAMP(6)
FBS_CARTERA.CONDICIONCALIFICACIONINTERESPRESTAMO,SECUENCIAL,int,NO,PRI,,auto_increment
FBS_CARTERA.CONDICIONCALIFICACIONINTERESPRESTAMO,SECUENCIALEMPRESA,int,NO,MUL,,
FBS_CARTERA.CONDICIONCALIFICACIONINTERESPRESTAMO,CODIGOCALIFICACIONCONTABLE,varchar(10),NO,MUL,,
FBS_CARTERA.CONDICIONCALIFICACIONINTERESPRESTAMO,LETRACALIFICACION,varchar(3),NO,,,
FBS_CARTERA.CONDICIONCALIFICACIONINTERESPRESTAMO,DIAINICIO,int,NO,,,
FBS_CARTERA.CONDICIONCALIFICACIONINTERESPRESTAMO,DIAFINAL,int,NO,,,
FBS_CARTERA.CONDICIONCALIFICACIONINTERESPRESTAMO,PORCENTAJEMINIMO,"decimal(18,2)",NO,,,
FBS_CARTERA.CONDICIONCALIFICACIONINTERESPRESTAMO,PORCENTAJEMAXIMO,"decimal(18,2)",NO,,,
FBS_CARTERA.CONDICIONCALIFICACIONINTERESPRESTAMO,PORCENTAJEFIJO,"decimal(18,2)",NO,,,
FBS_CARTERA.CONDICIONCALIFICACIONINTERESPRESTAMO,CODIGOUSUARIOINGRESO,varchar(25),NO,MUL,,
FBS_CARTERA.CONDICIONCALIFICACIONINTERESPRESTAMO,CODIGOTIPOCATEGORIACALIFICACION,varchar(10),NO,MUL,,
FBS_CARTERA.CONDICIONCALIFICACIONINTERESPRESTAMO,SECUENCIALCUENTACONTABLEPROVISION,int,NO,MUL,,
FBS_CARTERA.CONDICIONCALIFICACIONINTERESPRESTAMO,SECUENCIALCUENTACONTABLEGASTO,int,NO,MUL,,
FBS_CARTERA.CONDICIONCALIFICACIONINTERESPRESTAMO,SECUENCIALCUENTACONTABLEINGRESO,int,NO,MUL,,
FBS_CARTERA.CONDICIONCALIFICACIONINTERESPRESTAMO,FECHAINICIO,datetime(3),NO,,,
FBS_CARTERA.CONDICIONCALIFICACIONINTERESPRESTAMO,FECHAMAQUINAINICIO,datetime(3),NO,,,
FBS_CARTERA.CONDICIONCALIFICACIONINTERESPRESTAMO,ESTAACTIVA,tinyint unsigned,NO,,,
FBS_CARTERA.CONDICIONCALIFICACIONINTERESPRESTAMO,CONCURRENCIA,timestamp(6),YES,,CURRENT_TIMESTAMP(6),DEFAULT_GENERATED on update CURRENT_TIMESTAMP(6)
FBS_CARTERA.CONDICIONCALIFICACIONPRESTAMO,SECUENCIAL,int,NO,PRI,,auto_increment
FBS_CARTERA.CONDICIONCALIFICACIONPRESTAMO,SECUENCIALEMPRESA,int,NO,MUL,,
FBS_CARTERA.CONDICIONCALIFICACIONPRESTAMO,CODIGOCALIFICACIONCONTABLE,varchar(10),NO,MUL,,
FBS_CARTERA.CONDICIONCALIFICACIONPRESTAMO,LETRACALIFICACION,varchar(3),NO,,,
FBS_CARTERA.CONDICIONCALIFICACIONPRESTAMO,DIAINICIO,int,NO,,,
FBS_CARTERA.CONDICIONCALIFICACIONPRESTAMO,DIAFINAL,int,NO,,,
FBS_CARTERA.CONDICIONCALIFICACIONPRESTAMO,PORCENTAJEMINIMO,"decimal(18,2)",NO,,,
FBS_CARTERA.CONDICIONCALIFICACIONPRESTAMO,PORCENTAJEMAXIMO,"decimal(18,2)",NO,,,
FBS_CARTERA.CONDICIONCALIFICACIONPRESTAMO,PORCENTAJEFIJO,"decimal(18,2)",NO,,,
FBS_CARTERA.CONDICIONCALIFICACIONPRESTAMO,CODIGOUSUARIOINGRESO,varchar(25),NO,MUL,,
FBS_CARTERA.CONDICIONCALIFICACIONPRESTAMO,FECHAINICIO,datetime(3),NO,,,
FBS_CARTERA.CONDICIONCALIFICACIONPRESTAMO,FECHAMAQUINAINICIO,datetime(3),NO,,,
FBS_CARTERA.CONDICIONCALIFICACIONPRESTAMO,ESTAACTIVA,tinyint unsigned,NO,,,
FBS_CARTERA.CONDICIONCALIFICACIONPRESTAMO,REQUIERESUBCALIFICACIONCONTABLE,tinyint unsigned,NO,,,
FBS_CARTERA.CONDICIONCALIFICACIONPRESTAMO,CODIGOTIPOCATEGORIACALIFICACION,varchar(10),NO,MUL,0,
FBS_CARTERA.CONDICIONCALIFICACIONPRESTAMO,SECUENCIALCUENTACONTABLEPROVISION,int,NO,MUL,,
FBS_CARTERA.CONDICIONCALIFICACIONPRESTAMO,SECUENCIALCUENTACONTABLEGASTO,int,NO,MUL,,
FBS_CARTERA.CONDICIONCALIFICACIONPRESTAMO,SECUENCIALCUENTACONTABLEINGRESO,int,NO,MUL,,
FBS_CARTERA.CONDICIONCALIFICACIONPRESTAMO,PORCENTAJEFONDEADOR,"decimal(18,2)",NO,,0.00,
FBS_CARTERA.CONDICIONCALIFICACIONPRESTAMO,CONCURRENCIA,timestamp(6),YES,,CURRENT_TIMESTAMP(6),DEFAULT_GENERATED on update CURRENT_TIMESTAMP(6)
FBS_CARTERA.CONDICIONREPORTEMOROSIDAD,SECUENCIAL,int,NO,PRI,,auto_increment
FBS_CARTERA.CONDICIONREPORTEMOROSIDAD,ETIQUETA,varchar(20),NO,,,
FBS_CARTERA.CONDICIONREPORTEMOROSIDAD,SECUENCIALEMPRESA,int,NO,MUL,,
FBS_CARTERA.CONDICIONREPORTEMOROSIDAD,RANGOINICIAL,int,NO,,,
FBS_CARTERA.CONDICIONREPORTEMOROSIDAD,RANGOFINAL,int,NO,,,
FBS_CARTERA.CONDICIONREPORTEMOROSIDAD,ESPORDIAS,tinyint unsigned,NO,,,
FBS_CARTERA.CONDICIONREPORTEMOROSIDAD,ESTAACTIVO,tinyint unsigned,NO,,,
FBS_CARTERA.CONDICIONREPORTEMOROSIDAD,NUMEROVERIFICADOR,int,NO,,,
FBS_CARTERA.CONDICIONREPORTEMOROSIDAD,CONCURRENCIA,timestamp(6),YES,,CURRENT_TIMESTAMP(6),DEFAULT_GENERATED on update CURRENT_TIMESTAMP(6)
FBS_CARTERA.DEVENGADO,SECUENCIAL,int,NO,PRI,,auto_increment
FBS_CARTERA.DEVENGADO,CODIGO,varchar(50),NO,,,
FBS_CARTERA.DEVENGADO,DESCRIPCION,varchar(50),NO,,,
FBS_CARTERA.DEVENGADO,PRIORIDADCOBRO,int,NO,,,
FBS_CARTERA.DEVENGADO,ESTAACTIVA,tinyint unsigned,NO,,,
FBS_CARTERA.DEVENGADO,NUMEROVERIFICADOR,int,NO,,,
FBS_CARTERA.DEVENGADO,GENERAPROVISION,tinyint unsigned,NO,,,
FBS_CARTERA.DEVENGADO,CONCURRENCIA,timestamp(6),YES,,CURRENT_TIMESTAMP(6),DEFAULT_GENERATED on update CURRENT_TIMESTAMP(6)
FBS_CARTERA.DEVENGADOCALIFICACIONCONTABLE,SECUENCIAL,int,NO,PRI,,auto_increment
FBS_CARTERA.DEVENGADOCALIFICACIONCONTABLE,SECUENCIALDEVENGADO,int,NO,MUL,,
FBS_CARTERA.DEVENGADOCALIFICACIONCONTABLE,CODIGOCALIFICACIONCONTABLE,varchar(10),NO,MUL,,
FBS_CARTERA.DEVENGADOCALIFICACIONCONTABLE,CODIGOTIPOTASA,char(2),NO,MUL,,
FBS_CARTERA.DEVENGADOCALIFICACIONCONTABLE,NUMEROVERIFICADOR,int,NO,,,
FBS_CARTERA.DEVENGADOCALIFICACIONCONTABLE,CONCURRENCIA,timestamp(6),YES,,CURRENT_TIMESTAMP(6),DEFAULT_GENERATED on update CURRENT_TIMESTAMP(6)
FBS_CARTERA.EMPRESAPARAM_TITULARIZACION,SECUENCIALEMPRESA,int,NO,PRI,,
FBS_CARTERA.EMPRESAPARAM_TITULARIZACION,CODIGOTIPOPRESTAMOTITULARIZACI,char(10),NO,MUL,,
FBS_CARTERA.EMPRESAPARAM_TITULARIZACION,CTACBLEORDENACREPAGARES,int,NO,,,
FBS_CARTERA.EMPRESAPARAM_TITULARIZACION,CTACBLEORDENDEUPAGARES,int,NO,,,
FBS_CARTERA.EMPRESAPARAM_TITULARIZACION,CTACBLEORDENACREHIPOTECAS,int,NO,,,
FBS_CARTERA.EMPRESAPARAM_TITULARIZACION,CTACBLEORDENDEUDORAHIPOTECAS,int,NO,,,
FBS_CARTERA.EMPRESAPARAM_TITULARIZACION,CTACBLEDERECHOSFIDUCIARIOS,int,NO,,,
FBS_CARTERA.EMPRESAPARAM_TITULARIZACION,NUMEROVERIFICADOR,int,NO,,,
FBS_CARTERA.EMPRESAPARAM_TITULARIZACION,CONCURRENCIA,timestamp(6),YES,,CURRENT_TIMESTAMP(6),DEFAULT_GENERATED on update CURRENT_TIMESTAMP(6)
FBS_CARTERA.EMPRESA_PARAMETROADICIONALCAR,SECUENCIALEMPRESA,int,NO,PRI,,
FBS_CARTERA.EMPRESA_PARAMETROADICIONALCAR,GUARDACLASIFICACION,tinyint unsigned,NO,,,
FBS_CARTERA.EMPRESA_PARAMETROADICIONALCAR,NUMEROVERIFICADOR,int,NO,,,
FBS_CARTERA.EMPRESA_PARAMETROADICIONALCAR,CONCURRENCIA,timestamp(6),YES,,CURRENT_TIMESTAMP(6),DEFAULT_GENERATED on update CURRENT_TIMESTAMP(6)
FBS_CARTERA.EMPRESA_PARAMETROCAUGCIONCAR,SECUENCIALEMPRESA,int,NO,PRI,,
FBS_CARTERA.EMPRESA_PARAMETROCAUGCIONCAR,SECUENCIALCOMPONENTECAUSAL,int,NO,MUL,,
FBS_CARTERA.EMPRESA_PARAMETROCAUGCIONCAR,NUMEROVERIFICADOR,int,NO,,,
FBS_CARTERA.EMPRESA_PARAMETROCAUGCIONCAR,CONCURRENCIA,timestamp(6),YES,,CURRENT_TIMESTAMP(6),DEFAULT_GENERATED on update CURRENT_TIMESTAMP(6)
FBS_CARTERA.EMPRESA_PARAMETRODACIONPAGO,SECUENCIALEMPRESA,int,NO,PRI,,
FBS_CARTERA.EMPRESA_PARAMETRODACIONPAGO,SECUENCIALCAUSALDACION,int,NO,MUL,,
FBS_CARTERA.EMPRESA_PARAMETRODACIONPAGO,PORCENTAJEPRIMERAPROVISION,"decimal(5,2)",NO,,,
FBS_CARTERA.EMPRESA_PARAMETRODACIONPAGO,SECUENCIALCTACONTGASTOPROVISION,int,NO,MUL,,
FBS_CARTERA.EMPRESA_PARAMETRODACIONPAGO,NUMEROMESESPROVISION,int,NO,,,
FBS_CARTERA.EMPRESA_PARAMETRODACIONPAGO,NUMEROVERIFICADOR,int,NO,,,
FBS_CARTERA.EMPRESA_PARAMETRODACIONPAGO,CONCURRENCIA,timestamp(6),YES,,CURRENT_TIMESTAMP(6),DEFAULT_GENERATED on update CURRENT_TIMESTAMP(6)
FBS_CARTERA.EMPRESA_PARAMETROGENERACIONCAR,SECUENCIALEMPRESA,int,NO,PRI,,
FBS_CARTERA.EMPRESA_PARAMETROGENERACIONCAR,ULTIMONUMEROPAGARE,int,NO,,,
FBS_CARTERA.EMPRESA_PARAMETROGENERACIONCAR,NUMEROVERIFICADOR,int,NO,,,
FBS_CARTERA.EMPRESA_PARAMETROGENERACIONCAR,CONCURRENCIA,timestamp(6),YES,,CURRENT_TIMESTAMP(6),DEFAULT_GENERATED on update CURRENT_TIMESTAMP(6)
FBS_CARTERA.EMPRESA_PARAMETROGENERACIONCONVENIO,SECUENCIALEMPRESA,int,NO,PRI,,
FBS_CARTERA.EMPRESA_PARAMETROGENERACIONCONVENIO,ULTIMONUMEROCONVENIO,int,NO,,,
FBS_CARTERA.EMPRESA_PARAMETROGENERACIONCONVENIO,NUMEROVERIFICADOR,int,NO,,,
FBS_CARTERA.EMPRESA_PARAMETROGENERACIONCONVENIO,CONCURRENCIA,timestamp(6),YES,,CURRENT_TIMESTAMP(6),DEFAULT_GENERATED on update CURRENT_TIMESTAMP(6)
FBS_CARTERA.EMPRESA_PARAMETROPORCENTAJECOMISION,SECUENCIALEMPRESA,int,NO,PRI,,
FBS_CARTERA.EMPRESA_PARAMETROPORCENTAJECOMISION,PORCENTAJECOMISIONVENDEDOR,"decimal(18,2)",NO,,,
FBS_CARTERA.EMPRESA_PARAMETROPORCENTAJECOMISION,PORCENTAJECOMISIONGERENTE,"decimal(18,2)",NO,,,
FBS_CARTERA.EMPRESA_PARAMETROPORCENTAJECOMISION,PORCENTAJECOMISIONSUBGERENTE,"decimal(18,2)",NO,,,
FBS_CARTERA.EMPRESA_PARAMETROPORCENTAJECOMISION,CONCURRENCIA,timestamp(6),YES,,CURRENT_TIMESTAMP(6),DEFAULT_GENERATED on update CURRENT_TIMESTAMP(6)
FBS_CARTERA.EMPRESA_PARAMETROPRECANCELACION,SECUENCIALEMPRESA,int,NO,PRI,,
FBS_CARTERA.EMPRESA_PARAMETROPRECANCELACION,SECUENCIALCOMPONENTECARTERAMANUAL,int,NO,MUL,,
FBS_CARTERA.EMPRESA_PARAMETROPRECANCELACION,SALARIOMINIMOPENALIDAD,"decimal(18,2)",NO,,,
FBS_CARTERA.EMPRESA_PARAMETROPRECANCELACION,NUMEROSALARIOSGENERAPENALIDAD,int,NO,,,
FBS_CARTERA.EMPRESA_PARAMETROPRECANCELACION,PORCENTAJEPLAZOGENERAPENALIDAD,"decimal(9,2)",NO,,,
FBS_CARTERA.EMPRESA_PARAMETROPRECANCELACION,DIASGENERAALERTACUMPLIMIENTO,int,NO,,,
FBS_CARTERA.EMPRESA_PARAMETROPRECANCELACION,PORCENTAJEPENALIDAD,"decimal(9,2)",NO,,,
FBS_CARTERA.EMPRESA_PARAMETROPRECANCELACION,CONCURRENCIA,timestamp(6),YES,,CURRENT_TIMESTAMP(6),DEFAULT_GENERATED on update CURRENT_TIMESTAMP(6)
FBS_CARTERA.EMPRESA_PARAMETROPRECANCELACION,DIASGENERAALERTAPAGOACUMULADO,int,NO,,30,
FBS_CARTERA.EMPRESA_PARAMETROVALIDACIONCAR,SECUENCIALEMPRESA,int,NO,PRI,,
FBS_CARTERA.EMPRESA_PARAMETROVALIDACIONCAR,ACEPTAPAGOSANTICIPADOS,tinyint unsigned,NO,,,
FBS_CARTERA.EMPRESA_PARAMETROVALIDACIONCAR,ACEPTAPAGOSPARCIALES,tinyint unsigned,NO,,,
FBS_CARTERA.EMPRESA_PARAMETROVALIDACIONCAR,NUMEROVERIFICADOR,int,NO,,,
FBS_CARTERA.EMPRESA_PARAMETROVALIDACIONCAR,PORCENTAJEVALIDACIONADJVINCULA,"decimal(18,2)",NO,,,
FBS_CARTERA.EMPRESA_PARAMETROVALIDACIONCAR,NUMEROMAXIMOCUOTASCOMODIN,int,NO,,,
FBS_CARTERA.EMPRESA_PARAMETROVALIDACIONCAR,NUMEROMAXIMOREPROGRAMACIONES,int,NO,,,
FBS_CARTERA.EMPRESA_PARAMETROVALIDACIONCAR,DIASATRASOPARACALCULOMORA,int,NO,,,
FBS_CARTERA.EMPRESA_PARAMETROVALIDACIONCAR,NUMMINPARAADELANTOCUOTA,int,NO,,,
FBS_CARTERA.EMPRESA_PARAMETROVALIDACIONCAR,FECHAMINIMAREPROGRAMACION,datetime(3),NO,,,
FBS_CARTERA.EMPRESA_PARAMETROVALIDACIONCAR,CONCURRENCIA,timestamp(6),YES,,CURRENT_TIMESTAMP(6),DEFAULT_GENERATED on update CURRENT_TIMESTAMP(6)
FBS_CARTERA.EMPRESA_PARAMVALCONDCALPREST,SECUENCIALEMPRESA,int,NO,PRI,,
FBS_CARTERA.EMPRESA_PARAMVALCONDCALPREST,RANGOMAXIMOPORVENCER,char(3),NO,,,
FBS_CARTERA.EMPRESA_PARAMVALCONDCALPREST,VALIDACONDCALIFPRESTAMO,tinyint unsigned,NO,,,
FBS_CARTERA.EMPRESA_PARAMVALCONDCALPREST,PROVISIONACALIFICACIONCAPITAL,tinyint unsigned,NO,,0,
FBS_CARTERA.EMPRESA_PARAMVALCONDCALPREST,PROVISIONACALIFICACIONINTERES,tinyint unsigned,NO,,0,
FBS_CARTERA.EMPRESA_PARAMVALCONDCALPREST,CONCURRENCIA,timestamp(6),YES,,CURRENT_TIMESTAMP(6),DEFAULT_GENERATED on update CURRENT_TIMESTAMP(6)
FBS_CARTERA.ESTADODACION,CODIGO,varchar(20),NO,PRI,,
FBS_CARTERA.ESTADODACION,NOMBRE,varchar(150),NO,,,
FBS_CARTERA.ESTADODACION,ESTAACTIVO,tinyint unsigned,NO,,,
FBS_CARTERA.ESTADODACION,NUMEROVERIFICADOR,int,NO,,,
FBS_CARTERA.ESTADODACION,CONCURRENCIA,timestamp(6),YES,,CURRENT_TIMESTAMP(6),DEFAULT_GENERATED on update CURRENT_TIMESTAMP(6)
FBS_CARTERA.ESTADOPRESTAMO,CODIGO,char(2),NO,PRI,,
FBS_CARTERA.ESTADOPRESTAMO,NOMBRE,varchar(50),NO,,,
FBS_CARTERA.ESTADOPRESTAMO,COLOR,int,NO,,,
FBS_CARTERA.ESTADOPRESTAMO,IMAGEN,varchar(50),NO,,,
FBS_CARTERA.ESTADOPRESTAMO,PUEDECONDONAR,tinyint unsigned,NO,,,
FBS_CARTERA.ESTADOPRESTAMO,ESTAACTIVO,tinyint unsigned,NO,,,
FBS_CARTERA.ESTADOPRESTAMO,NUMEROVERIFICADOR,int,NO,,,
FBS_CARTERA.ESTADOPRESTAMO,PERMITEREPROGRAMACION,tinyint unsigned,NO,,,
FBS_CARTERA.ESTADOPRESTAMO,CONCURRENCIA,timestamp(6),YES,,CURRENT_TIMESTAMP(6),DEFAULT_GENERATED on update CURRENT_TIMESTAMP(6)
FBS_CARTERA.ESTADOPRESTAMOCOMPONENTE_CAR,CODIGO,varchar(10),NO,PRI,,
FBS_CARTERA.ESTADOPRESTAMOCOMPONENTE_CAR,NOMBRE,varchar(100),NO,,,
FBS_CARTERA.ESTADOPRESTAMOCOMPONENTE_CAR,COLOR,int,NO,,,
FBS_CARTERA.ESTADOPRESTAMOCOMPONENTE_CAR,IMAGEN,varchar(100),NO,,,
FBS_CARTERA.ESTADOPRESTAMOCOMPONENTE_CAR,ESTAACTIVO,tinyint unsigned,NO,,,
FBS_CARTERA.ESTADOPRESTAMOCOMPONENTE_CAR,NUMEROVERIFICADOR,int,NO,,,
FBS_CARTERA.ESTADOPRESTAMOCOMPONENTE_CAR,CONCURRENCIA,timestamp(6),YES,,CURRENT_TIMESTAMP(6),DEFAULT_GENERATED on update CURRENT_TIMESTAMP(6)
FBS_CARTERA.HISTORICOPRESTAMOCAMBIOTASA,SECUENCIAL,int,NO,PRI,,auto_increment
FBS_CARTERA.HISTORICOPRESTAMOCAMBIOTASA,SECUENCIALPRESTAMOMAESTRO,int,NO,MUL,,
FBS_CARTERA.HISTORICOPRESTAMOCAMBIOTASA,SECUENCIALSOLICITUDCAMBIOTASAPRESTAMO,int,NO,MUL,,
FBS_CARTERA.HISTORICOPRESTAMOCAMBIOTASA,TASAANTERIOR,"decimal(18,2)",NO,,,
FBS_CARTERA.HISTORICOPRESTAMOCAMBIOTASA,TASAACTUAL,"decimal(18,2)",NO,,,
FBS_CARTERA.HISTORICOPRESTAMOCAMBIOTASA,VALORCUOTAANTERIOR,"decimal(18,2)",NO,,,
FBS_CARTERA.HISTORICOPRESTAMOCAMBIOTASA,VALORCUOTAACTUAL,"decimal(18,2)",NO,,,
FBS_CARTERA.HISTORICOPRESTAMOCAMBIOTASA,FECHASISTEMA,timestamp(6),NO,,,
FBS_CARTERA.HISTORICOPRESTAMOCAMBIOTASA,FECHAMAQUINA,timestamp(6),NO,,,
FBS_CARTERA.HISTORICOPRESTAMOCAMBIOTASA,CODIGOUSUARIO,varchar(25),NO,MUL,,
FBS_CARTERA.HISTORICOPRESTAMOCAMBIOTASA,ESTAACTIVO,tinyint,NO,,,
FBS_CARTERA.HISTORICOPRESTAMOCAMBIOTASA,CONCURRENCIA,timestamp(6),YES,,CURRENT_TIMESTAMP(6),DEFAULT_GENERATED on update CURRENT_TIMESTAMP(6)
FBS_CARTERA.INFOABONOMOVILCONCILIACION,SECUENCIAL,int,NO,PRI,,auto_increment
FBS_CARTERA.INFOABONOMOVILCONCILIACION,CODIGOUSUARIOPROCESA,varchar(25),NO,MUL,,
FBS_CARTERA.INFOABONOMOVILCONCILIACION,FECHASISTEMA,datetime(3),NO,,,
FBS_CARTERA.INFOABONOMOVILCONCILIACION,FECHAMAQUINA,datetime(3),NO,,,
FBS_CARTERA.INFOABONOMOVILCONCILIACION,NUMEROVERIFICADOR,int,NO,,,
FBS_CARTERA.INFOABONOMOVILCONCILIACION,CONCURRENCIA,timestamp(6),YES,,CURRENT_TIMESTAMP(6),DEFAULT_GENERATED on update CURRENT_TIMESTAMP(6)
FBS_CARTERA.INFOABONOMOVILCONCILIACIONDET,SECUENCIAL,int,NO,PRI,,auto_increment
FBS_CARTERA.INFOABONOMOVILCONCILIACIONDET,SECUENCIALINFOABONOMOVILCONCILIA,int,NO,MUL,,
FBS_CARTERA.INFOABONOMOVILCONCILIACIONDET,SECUENCIALINFOABONOMOVIL,int,NO,MUL,,
FBS_CARTERA.INFOABONOMOVILCONCILIACIONDET,CONCURRENCIA,timestamp(6),YES,,CURRENT_TIMESTAMP(6),DEFAULT_GENERATED on update CURRENT_TIMESTAMP(6)
FBS_CARTERA.INFORMACIONABONOMOVIL,SECUENCIAL,int,NO,PRI,,auto_increment
FBS_CARTERA.INFORMACIONABONOMOVIL,DOCUMENTO,varchar(50),NO,,,
FBS_CARTERA.INFORMACIONABONOMOVIL,SECUENCIALCLIENTE,int,NO,MUL,,
FBS_CARTERA.INFORMACIONABONOMOVIL,SECUENCIALPRESTAMO,int,NO,MUL,,
FBS_CARTERA.INFORMACIONABONOMOVIL,SECUENCIALCOMPONENTECAUSAL,int,NO,MUL,,
FBS_CARTERA.INFORMACIONABONOMOVIL,VALOR,"decimal(18,2)",NO,,,
FBS_CARTERA.INFORMACIONABONOMOVIL,CODIGOUSUARIOINGRESO,varchar(25),NO,MUL,,
FBS_CARTERA.INFORMACIONABONOMOVIL,FECHASISTEMA,datetime(3),NO,,,
FBS_CARTERA.INFORMACIONABONOMOVIL,FECHAMAQUINA,datetime(3),NO,,,
FBS_CARTERA.INFORMACIONABONOMOVIL,PROCESADO,tinyint unsigned,NO,,,
FBS_CARTERA.INFORMACIONABONOMOVIL,NUMEROVERIFICADOR,int,NO,,,
FBS_CARTERA.INFORMACIONABONOMOVIL,CONCURRENCIA,timestamp(6),YES,,CURRENT_TIMESTAMP(6),DEFAULT_GENERATED on update CURRENT_TIMESTAMP(6)
FBS_CARTERA.INFORMACIONABONOMOVIL_AUXCON,SECUENCIALINFOABONOMOVIL,int,NO,PRI,,
FBS_CARTERA.INFORMACIONABONOMOVIL_AUXCON,SECUENCIALAUXILIARCONTABLE,int,NO,MUL,,
FBS_CARTERA.INFORMACIONABONOMOVIL_AUXCON,CONCURRENCIA,timestamp(6),YES,,CURRENT_TIMESTAMP(6),DEFAULT_GENERATED on update CURRENT_TIMESTAMP(6)
FBS_CARTERA.INFORMACIONADICIONALCLASIFICACION,SECUENCIALPRESTAMO,int,NO,PRI,,
FBS_CARTERA.INFORMACIONADICIONALCLASIFICACION,VIGENTE,"decimal(18,2)",NO,,,
FBS_CARTERA.INFORMACIONADICIONALCLASIFICACION,VENCIDO90,"decimal(18,2)",NO,,,
FBS_CARTERA.INFORMACIONADICIONALCLASIFICACION,VENCIDOMASDE90,"decimal(18,2)",NO,,,
FBS_CARTERA.INFORMACIONADICIONALCLASIFICACION,CUOTASVIGENTES,int,NO,,,
FBS_CARTERA.INFORMACIONADICIONALCLASIFICACION,CUOTASVENCIDAS,int,NO,,,
FBS_CARTERA.INFORMACIONADICIONALCLASIFICACION,VALORTOTALATRASO,"decimal(18,2)",NO,,,
FBS_CARTERA.INFORMACIONADICIONALCLASIFICACION,DIASATRASO,int,NO,,,
FBS_CARTERA.INFORMACIONADICIONALDEVENGADO,SECUENCIALPRESTAMO,int,NO,PRI,,
FBS_CARTERA.INFORMACIONADICIONALDEVENGADO,VIGENTE,"decimal(18,2)",NO,,,
FBS_CARTERA.INFORMACIONADICIONALDEVENGADO,VENCIDO90,"decimal(18,2)",NO,,,
FBS_CARTERA.INFORMACIONADICIONALDEVENGADO,VENCIDOMASDE90,"decimal(18,2)",NO,,,
FBS_CARTERA.INFORMACIONADICIONALDEVENGADO,SUSPENSO,"decimal(18,2)",NO,,,
FBS_CARTERA.INFORMACIONADICIONALMORA,SECUENCIALPRESTAMO,int,NO,PRI,,
FBS_CARTERA.INFORMACIONADICIONALMORA,MORA,"decimal(18,2)",NO,,,
FBS_CARTERA.INFORMACIONADICIONALMORA,MORA90,"decimal(18,2)",NO,,,
FBS_CARTERA.INFORMACIONADICIONALMORA,MORAMASDE90,"decimal(18,2)",NO,,,
FBS_CARTERA.INSTANCIACALCULO,CODIGO,varchar(20),NO,PRI,,
FBS_CARTERA.INSTANCIACALCULO,NOMBRE,varchar(50),NO,,,
FBS_CARTERA.INSTANCIACALCULO,ESTAACTIVA,tinyint unsigned,NO,,,
FBS_CARTERA.INSTANCIACALCULO,NUMEROVERIFICADOR,int,NO,,,
FBS_CARTERA.INSTANCIACALCULO,CONCURRENCIA,timestamp(6),YES,,CURRENT_TIMESTAMP(6),DEFAULT_GENERATED on update CURRENT_TIMESTAMP(6)
FBS_CARTERA.INSTANCIACREACION,CODIGO,varchar(20),NO,PRI,,
FBS_CARTERA.INSTANCIACREACION,NOMBRE,varchar(50),NO,,,
FBS_CARTERA.INSTANCIACREACION,ESTAACTIVA,tinyint unsigned,NO,,,
FBS_CARTERA.INSTANCIACREACION,NUMEROVERIFICADOR,int,NO,,,
FBS_CARTERA.INSTANCIACREACION,CONCURRENCIA,timestamp(6),YES,,CURRENT_TIMESTAMP(6),DEFAULT_GENERATED on update CURRENT_TIMESTAMP(6)
FBS_CARTERA.INSTITUCIONESCONVENIO,CODIGO,varchar(10),NO,PRI,,
FBS_CARTERA.INSTITUCIONESCONVENIO,NOMBREINSTITUCION,varchar(50),NO,,,
FBS_CARTERA.INSTITUCIONESCONVENIO,DIAPAGO,int,NO,,,
FBS_CARTERA.INSTITUCIONESCONVENIO,CONCURRENCIA,timestamp(6),YES,,CURRENT_TIMESTAMP(6),DEFAULT_GENERATED on update CURRENT_TIMESTAMP(6)
FBS_CARTERA.METACARTERA,SECUENCIAL,int,NO,PRI,,auto_increment
FBS_CARTERA.METACARTERA,SECUENCIALOFICINA,int,NO,MUL,,
FBS_CARTERA.METACARTERA,CODIGOUSUARIO,varchar(25),NO,MUL,,
FBS_CARTERA.METACARTERA,MES,int,NO,,,
FBS_CARTERA.METACARTERA,ANIO,int,NO,,,
FBS_CARTERA.METACARTERA,NUMERO,int,NO,,,
FBS_CARTERA.METACARTERA,MONTO,"decimal(18,2)",NO,,,
FBS_CARTERA.METACARTERA,MONTORIESGO,"decimal(18,2)",NO,,,
FBS_CARTERA.METACARTERA,CARTERAVENCIDA,int,NO,,,
FBS_CARTERA.METACARTERA,PORCENTAJEMOROSIDAD,"decimal(9,2)",NO,,,
FBS_CARTERA.METACARTERA,COMENTARIO,varchar(200),NO,,,
FBS_CARTERA.METACARTERA,ESTAACTIVO,tinyint unsigned,NO,,,
FBS_CARTERA.METACARTERA,NUMEROVERIFICADOR,int,NO,,,
FBS_CARTERA.METACARTERA,CRECIMIENTO,"decimal(9,2)",NO,,,
FBS_CARTERA.METACARTERA,MONTOPROVISION,"decimal(9,2)",NO,,,
FBS_CARTERA.METACARTERA,CONCURRENCIA,timestamp(6),YES,,CURRENT_TIMESTAMP(6),DEFAULT_GENERATED on update CURRENT_TIMESTAMP(6)
FBS_CARTERA.METODOLOGIACALIFICACION,CODIGO,varchar(1),NO,PRI,,
FBS_CARTERA.METODOLOGIACALIFICACION,NOMBRE,varchar(150),NO,,,
FBS_CARTERA.METODOLOGIACALIFICACION,ESTAACTIVO,tinyint unsigned,NO,,,
FBS_CARTERA.METODOLOGIACALIFICACION,NUMEROVERIFICADOR,int,NO,,,
FBS_CARTERA.METODOLOGIACALIFICACION,CONCURRENCIA,timestamp(6),YES,,CURRENT_TIMESTAMP(6),DEFAULT_GENERATED on update CURRENT_TIMESTAMP(6)
FBS_CARTERA.MOTIVOMOVIMIENTOEXPEDIENTEFISICO,SECUENCIAL,int,NO,PRI,,auto_increment
FBS_CARTERA.MOTIVOMOVIMIENTOEXPEDIENTEFISICO,NOMBRE,varchar(300),NO,,,
FBS_CARTERA.MOTIVOMOVIMIENTOEXPEDIENTEFISICO,ESINGRESO,tinyint unsigned,NO,,,
FBS_CARTERA.MOTIVOMOVIMIENTOEXPEDIENTEFISICO,ESTAACTIVO,tinyint unsigned,NO,,,
FBS_CARTERA.MOTIVOMOVIMIENTOEXPEDIENTEFISICO,NUMEROVERIFICADOR,int,NO,,,
FBS_CARTERA.MOTIVOMOVIMIENTOEXPEDIENTEFISICO,CONCURRENCIA,timestamp(6),YES,,CURRENT_TIMESTAMP(6),DEFAULT_GENERATED on update CURRENT_TIMESTAMP(6)
FBS_CARTERA.MOTIVOPAGOANTICIPADO,CODIGO,varchar(2),NO,PRI,,
FBS_CARTERA.MOTIVOPAGOANTICIPADO,NOMBRE,varchar(250),NO,,,
FBS_CARTERA.MOTIVOPAGOANTICIPADO,ESTAACTIVO,tinyint unsigned,NO,,,
FBS_CARTERA.MOTIVOPAGOANTICIPADO,NUMEROVERIFICADOR,int,NO,,,
FBS_CARTERA.MOTIVOPAGOANTICIPADO,CONCURRENCIA,timestamp(6),YES,,CURRENT_TIMESTAMP(6),DEFAULT_GENERATED on update CURRENT_TIMESTAMP(6)
FBS_CARTERA.MOTIVOPRECANCELACION,CODIGO,varchar(20),NO,PRI,,
FBS_CARTERA.MOTIVOPRECANCELACION,NOMBRE,varchar(100),NO,,,
FBS_CARTERA.MOTIVOPRECANCELACION,ESTAACTIVO,tinyint unsigned,NO,,,
FBS_CARTERA.MOTIVOPRECANCELACION,NUMEROVERIFICADOR,int,NO,,,
FBS_CARTERA.MOTIVOPRECANCELACION,CONCURRENCIA,timestamp(6),YES,,CURRENT_TIMESTAMP(6),DEFAULT_GENERATED on update CURRENT_TIMESTAMP(6)
FBS_CARTERA.MOVDETALLE_PRESTAMO_PAGOANTICIPADO,SECUENCIAL,int,NO,PRI,,auto_increment
FBS_CARTERA.MOVDETALLE_PRESTAMO_PAGOANTICIPADO,SECUENCIALMOVIMIENTODETALLE,int,NO,MUL,,
FBS_CARTERA.MOVDETALLE_PRESTAMO_PAGOANTICIPADO,CODIGOMOTIVOPAGOANTICIPADO,varchar(2),NO,MUL,,
FBS_CARTERA.MOVDETALLE_PRESTAMO_PAGOANTICIPADO,CONCURRENCIA,timestamp(6),YES,,CURRENT_TIMESTAMP(6),DEFAULT_GENERATED on update CURRENT_TIMESTAMP(6)
FBS_CARTERA.MOVDETALLE_PRESTAMO_PAGOANTICIPADOADICIONAL,SECUENCIAL,int,NO,PRI,,auto_increment
FBS_CARTERA.MOVDETALLE_PRESTAMO_PAGOANTICIPADOADICIONAL,SECUENCIALMOVDETALLEPRESTAMOPAGOANTICIPADO,int,NO,MUL,,
FBS_CARTERA.MOVDETALLE_PRESTAMO_PAGOANTICIPADOADICIONAL,SECUENCIALTIPOIDENTIFICACION,int,NO,MUL,,
FBS_CARTERA.MOVDETALLE_PRESTAMO_PAGOANTICIPADOADICIONAL,IDENTIFICACION,varchar(10),NO,MUL,,
FBS_CARTERA.MOVDETALLE_PRESTAMO_PAGOANTICIPADOADICIONAL,NOMBRE,varchar(100),NO,,,
FBS_CARTERA.MOVDETALLE_PRESTAMO_PAGOANTICIPADOADICIONAL,DIRECCION,varchar(200),NO,,,
FBS_CARTERA.MOVDETALLE_PRESTAMO_PAGOANTICIPADOADICIONAL,CIUDAD,varchar(200),NO,,,
FBS_CARTERA.MOVDETALLE_PRESTAMO_PAGOANTICIPADOADICIONAL,TELEFONO,varchar(50),NO,,,
FBS_CARTERA.MOVDETALLE_PRESTAMO_PAGOANTICIPADOADICIONAL,ACTIVIDADECONOMICA,longtext,NO,,,
FBS_CARTERA.MOVDETALLE_PRESTAMO_PAGOANTICIPADOADICIONAL,NUMEROVERIFICADOR,int,NO,,,
FBS_CARTERA.MOVDETALLE_PRESTAMO_PAGOANTICIPADOADICIONAL,PARENTESCO,varchar(100),NO,,,
FBS_CARTERA.MOVDETALLE_PRESTAMO_PAGOANTICIPADOADICIONAL,APELLIDOPATERNO,varchar(100),NO,,,
FBS_CARTERA.MOVDETALLE_PRESTAMO_PAGOANTICIPADOADICIONAL,APELLIDOMATERNO,varchar(100),NO,,,
FBS_CARTERA.MOVDETALLE_PRESTAMO_PAGOANTICIPADOADICIONAL,CODIGOPAIS,varchar(10),NO,MUL,,
FBS_CARTERA.MOVDETALLE_PRESTAMO_PAGOANTICIPADOADICIONAL,SECUENCIALDIVISIONPOLITICARESIDENCIA,int,NO,MUL,,
FBS_CARTERA.MOVDETALLE_PRESTAMO_PAGOANTICIPADOADICIONAL,ESORDENANTE,tinyint unsigned,NO,,,
FBS_CARTERA.MOVDETALLE_PRESTAMO_PAGOANTICIPADOADICIONAL,FECHANACIMIENTO,datetime(3),NO,,,
FBS_CARTERA.MOVDETALLE_PRESTAMO_PAGOANTICIPADOADICIONAL,CONCURRENCIA,timestamp(6),YES,,CURRENT_TIMESTAMP(6),DEFAULT_GENERATED on update CURRENT_TIMESTAMP(6)
FBS_CARTERA.MOVDETALLE_PRESTAMO_REPORTADO,SECUENCIALMOVDETALLEPRESTAMO,int,NO,PRI,,
FBS_CARTERA.MOVDETALLE_PRESTAMO_REPORTADO,FECHASISTEMA,datetime(3),NO,,,
FBS_CARTERA.MOVDETALLE_PRESTAMO_REPORTADO,CONCURRENCIA,timestamp(6),YES,,CURRENT_TIMESTAMP(6),DEFAULT_GENERATED on update CURRENT_TIMESTAMP(6)
FBS_CARTERA.MOVDET_PRESTCLIGRUPOSOCIAL,SECUENCIAL,int,NO,PRI,,auto_increment
FBS_CARTERA.MOVDET_PRESTCLIGRUPOSOCIAL,SECUENCIALMOVIDETPRESTCLI,int,NO,MUL,,
FBS_CARTERA.MOVDET_PRESTCLIGRUPOSOCIAL,SECUENCIALPERSINTEGRANTEGRUPO,int,NO,MUL,,
FBS_CARTERA.MOVDET_PRESTCLIGRUPOSOCIAL,VALOR,"decimal(18,2)",NO,,,
FBS_CARTERA.MOVDET_PRESTCLIGRUPOSOCIAL,CONCURRENCIA,timestamp(6),YES,,CURRENT_TIMESTAMP(6),DEFAULT_GENERATED on update CURRENT_TIMESTAMP(6)
FBS_CARTERA.MOVIMIENTOCONTROL_CAMBIOOFICAR,SECUENCIALMOVIMIENTOCONTROL,int,NO,PRI,,
FBS_CARTERA.MOVIMIENTOCONTROL_CAMBIOOFICAR,SECUENCIALPRESTAMOCOMPCARTERA,int,NO,MUL,,
FBS_CARTERA.MOVIMIENTOCONTROL_CAMBIOOFICAR,SECUENCIALCUENTACONTABLE,int,NO,MUL,,
FBS_CARTERA.MOVIMIENTOCONTROL_CAMBIOOFICAR,CONCURRENCIA,timestamp(6),YES,,CURRENT_TIMESTAMP(6),DEFAULT_GENERATED on update CURRENT_TIMESTAMP(6)
FBS_CARTERA.MOVIMIENTOCONTROL_CASTIGO,SECUENCIALMOVIMIENTOCONTROL,int,NO,PRI,,
FBS_CARTERA.MOVIMIENTOCONTROL_CASTIGO,SECUENCIALPRESTAMOCOMPCARTERA,int,NO,MUL,,
FBS_CARTERA.MOVIMIENTOCONTROL_CASTIGO,SECCOMPCARCASTIGOCALIFCBLE,int,NO,MUL,,
FBS_CARTERA.MOVIMIENTOCONTROL_CASTIGO,SECUENCIALCUENTACONTABLE,int,NO,MUL,,
FBS_CARTERA.MOVIMIENTOCONTROL_CASTIGO,ESCASTIGO,tinyint unsigned,NO,,,
FBS_CARTERA.MOVIMIENTOCONTROL_CASTIGO,CONCURRENCIA,timestamp(6),YES,,CURRENT_TIMESTAMP(6),DEFAULT_GENERATED on update CURRENT_TIMESTAMP(6)
FBS_CARTERA.MOVIMIENTOCONTROL_CLASIF,SECUENCIALMOVIMIENTOCONTROL,int,NO,PRI,,
FBS_CARTERA.MOVIMIENTOCONTROL_CLASIF,SECUENCIALPRESTAMOCOMPCAR,int,NO,MUL,,
FBS_CARTERA.MOVIMIENTOCONTROL_CLASIF,SECUENCIALRANGOCLASIFICACION,int,NO,MUL,,
FBS_CARTERA.MOVIMIENTOCONTROL_CLASIF,ESPORTRANSFERENCIA,tinyint unsigned,NO,,,
FBS_CARTERA.MOVIMIENTOCONTROL_CLASIF,ESPORPAGO,tinyint unsigned,NO,,,
FBS_CARTERA.MOVIMIENTOCONTROL_CLASIF,ESPORGENERACION,tinyint unsigned,NO,,,
FBS_CARTERA.MOVIMIENTOCONTROL_CLASIF,ESTACONTABILIZADO,tinyint,NO,MUL,,
FBS_CARTERA.MOVIMIENTOCONTROL_CLASIF,CONCURRENCIA,timestamp(6),YES,,CURRENT_TIMESTAMP(6),DEFAULT_GENERATED on update CURRENT_TIMESTAMP(6)
FBS_CARTERA.MOVIMIENTOCONTROL_DEVENGADO,SECUENCIALMOVIMIENTOCONTROL,int,NO,PRI,,
FBS_CARTERA.MOVIMIENTOCONTROL_DEVENGADO,SECPRESTCOMPCARRANGODEVENGADO,int,NO,MUL,,
FBS_CARTERA.MOVIMIENTOCONTROL_DEVENGADO,SECUENCIALCUENTACONTABLE,int,NO,MUL,,
FBS_CARTERA.MOVIMIENTOCONTROL_DEVENGADO,ESPORTRANSFERENCIA,tinyint unsigned,NO,,,
FBS_CARTERA.MOVIMIENTOCONTROL_DEVENGADO,ESPORPAGO,tinyint unsigned,NO,,,
FBS_CARTERA.MOVIMIENTOCONTROL_DEVENGADO,ESPORGENERACION,tinyint unsigned,NO,,,
FBS_CARTERA.MOVIMIENTOCONTROL_DEVENGADO,ESTACONTABILIZADO,tinyint,NO,MUL,,
FBS_CARTERA.MOVIMIENTOCONTROL_DEVENGADO,CONCURRENCIA,timestamp(6),YES,,CURRENT_TIMESTAMP(6),DEFAULT_GENERATED on update CURRENT_TIMESTAMP(6)
FBS_CARTERA.MOVIMIENTOCONTROL_DEVENGADO,ESPORNETEO,tinyint,YES,,,
FBS_CARTERA.MOVIMIENTOCONTROL_DEVENGADO,SALDO,"decimal(18,2)",YES,,,
FBS_CARTERA.MOVIMIENTOCONTROL_INTERESREFINANCIADO,SECUENCIALMOVIMIENTOCONTROL,int,NO,PRI,,
FBS_CARTERA.MOVIMIENTOCONTROL_INTERESREFINANCIADO,SECUENCIALPRESTAMO,int,NO,MUL,,
FBS_CARTERA.MOVIMIENTOCONTROL_INTERESREFINANCIADO,SECUENCIALCUENTACONTABLE,int,NO,MUL,,
FBS_CARTERA.MOVIMIENTOCONTROL_INTERESREFINANCIADO,CONCURRENCIA,timestamp(6),YES,,CURRENT_TIMESTAMP(6),DEFAULT_GENERATED on update CURRENT_TIMESTAMP(6)
FBS_CARTERA.MOVIMIENTOCONTROL_MORA,SECUENCIALMOVIMIENTOCONTROL,int,NO,PRI,,
FBS_CARTERA.MOVIMIENTOCONTROL_MORA,SECUENCIALPRESTAMOCOMPCAR,int,NO,MUL,,
FBS_CARTERA.MOVIMIENTOCONTROL_MORA,SECUENCIALRANGOTASAMORA,int,NO,MUL,,
FBS_CARTERA.MOVIMIENTOCONTROL_MORA,ESPORTRANSFERENCIA,tinyint unsigned,NO,,,
FBS_CARTERA.MOVIMIENTOCONTROL_MORA,ESPORPAGO,tinyint unsigned,NO,,,
FBS_CARTERA.MOVIMIENTOCONTROL_MORA,ESPORGENERACION,tinyint unsigned,NO,,,
FBS_CARTERA.MOVIMIENTOCONTROL_MORA,CONCURRENCIA,timestamp(6),YES,,CURRENT_TIMESTAMP(6),DEFAULT_GENERATED on update CURRENT_TIMESTAMP(6)
FBS_CARTERA.MOVIMIENTOCONTROL_MORA,ESPORNETEO,tinyint,YES,,,
FBS_CARTERA.MOVIMIENTOCONTROL_MORA,SALDO,"decimal(18,2)",YES,,,
FBS_CARTERA.MOVIMIENTOCONTROL_PRESCTAORDEN,SECUENCIALMOVIMIENTOCONTROL,int,NO,PRI,,
FBS_CARTERA.MOVIMIENTOCONTROL_PRESCTAORDEN,SECUENCIALPRESTAMO,int,NO,MUL,,
FBS_CARTERA.MOVIMIENTOCONTROL_PRESCTAORDEN,SECUENCIALCUENTACONTABLE,int,NO,MUL,,
FBS_CARTERA.MOVIMIENTOCONTROL_PRESCTAORDEN,DOCUMENTO,varchar(50),NO,,,
FBS_CARTERA.MOVIMIENTOCONTROL_PRESCTAORDEN,CONCURRENCIA,timestamp(6),YES,,CURRENT_TIMESTAMP(6),DEFAULT_GENERATED on update CURRENT_TIMESTAMP(6)
FBS_CARTERA.MOVIMIENTOCONTROL_PRESTAMOBIENDACIONENPAGO,SECUENCIALMOVIMIENTOCONTROL,int,NO,PRI,,
FBS_CARTERA.MOVIMIENTOCONTROL_PRESTAMOBIENDACIONENPAGO,SECUENCIALPRESTAMOBIENDACIONENPAGO,int,NO,MUL,,
FBS_CARTERA.MOVIMIENTOCONTROL_PRESTAMOBIENDACIONENPAGO,SECUENCIALCUENTACONTABLE,int,NO,MUL,,
FBS_CARTERA.MOVIMIENTOCONTROL_PRESTAMOBIENDACIONENPAGO,CONCURRENCIA,timestamp(6),YES,,CURRENT_TIMESTAMP(6),DEFAULT_GENERATED on update CURRENT_TIMESTAMP(6)
FBS_CARTERA.MOVIMIENTOCONTROL_PRESTCOMPCRE,SECUENCIALMOVIMIENTOCONTROL,int,NO,PRI,,
FBS_CARTERA.MOVIMIENTOCONTROL_PRESTCOMPCRE,SECUENCIALPRESTAMOCOMPCRE,int,NO,MUL,,
FBS_CARTERA.MOVIMIENTOCONTROL_PRESTCOMPCRE,SECUENCIALCUENTACONTABLE,int,NO,MUL,,
FBS_CARTERA.MOVIMIENTOCONTROL_PRESTCOMPCRE,CONCURRENCIA,timestamp(6),YES,,CURRENT_TIMESTAMP(6),DEFAULT_GENERATED on update CURRENT_TIMESTAMP(6)
FBS_CARTERA.MOVIMIENTOCONTROL_TITULARIZA,SECUENCIALMOVIMIENTOCONTROL,int,NO,PRI,,
FBS_CARTERA.MOVIMIENTOCONTROL_TITULARIZA,SECUENCIALPRESTAMOCOMPCARTERA,int,NO,MUL,,
FBS_CARTERA.MOVIMIENTOCONTROL_TITULARIZA,SECUENCIALCUENTACONTABLE,int,NO,MUL,,
FBS_CARTERA.MOVIMIENTOCONTROL_TITULARIZA,ESTITULARIZACION,tinyint unsigned,NO,,,
FBS_CARTERA.MOVIMIENTOCONTROL_TITULARIZA,CONCURRENCIA,timestamp(6),YES,,CURRENT_TIMESTAMP(6),DEFAULT_GENERATED on update CURRENT_TIMESTAMP(6)
FBS_CARTERA.MOVIMIENTODETALLE_PRESTAMO,SECUENCIALMOVIMIENTODETALLE,int,NO,PRI,,
FBS_CARTERA.MOVIMIENTODETALLE_PRESTAMO,SECUENCIALPRESTAMO,int,NO,MUL,,
FBS_CARTERA.MOVIMIENTODETALLE_PRESTAMO,SALDOPRESTAMO,"decimal(18,2)",NO,,,
FBS_CARTERA.MOVIMIENTODETALLE_PRESTAMO,CODIGOESTADOPRESTAMO,char(2),NO,MUL,,
FBS_CARTERA.MOVIMIENTODETALLE_PRESTAMO,SECUENCIALTRANSACCION,int,NO,MUL,,
FBS_CARTERA.MOVIMIENTODETALLE_PRESTAMO,VALOR,"decimal(18,2)",NO,,,
FBS_CARTERA.MOVIMIENTODETALLE_PRESTAMO,SECUENCIALMOVIMIENTO,int,NO,MUL,,
FBS_CARTERA.MOVIMIENTODETALLE_PRESTAMO,FECHA,datetime(3),NO,,,
FBS_CARTERA.MOVIMIENTODETALLE_PRESTAMO,DIASATRASOANTESPAGO,int,NO,,,
FBS_CARTERA.MOVIMIENTODETALLE_PRESTAMO,CONCURRENCIA,timestamp(6),YES,,CURRENT_TIMESTAMP(6),DEFAULT_GENERATED on update CURRENT_TIMESTAMP(6)
FBS_CARTERA.MOVIMIENTODETALLE_PRESTAMOCLI,SECUENCIAL,int,NO,PRI,,auto_increment
FBS_CARTERA.MOVIMIENTODETALLE_PRESTAMOCLI,SECUENCIALMOVDETALLEPRESTAMO,int,NO,MUL,,
FBS_CARTERA.MOVIMIENTODETALLE_PRESTAMOCLI,SECUENCIALPRESTAMOCLIENTE,int,NO,MUL,,
FBS_CARTERA.MOVIMIENTODETALLE_PRESTAMOCLI,VALOR,"decimal(18,2)",NO,,,
FBS_CARTERA.MOVIMIENTODETALLE_PRESTAMOCLI,CONCURRENCIA,timestamp(6),YES,,CURRENT_TIMESTAMP(6),DEFAULT_GENERATED on update CURRENT_TIMESTAMP(6)
FBS_CARTERA.MOVIMIENTOPRESTAMOCOMP_CAR,SECUENCIAL,int,NO,PRI,,auto_increment
FBS_CARTERA.MOVIMIENTOPRESTAMOCOMP_CAR,SECUENCIALMOVIMIENTODETALLE,int,NO,MUL,,
FBS_CARTERA.MOVIMIENTOPRESTAMOCOMP_CAR,SECUENCIALPRESTAMO,int,NO,MUL,,
FBS_CARTERA.MOVIMIENTOPRESTAMOCOMP_CAR,SECUENCIALCOMPONENTECARTERA,int,NO,MUL,,
FBS_CARTERA.MOVIMIENTOPRESTAMOCOMP_CAR,CODIGOTIPOMOVIMIENTO,varchar(15),NO,,,
FBS_CARTERA.MOVIMIENTOPRESTAMOCOMP_CAR,NUMEROCUOTA,int,NO,,,
FBS_CARTERA.MOVIMIENTOPRESTAMOCOMP_CAR,VALOR,"decimal(18,2)",NO,,,
FBS_CARTERA.MOVIMIENTOPRESTAMOCOMP_CAR,SALDO,"decimal(18,2)",NO,,,
FBS_CARTERA.MOVIMIENTOPRESTAMOCOMP_CAR,CODIGOESTADOPRESTAMOCOMPONENTE,varchar(10),NO,MUL,,
FBS_CARTERA.MOVIMIENTOPRESTAMOCOMP_CAR,CONCURRENCIA,timestamp(6),YES,,CURRENT_TIMESTAMP(6),DEFAULT_GENERATED on update CURRENT_TIMESTAMP(6)
FBS_CARTERA.OFICINAPARAMETROGENERACIONCAR,SECUENCIAL,int,NO,PRI,,auto_increment
FBS_CARTERA.OFICINAPARAMETROGENERACIONCAR,SECUENCIALOFICINA,int,NO,MUL,,
FBS_CARTERA.OFICINAPARAMETROGENERACIONCAR,PERIODO,char(6),NO,,,
FBS_CARTERA.OFICINAPARAMETROGENERACIONCAR,ULTIMONUMEROPAGARE,int,NO,,,
FBS_CARTERA.OFICINAPARAMETROGENERACIONCAR,NUMEROVERIFICADOR,int,NO,,,
FBS_CARTERA.OFICINAPARAMETROGENERACIONCAR,CONCURRENCIA,timestamp(6),YES,,CURRENT_TIMESTAMP(6),DEFAULT_GENERATED on update CURRENT_TIMESTAMP(6)
FBS_CARTERA.ORDENCALIFICACION,CODIGOCALIFICACION,varchar(2),NO,PRI,,
FBS_CARTERA.ORDENCALIFICACION,ORDEN,int,NO,,,
FBS_CARTERA.ORDENCALIFICACION,ESTAACTIVO,tinyint unsigned,NO,,,
FBS_CARTERA.ORDENCALIFICACION,NUMEROVERIFICADOR,int,NO,,,
FBS_CARTERA.ORDENCALIFICACION,CONCURRENCIA,timestamp(6),YES,,CURRENT_TIMESTAMP(6),DEFAULT_GENERATED on update CURRENT_TIMESTAMP(6)
FBS_CARTERA.PARAMETROCALCULOUTILIDADPRESTAMO,SECUENCIAL,int,NO,PRI,,auto_increment
FBS_CARTERA.PARAMETROCALCULOUTILIDADPRESTAMO,PERIODOCALCULO,int,NO,,,
FBS_CARTERA.PARAMETROCALCULOUTILIDADPRESTAMO,FECHACALCULO,datetime(3),NO,,,
FBS_CARTERA.PARAMETROCALCULOUTILIDADPRESTAMO,PORCENTAJEPRESTAMO,"decimal(9,2)",NO,,,
FBS_CARTERA.PARAMETROCALCULOUTILIDADPRESTAMO,VALORDISTRIBUIRPRESTAMO,"decimal(18,2)",NO,,,
FBS_CARTERA.PARAMETROCALCULOUTILIDADPRESTAMO,CONCASTIGADOS,tinyint unsigned,NO,,0,
FBS_CARTERA.PARAMETROCALCULOUTILIDADPRESTAMO,MAXIMOCUOTASVENCIDAS,int,NO,,0,
FBS_CARTERA.PARAMETROCALCULOUTILIDADPRESTAMO,ESTAPROCESADO,tinyint unsigned,NO,,0,
FBS_CARTERA.PARAMETROCALCULOUTILIDADPRESTAMO,TOTALINTERESGENERADO,"decimal(18,2)",NO,,,
FBS_CARTERA.PARAMETROCALCULOUTILIDADPRESTAMO,CONCURRENCIA,timestamp(6),YES,,CURRENT_TIMESTAMP(6),DEFAULT_GENERATED on update CURRENT_TIMESTAMP(6)
FBS_CARTERA.PRESTAMAESTRO_CIERREDOCUMENTO,SECUENCIALPRESTAMO,int,NO,PRI,,
FBS_CARTERA.PRESTAMAESTRO_CIERREDOCUMENTO,ESTADIGITALIZADOCIERRE,tinyint unsigned,NO,,,
FBS_CARTERA.PRESTAMAESTRO_CIERREDOCUMENTO,ESTADIGITALIZADO,tinyint unsigned,NO,,,
FBS_CARTERA.PRESTAMAESTRO_CIERREDOCUMENTO,ESTACODIFICADO,tinyint unsigned,NO,,,
FBS_CARTERA.PRESTAMAESTRO_CIERREDOCUMENTO,CONCURRENCIA,timestamp(6),YES,,CURRENT_TIMESTAMP(6),DEFAULT_GENERATED on update CURRENT_TIMESTAMP(6)
FBS_CARTERA.PRESTAMAESTRO_CIERREDOCVER,SECUENCIAL,int,NO,PRI,,auto_increment
FBS_CARTERA.PRESTAMAESTRO_CIERREDOCVER,SECUENCIALPRESTAMO,int,NO,MUL,,
FBS_CARTERA.PRESTAMAESTRO_CIERREDOCVER,SECUENCIALDOCUMENTO,int,NO,,,
FBS_CARTERA.PRESTAMAESTRO_CIERREDOCVER,VERIFICADO,tinyint unsigned,NO,,,
FBS_CARTERA.PRESTAMAESTRO_CIERREDOCVER,CONCURRENCIA,timestamp(6),YES,,CURRENT_TIMESTAMP(6),DEFAULT_GENERATED on update CURRENT_TIMESTAMP(6)
FBS_CARTERA.PRESTAMOBIENDACIONENPAGO,SECUENCIAL,int,NO,PRI,,auto_increment
FBS_CARTERA.PRESTAMOBIENDACIONENPAGO,CODIGOUNICODACION,varchar(50),NO,UNI,,
FBS_CARTERA.PRESTAMOBIENDACIONENPAGO,SECUENCIALPRESTAMO,int,NO,MUL,,
FBS_CARTERA.PRESTAMOBIENDACIONENPAGO,SECUENCIALMOVIMIENTO,int,NO,MUL,,
FBS_CARTERA.PRESTAMOBIENDACIONENPAGO,DESCRIPCION,varchar(2000),NO,,,
FBS_CARTERA.PRESTAMOBIENDACIONENPAGO,DIRECCION,varchar(1000),NO,,,
FBS_CARTERA.PRESTAMOBIENDACIONENPAGO,AREA,varchar(100),NO,,,
FBS_CARTERA.PRESTAMOBIENDACIONENPAGO,VALORULTIMOAVALUO,"decimal(18,2)",NO,,,
FBS_CARTERA.PRESTAMOBIENDACIONENPAGO,VALORADJUDICACION,"decimal(18,2)",NO,,,
FBS_CARTERA.PRESTAMOBIENDACIONENPAGO,FECHAREALIZACION,datetime(3),NO,,,
FBS_CARTERA.PRESTAMOBIENDACIONENPAGO,FECHACONTABILIZACION,datetime(3),NO,,,
FBS_CARTERA.PRESTAMOBIENDACIONENPAGO,CODIGOESTADO,varchar(20),NO,MUL,,
FBS_CARTERA.PRESTAMOBIENDACIONENPAGO,CODIGOTIPOBIEN,varchar(10),NO,MUL,,
FBS_CARTERA.PRESTAMOBIENDACIONENPAGO,CODIGOPERTIO,varchar(15),NO,MUL,,
FBS_CARTERA.PRESTAMOBIENDACIONENPAGO,COMENTARIO,varchar(300),NO,,,
FBS_CARTERA.PRESTAMOBIENDACIONENPAGO,PROVISIONADOTOTALMENTE,tinyint unsigned,NO,,,
FBS_CARTERA.PRESTAMOBIENDACIONENPAGO,CONCURRENCIA,timestamp(6),YES,,CURRENT_TIMESTAMP(6),DEFAULT_GENERATED on update CURRENT_TIMESTAMP(6)
FBS_CARTERA.PRESTAMOBIENDACIONENPAGOAVALUO,SECUENCIAL,int,NO,PRI,,auto_increment
FBS_CARTERA.PRESTAMOBIENDACIONENPAGOAVALUO,SECUENCIALPRESTAMOBIENDACIONENPAGO,int,NO,MUL,,
FBS_CARTERA.PRESTAMOBIENDACIONENPAGOAVALUO,VALORAVALUO,"decimal(18,2)",NO,,,
FBS_CARTERA.PRESTAMOBIENDACIONENPAGOAVALUO,FECHAAVALUO,datetime(3),NO,,,
FBS_CARTERA.PRESTAMOBIENDACIONENPAGOAVALUO,CONCURRENCIA,timestamp(6),YES,,CURRENT_TIMESTAMP(6),DEFAULT_GENERATED on update CURRENT_TIMESTAMP(6)
FBS_CARTERA.PRESTAMOBIENDACIONENPAGOPROVISION,SECUENCIAL,int,NO,PRI,,auto_increment
FBS_CARTERA.PRESTAMOBIENDACIONENPAGOPROVISION,SECUENCIALPRESTAMOBIENDACIONENPAGO,int,NO,MUL,,
FBS_CARTERA.PRESTAMOBIENDACIONENPAGOPROVISION,FECHASISTEMA,datetime(3),NO,,,
FBS_CARTERA.PRESTAMOBIENDACIONENPAGOPROVISION,FECHAMAQUINA,datetime(3),NO,,,
FBS_CARTERA.PRESTAMOBIENDACIONENPAGOPROVISION,PORCENTAJEPROVISION,"decimal(18,2)",NO,,,
FBS_CARTERA.PRESTAMOBIENDACIONENPAGOPROVISION,PORCENTAJEPROVISIONACUMULADO,"decimal(18,2)",NO,,,
FBS_CARTERA.PRESTAMOBIENDACIONENPAGOPROVISION,VALORPROVISION,"decimal(18,2)",NO,,,
FBS_CARTERA.PRESTAMOBIENDACIONENPAGOPROVISION,CODIGOUSUARIO,varchar(25),NO,MUL,,
FBS_CARTERA.PRESTAMOBIENDACIONENPAGOPROVISION,NUMEROVERIFICADOR,int,NO,,,
FBS_CARTERA.PRESTAMOBIENDACIONENPAGOPROVISION,CONCURRENCIA,timestamp(6),YES,,CURRENT_TIMESTAMP(6),DEFAULT_GENERATED on update CURRENT_TIMESTAMP(6)
FBS_CARTERA.PRESTAMOBIENDACIONENPAGO_GARANTIAHIPOTECARIA,SECUENCIALPRESTAMODACIONBIEN,int,NO,PRI,,
FBS_CARTERA.PRESTAMOBIENDACIONENPAGO_GARANTIAHIPOTECARIA,SECUENCIALGARANTIAHIPOTECARIA,int,NO,MUL,,
FBS_CARTERA.PRESTAMOBIENDACIONENPAGO_GARANTIAHIPOTECARIA,CONCURRENCIA,timestamp(6),YES,,CURRENT_TIMESTAMP(6),DEFAULT_GENERATED on update CURRENT_TIMESTAMP(6)
FBS_CARTERA.PRESTAMOBIENDACIONENPAGO_GARANTIAPRENDARIA,SECUENCIALPRESTAMODACIONBIEN,int,NO,PRI,,
FBS_CARTERA.PRESTAMOBIENDACIONENPAGO_GARANTIAPRENDARIA,SECUENCIALGARANTIAPRENDARIA,int,NO,MUL,,
FBS_CARTERA.PRESTAMOBIENDACIONENPAGO_GARANTIAPRENDARIA,CONCURRENCIA,timestamp(6),YES,,CURRENT_TIMESTAMP(6),DEFAULT_GENERATED on update CURRENT_TIMESTAMP(6)
FBS_CARTERA.PRESTAMOBLOQUEOTRANSOPERATIVA,SECUENCIAL,int,NO,PRI,,auto_increment
FBS_CARTERA.PRESTAMOBLOQUEOTRANSOPERATIVA,SECUENCIALPRESTAMO,int,NO,MUL,,
FBS_CARTERA.PRESTAMOBLOQUEOTRANSOPERATIVA,DESCRIPCION,varchar(400),NO,,,
FBS_CARTERA.PRESTAMOBLOQUEOTRANSOPERATIVA,CODIGOUSUARIO,varchar(25),NO,MUL,,
FBS_CARTERA.PRESTAMOBLOQUEOTRANSOPERATIVA,FECHASISTEMA,datetime(3),NO,,,
FBS_CARTERA.PRESTAMOBLOQUEOTRANSOPERATIVA,FECHAMAQUINA,datetime(3),NO,,,
FBS_CARTERA.PRESTAMOBLOQUEOTRANSOPERATIVA,ESBLOQUEO,tinyint unsigned,NO,,,
FBS_CARTERA.PRESTAMOBLOQUEOTRANSOPERATIVA,CONCURRENCIA,timestamp(6),YES,,CURRENT_TIMESTAMP(6),DEFAULT_GENERATED on update CURRENT_TIMESTAMP(6)
FBS_CARTERA.PRESTAMOCLIENTE,SECUENCIAL,int,NO,PRI,,auto_increment
FBS_CARTERA.PRESTAMOCLIENTE,SECUENCIALPRESTAMO,int,NO,MUL,,
FBS_CARTERA.PRESTAMOCLIENTE,SECUENCIALCLIENTE,int,NO,MUL,,
FBS_CARTERA.PRESTAMOCLIENTE,ESPRINCIPAL,tinyint unsigned,NO,,,
FBS_CARTERA.PRESTAMOCLIENTE,ESTAACTIVO,tinyint unsigned,NO,,,
FBS_CARTERA.PRESTAMOCLIENTE,NUMEROVERIFICADOR,int,NO,,,
FBS_CARTERA.PRESTAMOCLIENTE,CONCURRENCIA,timestamp(6),YES,,CURRENT_TIMESTAMP(6),DEFAULT_GENERATED on update CURRENT_TIMESTAMP(6)
FBS_CARTERA.PRESTAMOCLIENTEGRUPOSOCIAL,SECUENCIAL,int,NO,PRI,,auto_increment
FBS_CARTERA.PRESTAMOCLIENTEGRUPOSOCIAL,SECUENCIALPRESTAMOCLIENTE,int,NO,MUL,,
FBS_CARTERA.PRESTAMOCLIENTEGRUPOSOCIAL,SECUENCIALPERSINTEGRANTEGRUPO,int,NO,MUL,,
FBS_CARTERA.PRESTAMOCLIENTEGRUPOSOCIAL,VALOR,"decimal(18,2)",NO,,,
FBS_CARTERA.PRESTAMOCLIENTEGRUPOSOCIAL,ESREPRESENTANTE,tinyint unsigned,NO,,,
FBS_CARTERA.PRESTAMOCLIENTEGRUPOSOCIAL,ESTAACTIVO,tinyint unsigned,NO,,,
FBS_CARTERA.PRESTAMOCLIENTEGRUPOSOCIAL,NUMEROVERIFICADOR,int,NO,,,
FBS_CARTERA.PRESTAMOCLIENTEGRUPOSOCIAL,CONCURRENCIA,timestamp(6),YES,,CURRENT_TIMESTAMP(6),DEFAULT_GENERATED on update CURRENT_TIMESTAMP(6)
FBS_CARTERA.PRESTAMOCOMPCAR_SEGUIMIENTO,SECUENCIAL,int,NO,PRI,,auto_increment
FBS_CARTERA.PRESTAMOCOMPCAR_SEGUIMIENTO,SECPRESCOMPCARTCAPITAL,int,NO,MUL,,
FBS_CARTERA.PRESTAMOCOMPCAR_SEGUIMIENTO,CODIGOUSUARIO,varchar(25),NO,MUL,,
FBS_CARTERA.PRESTAMOCOMPCAR_SEGUIMIENTO,FECHASISTEMA,datetime(3),NO,,,
FBS_CARTERA.PRESTAMOCOMPCAR_SEGUIMIENTO,FECHAMAQUINA,datetime(3),NO,,,
FBS_CARTERA.PRESTAMOCOMPCAR_SEGUIMIENTO,OBSERVACION,varchar(500),NO,,,
FBS_CARTERA.PRESTAMOCOMPCAR_SEGUIMIENTO,NUMEROVERIFICADOR,int,NO,,,
FBS_CARTERA.PRESTAMOCOMPCAR_SEGUIMIENTO,VALORCOMPROMISO,"decimal(18,2)",NO,,,
FBS_CARTERA.PRESTAMOCOMPCAR_SEGUIMIENTO,CONCURRENCIA,timestamp(6),YES,,CURRENT_TIMESTAMP(6),DEFAULT_GENERATED on update CURRENT_TIMESTAMP(6)
FBS_CARTERA.PRESTAMOCOMPCAR_SEGUIMIENTOVALOR,SECUENCIAL,int,NO,PRI,,auto_increment
FBS_CARTERA.PRESTAMOCOMPCAR_SEGUIMIENTOVALOR,SECUENCIALPRESTAMOCOMPCAR_SEG,int,NO,MUL,,
FBS_CARTERA.PRESTAMOCOMPCAR_SEGUIMIENTOVALOR,SECUENCIALPRESTAMOCOMPCAR,int,NO,MUL,,
FBS_CARTERA.PRESTAMOCOMPCAR_SEGUIMIENTOVALOR,DIFERENCIA,"decimal(18,2)",NO,,,
FBS_CARTERA.PRESTAMOCOMPCAR_SEGUIMIENTOVALOR,CONCURRENCIA,timestamp(6),YES,,CURRENT_TIMESTAMP(6),DEFAULT_GENERATED on update CURRENT_TIMESTAMP(6)
FBS_CARTERA.PRESTAMOCOMPONENTE_CARTERA,SECUENCIAL,int,NO,PRI,,auto_increment
FBS_CARTERA.PRESTAMOCOMPONENTE_CARTERA,SECUENCIALPRESTAMO,int,NO,MUL,,
FBS_CARTERA.PRESTAMOCOMPONENTE_CARTERA,SECUENCIALCOMPONENTECARTERA,int,NO,MUL,,
FBS_CARTERA.PRESTAMOCOMPONENTE_CARTERA,VALORPROYECTADO,"decimal(18,2)",NO,,,
FBS_CARTERA.PRESTAMOCOMPONENTE_CARTERA,VALORCALCULADO,"decimal(18,6)",NO,,,
FBS_CARTERA.PRESTAMOCOMPONENTE_CARTERA,VALORCOBRADO,"decimal(18,2)",NO,,,
FBS_CARTERA.PRESTAMOCOMPONENTE_CARTERA,FECHAINICIO,datetime(3),NO,,,
FBS_CARTERA.PRESTAMOCOMPONENTE_CARTERA,FECHAVENCIMIENTO,datetime(3),NO,,,
FBS_CARTERA.PRESTAMOCOMPONENTE_CARTERA,NUMEROCUOTA,int,NO,,,
FBS_CARTERA.PRESTAMOCOMPONENTE_CARTERA,CODIGOESTADOPRESTAMOCOMPONENTE,varchar(10),NO,MUL,,
FBS_CARTERA.PRESTAMOCOMPONENTE_CARTERA,FACTORCALCULO,"decimal(18,2)",NO,,,
FBS_CARTERA.PRESTAMOCOMPONENTE_CARTERA,DIASCALCULADOS,int,NO,,,
FBS_CARTERA.PRESTAMOCOMPONENTE_CARTERA,DIASATRASO,int,NO,,,
FBS_CARTERA.PRESTAMOCOMPONENTE_CARTERA,CONCURRENCIA,timestamp(6),YES,,CURRENT_TIMESTAMP(6),DEFAULT_GENERATED on update CURRENT_TIMESTAMP(6)
FBS_CARTERA.PRESTAMOCOMPONENTE_CARTERA_SALDOCAPITAL,SECUENCIALPRESTAMOCOMPONENTECARTERA,int,NO,PRI,,
FBS_CARTERA.PRESTAMOCOMPONENTE_CARTERA_SALDOCAPITAL,SALDOCUOTACAPITAL,"decimal(18,2)",NO,,,
FBS_CARTERA.PRESTAMOCOMPONENTE_CARTERA_SALDOCAPITAL,NUMEROVERIFICADOR,int,NO,,,
FBS_CARTERA.PRESTAMOCOMPONENTE_CARTERA_SALDOCAPITAL,CONCURRENCIA,timestamp(6),YES,,CURRENT_TIMESTAMP(6),DEFAULT_GENERATED on update CURRENT_TIMESTAMP(6)
FBS_CARTERA.PRESTAMOCOMPONENTE_CREDITO,SECUENCIAL,int,NO,PRI,,auto_increment
FBS_CARTERA.PRESTAMOCOMPONENTE_CREDITO,SECUENCIALPRESTAMO,int,NO,MUL,,
FBS_CARTERA.PRESTAMOCOMPONENTE_CREDITO,SECUENCIALCOMPONENTECREDITO,int,NO,MUL,,
FBS_CARTERA.PRESTAMOCOMPONENTE_CREDITO,VALOR,"decimal(18,6)",NO,,,
FBS_CARTERA.PRESTAMOCOMPONENTE_CREDITO,PLAZO,int,NO,,,
FBS_CARTERA.PRESTAMOCOMPONENTE_CREDITO,CONCURRENCIA,timestamp(6),YES,,CURRENT_TIMESTAMP(6),DEFAULT_GENERATED on update CURRENT_TIMESTAMP(6)
FBS_CARTERA.PRESTAMOCOMP_CARREESTRUCTURADO,SECUENCIAL,int,NO,PRI,,auto_increment
FBS_CARTERA.PRESTAMOCOMP_CARREESTRUCTURADO,DOCUMENTO,varchar(50),NO,MUL,,
FBS_CARTERA.PRESTAMOCOMP_CARREESTRUCTURADO,SECUENCIALPRESTAMOCOMPCAR,int,NO,MUL,,
FBS_CARTERA.PRESTAMOCOMP_CARREESTRUCTURADO,VALORPROYECTADO,"decimal(18,6)",NO,,,
FBS_CARTERA.PRESTAMOCOMP_CARREESTRUCTURADO,VALORCALCULADO,"decimal(18,6)",NO,,,
FBS_CARTERA.PRESTAMOCOMP_CARREESTRUCTURADO,VALORCOBRADO,"decimal(18,6)",NO,,,
FBS_CARTERA.PRESTAMOCOMP_CARREESTRUCTURADO,NUMEROVERIFICADOR,int,NO,,,
FBS_CARTERA.PRESTAMOCOMP_CARREESTRUCTURADO,FECHASISTEMA,datetime(3),NO,,,
FBS_CARTERA.PRESTAMOCOMP_CARREESTRUCTURADO,FECHAMAQUINA,datetime(3),NO,,,
FBS_CARTERA.PRESTAMOCOMP_CARREESTRUCTURADO,ESREPROGRAMACION,tinyint unsigned,NO,,,
FBS_CARTERA.PRESTAMOCOMP_CARREESTRUCTURADO,FECHAINICIO,datetime(3),NO,,,
FBS_CARTERA.PRESTAMOCOMP_CARREESTRUCTURADO,FECHAVENCIMIENTO,datetime(3),NO,,,
FBS_CARTERA.PRESTAMOCOMP_CARREESTRUCTURADO,NUMEROCUOTA,int,NO,,,
FBS_CARTERA.PRESTAMOCOMP_CARREESTRUCTURADO,CONCURRENCIA,timestamp(6),YES,,CURRENT_TIMESTAMP(6),DEFAULT_GENERATED on update CURRENT_TIMESTAMP(6)
FBS_CARTERA.PRESTAMOCOMP_CARTERAFACTURA,SECUENCIAL,int,NO,PRI,,auto_increment
FBS_CARTERA.PRESTAMOCOMP_CARTERAFACTURA,SECUENCIALPRESTAMOCOMPONENTECARTERA,int,NO,MUL,,
FBS_CARTERA.PRESTAMOCOMP_CARTERAFACTURA,VALORNETO,"decimal(18,2)",NO,,,
FBS_CARTERA.PRESTAMOCOMP_CARTERAFACTURA,VALORIGV,"decimal(18,2)",NO,,,
FBS_CARTERA.PRESTAMOCOMP_CARTERAFACTURA,PORCENTAJEIGV,"decimal(18,2)",NO,,,
FBS_CARTERA.PRESTAMOCOMP_CARTERAFACTURA,DOCUMENTO,char(150),NO,,,
FBS_CARTERA.PRESTAMOCOMP_CARTERAFACTURA,ESTAACTIVO,tinyint unsigned,NO,,,
FBS_CARTERA.PRESTAMOCOMP_CARTERAFACTURA,CONCURRENCIA,timestamp(6),YES,,CURRENT_TIMESTAMP(6),DEFAULT_GENERATED on update CURRENT_TIMESTAMP(6)
FBS_CARTERA.PRESTAMOCOMP_CARTERAFACTURA,CODIGOTIPODOCUMENTOVENTA,varchar(4),YES,,B02,
FBS_CARTERA.PRESTAMOCOMP_CARTERAFACTURA,PROCESONOTADEBITO,tinyint,YES,,,
FBS_CARTERA.PRESTAMOCOMP_CAR_PRESUNTIVA,SECUENCIAL,int,NO,PRI,,auto_increment
FBS_CARTERA.PRESTAMOCOMP_CAR_PRESUNTIVA,SECUENCIALPRESTAMO,int,NO,MUL,,
FBS_CARTERA.PRESTAMOCOMP_CAR_PRESUNTIVA,SECUENCIALCOMPONENTECARTERA,int,NO,MUL,,
FBS_CARTERA.PRESTAMOCOMP_CAR_PRESUNTIVA,VALORPROYECTADO,"decimal(18,6)",NO,,,
FBS_CARTERA.PRESTAMOCOMP_CAR_PRESUNTIVA,VALORCALCULADO,"decimal(18,6)",NO,,,
FBS_CARTERA.PRESTAMOCOMP_CAR_PRESUNTIVA,VALORCOBRADO,"decimal(18,6)",NO,,,
FBS_CARTERA.PRESTAMOCOMP_CAR_PRESUNTIVA,FECHAINICIO,datetime(3),NO,,,
FBS_CARTERA.PRESTAMOCOMP_CAR_PRESUNTIVA,FECHAVENCIMIENTO,datetime(3),NO,,,
FBS_CARTERA.PRESTAMOCOMP_CAR_PRESUNTIVA,NUMEROCUOTA,int,NO,,,
FBS_CARTERA.PRESTAMOCOMP_CAR_PRESUNTIVA,CODIGOESTADOPRESTAMOCOMPONENTE,varchar(10),NO,MUL,,
FBS_CARTERA.PRESTAMOCOMP_CAR_PRESUNTIVA,FACTORCALCULO,"decimal(18,6)",NO,,,
FBS_CARTERA.PRESTAMOCOMP_CAR_PRESUNTIVA,DIASCALCULADOS,int,NO,,,
FBS_CARTERA.PRESTAMOCOMP_CAR_PRESUNTIVA,DIASATRASO,int,NO,,,
FBS_CARTERA.PRESTAMOCOMP_CAR_PRESUNTIVA,CONCURRENCIA,timestamp(6),YES,,CURRENT_TIMESTAMP(6),DEFAULT_GENERATED on update CURRENT_TIMESTAMP(6)
FBS_CARTERA.PRESTAMOCOMP_CAR_PRESUNTIVA_PRESTCOMP_CAR,SECUENCIALPRESTAMOCOMPCARPRESUNTIVA,int,NO,PRI,,
FBS_CARTERA.PRESTAMOCOMP_CAR_PRESUNTIVA_PRESTCOMP_CAR,SECUENCIALPRESTAMOCOMPCAR,int,NO,MUL,,
FBS_CARTERA.PRESTAMOCOMP_CAR_PRESUNTIVA_PRESTCOMP_CAR,CONCURRENCIA,timestamp(6),YES,,CURRENT_TIMESTAMP(6),DEFAULT_GENERATED on update CURRENT_TIMESTAMP(6)
FBS_CARTERA.PRESTAMOCOMP_CAR_RANGOCLASIF,SECUENCIALPRESTAMOCOMPCAR,int,NO,PRI,,
FBS_CARTERA.PRESTAMOCOMP_CAR_RANGOCLASIF,SECUENCIALRANGOCLASIFICACION,int,NO,MUL,,
FBS_CARTERA.PRESTAMOCOMP_CAR_RANGOCLASIF,NUMEROVERIFICADOR,int,NO,,,
FBS_CARTERA.PRESTAMOCOMP_CAR_RANGOCLASIF,CONCURRENCIA,timestamp(6),YES,,CURRENT_TIMESTAMP(6),DEFAULT_GENERATED on update CURRENT_TIMESTAMP(6)
FBS_CARTERA.PRESTAMOCOMP_CAR_RANGODEVENGADOCALCBLEEMP,SECUENCIAL,int,NO,PRI,,auto_increment
FBS_CARTERA.PRESTAMOCOMP_CAR_RANGODEVENGADOCALCBLEEMP,SECUENCIALPRESTAMOCOMPCAR,int,NO,MUL,,
FBS_CARTERA.PRESTAMOCOMP_CAR_RANGODEVENGADOCALCBLEEMP,SECUENCIALRANGODEVENGADOCALIFCBLEEMP,int,NO,MUL,,
FBS_CARTERA.PRESTAMOCOMP_CAR_RANGODEVENGADOCALCBLEEMP,SALDO,"decimal(18,2)",NO,,,
FBS_CARTERA.PRESTAMOCOMP_CAR_RANGODEVENGADOCALCBLEEMP,CONCURRENCIA,timestamp(6),YES,,CURRENT_TIMESTAMP(6),DEFAULT_GENERATED on update CURRENT_TIMESTAMP(6)
FBS_CARTERA.PRESTAMOCOMP_CAR_RANGOTASASMORA,SECUENCIALPRESTAMOCOMPCAR,int,NO,PRI,,
FBS_CARTERA.PRESTAMOCOMP_CAR_RANGOTASASMORA,SECUENCIALRANGOTASASMORA,int,NO,MUL,,
FBS_CARTERA.PRESTAMOCOMP_CAR_RANGOTASASMORA,NUMEROVERIFICADOR,int,NO,,,
FBS_CARTERA.PRESTAMOCOMP_CAR_RANGOTASASMORA,CONCURRENCIA,timestamp(6),YES,,CURRENT_TIMESTAMP(6),DEFAULT_GENERATED on update CURRENT_TIMESTAMP(6)
FBS_CARTERA.PRESTAMODESENCAJE,SECUENCIAL,int,NO,PRI,,auto_increment
FBS_CARTERA.PRESTAMODESENCAJE,SECUENCIALPRESTAMOENCAJE,int,NO,MUL,,
FBS_CARTERA.PRESTAMODESENCAJE,VALORDESENCAJADO,"decimal(18,2)",NO,,,
FBS_CARTERA.PRESTAMODESENCAJE,FECHASISTEMA,datetime(3),NO,,,
FBS_CARTERA.PRESTAMODESENCAJE,FECHAMAQUINA,datetime(3),NO,,,
FBS_CARTERA.PRESTAMODESENCAJE,CODIGOUSUARIO,varchar(25),NO,MUL,,
FBS_CARTERA.PRESTAMODESENCAJE,DOCUMENTO,varchar(50),NO,,,
FBS_CARTERA.PRESTAMODESENCAJE,CONCURRENCIA,timestamp(6),YES,,CURRENT_TIMESTAMP(6),DEFAULT_GENERATED on update CURRENT_TIMESTAMP(6)
FBS_CARTERA.PRESTAMODOCUMENTOGENERACION,SECUENCIAL,int,NO,PRI,,auto_increment
FBS_CARTERA.PRESTAMODOCUMENTOGENERACION,SECUENCIALPRESTAMO,int,NO,MUL,,
FBS_CARTERA.PRESTAMODOCUMENTOGENERACION,DOCUMENTOGENERAECIONPRESTAMO,varchar(500),NO,,,
FBS_CARTERA.PRESTAMODOCUMENTOGENERACION,DOCUMENTODEBITOPRESTAMO,varchar(500),NO,,,
FBS_CARTERA.PRESTAMODOCUMENTOGENERACION,ESTAREVERSADO,tinyint unsigned,NO,,,
FBS_CARTERA.PRESTAMODOCUMENTOGENERACION,FECHASISTEMA,datetime(3),NO,,,
FBS_CARTERA.PRESTAMODOCUMENTOGENERACION,FECHAMAQUINA,datetime(3),NO,,,
FBS_CARTERA.PRESTAMODOCUMENTOGENERACION,CODIGOUSUARIO,varchar(25),NO,MUL,,
FBS_CARTERA.PRESTAMODOCUMENTOGENERACION,NUMEROVERIFICADOR,int,NO,,,
FBS_CARTERA.PRESTAMODOCUMENTOGENERACION,CONCURRENCIA,timestamp(6),YES,,CURRENT_TIMESTAMP(6),DEFAULT_GENERATED on update CURRENT_TIMESTAMP(6)
FBS_CARTERA.PRESTAMOEMPLEADO,SECUENCIAL,int,NO,PRI,,auto_increment
FBS_CARTERA.PRESTAMOEMPLEADO,SECUENCIALPRESTAMO,int,NO,,,
FBS_CARTERA.PRESTAMOEMPLEADO,SECUENCIALEMPLEADO,int,NO,,,
FBS_CARTERA.PRESTAMOEMPLEADO,FECHASISTEMA,datetime(3),NO,,,
FBS_CARTERA.PRESTAMOEMPLEADO,FECHAMAQUINA,datetime(3),NO,,,
FBS_CARTERA.PRESTAMOEMPLEADO,CODIGOUSUARIO,varchar(25),NO,,,
FBS_CARTERA.PRESTAMOEMPLEADO,ESTAACTIVO,tinyint unsigned,NO,,,
FBS_CARTERA.PRESTAMOEMPLEADO,CONCURRENCIA,timestamp(6),YES,,CURRENT_TIMESTAMP(6),DEFAULT_GENERATED on update CURRENT_TIMESTAMP(6)
FBS_CARTERA.PRESTAMOENCAJE,SECUENCIAL,int,NO,PRI,,auto_increment
FBS_CARTERA.PRESTAMOENCAJE,SECUENCIALPRESTAMO,int,NO,MUL,,
FBS_CARTERA.PRESTAMOENCAJE,SECUENCIACUENTACOMPONENTEVISTA,int,NO,MUL,,
FBS_CARTERA.PRESTAMOENCAJE,SECUENCIACUENTACOMPVISENCAJE,int,NO,MUL,,
FBS_CARTERA.PRESTAMOENCAJE,MONTOENCAJADO,"decimal(18,2)",NO,,,
FBS_CARTERA.PRESTAMOENCAJE,ESTAENCAJADO,tinyint unsigned,NO,,,
FBS_CARTERA.PRESTAMOENCAJE,NUMEROVERIFICADOR,int,NO,,,
FBS_CARTERA.PRESTAMOENCAJE,MONTODESENCAJADO,"decimal(18,2)",NO,,,
FBS_CARTERA.PRESTAMOENCAJE,CONCURRENCIA,timestamp(6),YES,,CURRENT_TIMESTAMP(6),DEFAULT_GENERATED on update CURRENT_TIMESTAMP(6)
FBS_CARTERA.PRESTAMOGARANTIAAHORRO,SECUENCIAL,int,NO,PRI,,auto_increment
FBS_CARTERA.PRESTAMOGARANTIAAHORRO,SECUENCIALPRESTAMO,int,NO,MUL,,
FBS_CARTERA.PRESTAMOGARANTIAAHORRO,SECUENCIALCUENTAGRANTIZA,int,NO,MUL,,
FBS_CARTERA.PRESTAMOGARANTIAAHORRO,VALORBLOQUEO,"decimal(18,2)",NO,,,
FBS_CARTERA.PRESTAMOGARANTIAAHORRO,SECUENCIALSOLICITUDBLOQUEO,int,NO,MUL,,
FBS_CARTERA.PRESTAMOGARANTIAAHORRO,CODIGOESTADOPRESTAMOGARANTIA,varchar(20),NO,,,
FBS_CARTERA.PRESTAMOGARANTIAAHORRO,CONCURRENCIA,timestamp(6),YES,,CURRENT_TIMESTAMP(6),DEFAULT_GENERATED on update CURRENT_TIMESTAMP(6)
FBS_CARTERA.PRESTAMOGARANTIAAVAL,SECUENCIALPRESTAMO,int,NO,PRI,,
FBS_CARTERA.PRESTAMOGARANTIAAVAL,SECUENCIALGARANTIAAVAL,int,NO,MUL,,
FBS_CARTERA.PRESTAMOGARANTIAAVAL,CODIGOESTADOPRESTAMOGARANTIA,varchar(20),NO,,,
FBS_CARTERA.PRESTAMOGARANTIAAVAL,NUMEROVERIFICADOR,int,NO,,,
FBS_CARTERA.PRESTAMOGARANTIAAVAL,CONCURRENCIA,timestamp(6),YES,,CURRENT_TIMESTAMP(6),DEFAULT_GENERATED on update CURRENT_TIMESTAMP(6)
FBS_CARTERA.PRESTAMOGARANTIACHEQUE,SECUENCIAL,int,NO,PRI,,auto_increment
FBS_CARTERA.PRESTAMOGARANTIACHEQUE,SECUENCIALPRESTAMO,int,NO,MUL,,
FBS_CARTERA.PRESTAMOGARANTIACHEQUE,SECUENCIALCHEQUE,int,NO,MUL,,
FBS_CARTERA.PRESTAMOGARANTIACHEQUE,FECHACHEQUE,datetime(3),NO,,,
FBS_CARTERA.PRESTAMOGARANTIACHEQUE,CODIGOESTADOPRESTAMOGARANTIA,varchar(10),NO,,,
FBS_CARTERA.PRESTAMOGARANTIACHEQUE,NUMEROVERIFICADOR,int,NO,,,
FBS_CARTERA.PRESTAMOGARANTIACHEQUE,CONCURRENCIA,timestamp(6),YES,,CURRENT_TIMESTAMP(6),DEFAULT_GENERATED on update CURRENT_TIMESTAMP(6)
FBS_CARTERA.PRESTAMOGARANTIADPF,SECUENCIAL,int,NO,PRI,,auto_increment
FBS_CARTERA.PRESTAMOGARANTIADPF,SECUENCIALPRESTAMO,int,NO,MUL,,
FBS_CARTERA.PRESTAMOGARANTIADPF,SECUENCIALDPF,int,NO,MUL,,
FBS_CARTERA.PRESTAMOGARANTIADPF,CODIGOESTADOPRESTAMOGARANTIA,varchar(20),NO,,,
FBS_CARTERA.PRESTAMOGARANTIADPF,NUMEROVERIFICADOR,int,NO,,,
FBS_CARTERA.PRESTAMOGARANTIADPF,CONCURRENCIA,timestamp(6),YES,,CURRENT_TIMESTAMP(6),DEFAULT_GENERATED on update CURRENT_TIMESTAMP(6)
FBS_CARTERA.PRESTAMOGARANTIAHIPOTECARIA,SECUENCIAL,int,NO,PRI,,auto_increment
FBS_CARTERA.PRESTAMOGARANTIAHIPOTECARIA,SECUENCIALPRESTAMO,int,NO,MUL,,
FBS_CARTERA.PRESTAMOGARANTIAHIPOTECARIA,SECUENCIALGARANTIAHIPOTECARIA,int,NO,MUL,,
FBS_CARTERA.PRESTAMOGARANTIAHIPOTECARIA,CODIGOESTADOPRESTAMOGARANTIA,varchar(20),NO,,,
FBS_CARTERA.PRESTAMOGARANTIAHIPOTECARIA,NUMEROVERIFICADOR,int,NO,,,
FBS_CARTERA.PRESTAMOGARANTIAHIPOTECARIA,CONCURRENCIA,timestamp(6),YES,,CURRENT_TIMESTAMP(6),DEFAULT_GENERATED on update CURRENT_TIMESTAMP(6)
FBS_CARTERA.PRESTAMOGARANTIAPERSONAL,SECUENCIAL,int,NO,PRI,,auto_increment
FBS_CARTERA.PRESTAMOGARANTIAPERSONAL,SECUENCIALPRESTAMO,int,NO,MUL,,
FBS_CARTERA.PRESTAMOGARANTIAPERSONAL,CODIGOESTADOPRESTAMOGARANTIA,varchar(10),NO,,,
FBS_CARTERA.PRESTAMOGARANTIAPERSONAL,NUMEROVERIFICADOR,int,NO,,,
FBS_CARTERA.PRESTAMOGARANTIAPERSONAL,ESCODEUDOR,tinyint unsigned,NO,,,
FBS_CARTERA.PRESTAMOGARANTIAPERSONAL,SECUENCIALPERSONA,int,NO,MUL,,
FBS_CARTERA.PRESTAMOGARANTIAPERSONAL,CONCURRENCIA,timestamp(6),YES,,CURRENT_TIMESTAMP(6),DEFAULT_GENERATED on update CURRENT_TIMESTAMP(6)
FBS_CARTERA.PRESTAMOGARANTIAPRENDARIA,SECUENCIAL,int,NO,PRI,,auto_increment
FBS_CARTERA.PRESTAMOGARANTIAPRENDARIA,SECUENCIALPRESTAMO,int,NO,MUL,,
FBS_CARTERA.PRESTAMOGARANTIAPRENDARIA,SECUENCIALGARANTIAPRENDARIA,int,NO,MUL,,
FBS_CARTERA.PRESTAMOGARANTIAPRENDARIA,CODIGOESTADOPRESTAMOGARANTIA,varchar(10),NO,,,
FBS_CARTERA.PRESTAMOGARANTIAPRENDARIA,NUMEROVERIFICADOR,int,NO,,,
FBS_CARTERA.PRESTAMOGARANTIAPRENDARIA,CONCURRENCIA,timestamp(6),YES,,CURRENT_TIMESTAMP(6),DEFAULT_GENERATED on update CURRENT_TIMESTAMP(6)
FBS_CARTERA.PRESTAMOGARDPFHOMOLOGACION,SECUENCIAL,int,NO,PRI,,auto_increment
FBS_CARTERA.PRESTAMOGARDPFHOMOLOGACION,SECUENCIALPRESTAMO,int,NO,MUL,,
FBS_CARTERA.PRESTAMOGARDPFHOMOLOGACION,SECUENCIALDPF,int,NO,MUL,,
FBS_CARTERA.PRESTAMOGARDPFHOMOLOGACION,PORCENTAJEPARTICIPACION,"decimal(18,2)",NO,,,
FBS_CARTERA.PRESTAMOGARDPFHOMOLOGACION,VALOR,"decimal(18,2)",NO,,,
FBS_CARTERA.PRESTAMOGARDPFHOMOLOGACION,FECHACALIFICACION,datetime(3),NO,,,
FBS_CARTERA.PRESTAMOGARDPFHOMOLOGACION,CONCURRENCIA,timestamp(6),YES,,CURRENT_TIMESTAMP(6),DEFAULT_GENERATED on update CURRENT_TIMESTAMP(6)
FBS_CARTERA.PRESTAMOGARHIPOTECHOMOLOGACION,SECUENCIAL,int,NO,PRI,,auto_increment
FBS_CARTERA.PRESTAMOGARHIPOTECHOMOLOGACION,SECUENCIALPRESTAMO,int,NO,MUL,,
FBS_CARTERA.PRESTAMOGARHIPOTECHOMOLOGACION,SECUENCIALGARANTIAHIPOTECARIA,int,NO,MUL,,
FBS_CARTERA.PRESTAMOGARHIPOTECHOMOLOGACION,SECUENCIALAVALUOGARANTIA,int,NO,MUL,,
FBS_CARTERA.PRESTAMOGARHIPOTECHOMOLOGACION,PORCENTAJEPARTICIPACION,"decimal(18,2)",NO,,,
FBS_CARTERA.PRESTAMOGARHIPOTECHOMOLOGACION,VALORREALIZACION,"decimal(18,2)",NO,,,
FBS_CARTERA.PRESTAMOGARHIPOTECHOMOLOGACION,FECHACALIFICACION,datetime(3),NO,,,
FBS_CARTERA.PRESTAMOGARHIPOTECHOMOLOGACION,CONCURRENCIA,timestamp(6),YES,,CURRENT_TIMESTAMP(6),DEFAULT_GENERATED on update CURRENT_TIMESTAMP(6)
FBS_CARTERA.PRESTAMOMAESTRO,SECUENCIAL,int,NO,PRI,,auto_increment
FBS_CARTERA.PRESTAMOMAESTRO,NUMEROPRESTAMO,varchar(20),NO,MUL,,
FBS_CARTERA.PRESTAMOMAESTRO,SECUENCIALEMPRESA,int,NO,MUL,,
FBS_CARTERA.PRESTAMOMAESTRO,CODIGOTIPOPRESTAMO,char(10),NO,MUL,,
FBS_CARTERA.PRESTAMOMAESTRO,CODIGOPRODUCTOCARTERA,char(20),NO,MUL,,
FBS_CARTERA.PRESTAMOMAESTRO,SECUENCIALSEGMENTOINTERNO,int,NO,MUL,,
FBS_CARTERA.PRESTAMOMAESTRO,SECUENCIALCONDICIONTABLAAMORTZ,int,NO,MUL,,
FBS_CARTERA.PRESTAMOMAESTRO,CODIGOSUBCALIFICACIONCONTABLE,varchar(10),NO,MUL,,
FBS_CARTERA.PRESTAMOMAESTRO,FRECUENCIAPAGO,int,NO,,,
FBS_CARTERA.PRESTAMOMAESTRO,NUMEROCUOTAS,int,NO,,,
FBS_CARTERA.PRESTAMOMAESTRO,DEUDAINICIAL,"decimal(18,2)",NO,,,
FBS_CARTERA.PRESTAMOMAESTRO,VALORENTREGADO,"decimal(18,2)",NO,,,
FBS_CARTERA.PRESTAMOMAESTRO,FECHAADJUDICACION,datetime(3),NO,,,
FBS_CARTERA.PRESTAMOMAESTRO,FECHAVENCIMIENTO,datetime(3),NO,,,
FBS_CARTERA.PRESTAMOMAESTRO,SECUENCIALMONEDA,int,NO,MUL,,
FBS_CARTERA.PRESTAMOMAESTRO,CODIGOESTADOPRESTAMO,char(2),NO,MUL,,
FBS_CARTERA.PRESTAMOMAESTRO,SALDOACTUAL,"decimal(18,2)",NO,,,
FBS_CARTERA.PRESTAMOMAESTRO,CALIFICACIONACTUAL,char(3),NO,,,
FBS_CARTERA.PRESTAMOMAESTRO,CALIFICACIONPEOR,char(3),NO,,,
FBS_CARTERA.PRESTAMOMAESTRO,CODIGOUSUARIOOFICIAL,varchar(25),NO,MUL,,
FBS_CARTERA.PRESTAMOMAESTRO,SECUENCIALOFICINA,int,NO,MUL,,
FBS_CARTERA.PRESTAMOMAESTRO,COBRAPORROL,tinyint unsigned,NO,,,
FBS_CARTERA.PRESTAMOMAESTRO,SEREAJUSTA,tinyint unsigned,NO,,,
FBS_CARTERA.PRESTAMOMAESTRO,DIASREAJUSTE,int,NO,,,
FBS_CARTERA.PRESTAMOMAESTRO,FECHACORTE,datetime(3),NO,,,
FBS_CARTERA.PRESTAMOMAESTRO,TEM,"decimal(18,2)",NO,,,
FBS_CARTERA.PRESTAMOMAESTRO,TEASINSEGURO,"decimal(18,2)",NO,,,
FBS_CARTERA.PRESTAMOMAESTRO,ESTAVIGENTECLASIFICACION,tinyint unsigned,NO,,,
FBS_CARTERA.PRESTAMOMAESTRO,BLOQUEADOTRANSACCIONOPERATIVA,tinyint unsigned,NO,,0,
FBS_CARTERA.PRESTAMOMAESTRO,NUMEROVERIFICADOR,int,NO,,0,
FBS_CARTERA.PRESTAMOMAESTRO,NUMEROOPERACION,varchar(20),NO,,,
FBS_CARTERA.PRESTAMOMAESTRO,IDENTIFICACIONSUJETOORIGINAL,varchar(20),NO,,,
FBS_CARTERA.PRESTAMOMAESTRO,TIPOIDENTIFICACIONSUJETOORIGIN,varchar(10),NO,,,
FBS_CARTERA.PRESTAMOMAESTRO,SALDOVENCIDO,"decimal(18,2)",NO,,,
FBS_CARTERA.PRESTAMOMAESTRO,ESPAGOPERIODICO,tinyint unsigned,NO,,,
FBS_CARTERA.PRESTAMOMAESTRO,BASECALCULO,"decimal(18,2)",NO,,,
FBS_CARTERA.PRESTAMOMAESTRO,SECUENCIALCLIENTEPRINCIPAL,int,NO,MUL,,
FBS_CARTERA.PRESTAMOMAESTRO,TASAINTERES,"decimal(18,2)",NO,,,
FBS_CARTERA.PRESTAMOMAESTRO,TCEA,"decimal(18,2)",NO,,,
FBS_CARTERA.PRESTAMOMAESTRO,CATEGORIAACTUAL,varchar(100),NO,,,
FBS_CARTERA.PRESTAMOMAESTRO,CATEGORIAPEOR,varchar(100),NO,,,
FBS_CARTERA.PRESTAMOMAESTRO,SECMIGRA,int,YES,,,
FBS_CARTERA.PRESTAMOMAESTRO,CONCURRENCIA,timestamp(6),YES,,CURRENT_TIMESTAMP(6),DEFAULT_GENERATED on update CURRENT_TIMESTAMP(6)
FBS_CARTERA.PRESTAMOMAESTROCALIFICACIONINTERES,SECUENCIALPRESTAMO,int,NO,PRI,,
FBS_CARTERA.PRESTAMOMAESTROCALIFICACIONINTERES,CALIFICACIONACTUAL,char(3),NO,,,
FBS_CARTERA.PRESTAMOMAESTROCALIFICACIONINTERES,CALIFICACIONPEOR,char(3),NO,,,
FBS_CARTERA.PRESTAMOMAESTROCALIFICACIONINTERES,CATEGORIAACTUAL,varchar(100),NO,,,
FBS_CARTERA.PRESTAMOMAESTROCALIFICACIONINTERES,CATEGORIAPEOR,varchar(100),NO,,,
FBS_CARTERA.PRESTAMOMAESTROCALIFICACIONINTERES,CONCURRENCIA,timestamp(6),YES,,CURRENT_TIMESTAMP(6),DEFAULT_GENERATED on update CURRENT_TIMESTAMP(6)
FBS_CARTERA.PRESTAMOMAESTRO_SUBCALIFICACIONCREDITO,SECUENCIALPRESTAMOMAESTRO,int,NO,PRI,,
FBS_CARTERA.PRESTAMOMAESTRO_SUBCALIFICACIONCREDITO,CODIGOSUBCALIFICACIONCREDITO,char(10),NO,MUL,,
FBS_CARTERA.PRESTAMOMAESTRO_SUBCALIFICACIONCREDITO,CONCURRENCIA,timestamp(6),YES,,CURRENT_TIMESTAMP(6),DEFAULT_GENERATED on update CURRENT_TIMESTAMP(6)
FBS_CARTERA.PRESTAMOMOVIMIENTOEXPEDIENTEFISICO,SECUENCIAL,int,NO,PRI,,auto_increment
FBS_CARTERA.PRESTAMOMOVIMIENTOEXPEDIENTEFISICO,SECUENCIALPRESTAMO,int,NO,MUL,,
FBS_CARTERA.PRESTAMOMOVIMIENTOEXPEDIENTEFISICO,SECUENCIALMOTIVOMOVIMIENTOEXPEDIENTEFISICO,int,NO,MUL,,
FBS_CARTERA.PRESTAMOMOVIMIENTOEXPEDIENTEFISICO,SECUENCIALPERSONA,int,NO,MUL,,
FBS_CARTERA.PRESTAMOMOVIMIENTOEXPEDIENTEFISICO,COMENTARIO,varchar(300),NO,,,
FBS_CARTERA.PRESTAMOMOVIMIENTOEXPEDIENTEFISICO,FECHASISTEMA,datetime(3),NO,,,
FBS_CARTERA.PRESTAMOMOVIMIENTOEXPEDIENTEFISICO,FECHAMAQUINA,datetime(3),NO,,,
FBS_CARTERA.PRESTAMOMOVIMIENTOEXPEDIENTEFISICO,CODIGOUSUARIO,varchar(25),NO,MUL,,
FBS_CARTERA.PRESTAMOMOVIMIENTOEXPEDIENTEFISICO,ESTAACTIVO,tinyint unsigned,NO,,,
FBS_CARTERA.PRESTAMOMOVIMIENTOEXPEDIENTEFISICO,NUMEROVERIFICADOR,int,NO,,,
FBS_CARTERA.PRESTAMOMOVIMIENTOEXPEDIENTEFISICO,CONCURRENCIA,timestamp(6),YES,,CURRENT_TIMESTAMP(6),DEFAULT_GENERATED on update CURRENT_TIMESTAMP(6)
FBS_CARTERA.PRESTAMOMOVIMIENTOEXPEDIENTEFISICOCAMBIOESTADO,SECUENCIAL,int,NO,PRI,,auto_increment
FBS_CARTERA.PRESTAMOMOVIMIENTOEXPEDIENTEFISICOCAMBIOESTADO,SECUENCIALPRESTAMOMOVIMIENTOEXPEDIENTEFISICO,int,NO,MUL,,
FBS_CARTERA.PRESTAMOMOVIMIENTOEXPEDIENTEFISICOCAMBIOESTADO,FECHASISTEMA,datetime(3),NO,,,
FBS_CARTERA.PRESTAMOMOVIMIENTOEXPEDIENTEFISICOCAMBIOESTADO,FECHAMAQUINA,datetime(3),NO,,,
FBS_CARTERA.PRESTAMOMOVIMIENTOEXPEDIENTEFISICOCAMBIOESTADO,CODIGOUSUARIO,varchar(25),NO,MUL,,
FBS_CARTERA.PRESTAMOMOVIMIENTOEXPEDIENTEFISICOCAMBIOESTADO,ESTAACTIVOCAMBIO,tinyint unsigned,NO,,,
FBS_CARTERA.PRESTAMOMOVIMIENTOEXPEDIENTEFISICOCAMBIOESTADO,CONCURRENCIA,timestamp(6),YES,,CURRENT_TIMESTAMP(6),DEFAULT_GENERATED on update CURRENT_TIMESTAMP(6)
FBS_CARTERA.PRESTAMOREAJUSTE,SECUENCIAL,int,NO,PRI,,auto_increment
FBS_CARTERA.PRESTAMOREAJUSTE,SECUENCIALPRESTAMO,int,NO,MUL,,
FBS_CARTERA.PRESTAMOREAJUSTE,FECHA,datetime(3),NO,,,
FBS_CARTERA.PRESTAMOREAJUSTE,FECHAMAQUINA,datetime(3),NO,,,
FBS_CARTERA.PRESTAMOREAJUSTE,CODIGOUSUARIO,varchar(25),NO,MUL,,
FBS_CARTERA.PRESTAMOREAJUSTE,CONCURRENCIA,timestamp(6),YES,,CURRENT_TIMESTAMP(6),DEFAULT_GENERATED on update CURRENT_TIMESTAMP(6)
FBS_CARTERA.PRESTAMORENOVACION,SECUENCIAL,int,NO,PRI,,auto_increment
FBS_CARTERA.PRESTAMORENOVACION,SECUENCIALPRESTAMO,int,NO,MUL,,
FBS_CARTERA.PRESTAMORENOVACION,SECUENCIALPRESTAMORENUEVA,int,NO,MUL,,
FBS_CARTERA.PRESTAMORENOVACION,VALOR,"decimal(18,2)",NO,,,
FBS_CARTERA.PRESTAMORENOVACION,CODIGOUSUARIO,varchar(25),NO,MUL,,
FBS_CARTERA.PRESTAMORENOVACION,FECHASISTEMA,datetime(3),NO,,,
FBS_CARTERA.PRESTAMORENOVACION,FECHAMAQUINA,datetime(3),NO,,,
FBS_CARTERA.PRESTAMORENOVACION,CODIGOTIPOCONDICION,varchar(20),NO,MUL,,
FBS_CARTERA.PRESTAMORENOVACION,SALDODIFERIDO,"decimal(18,2)",NO,,,
FBS_CARTERA.PRESTAMORENOVACION,SALDODIFERIDOPORRECUPERAR,"decimal(18,2)",NO,,,
FBS_CARTERA.PRESTAMORENOVACION,CONCURRENCIA,timestamp(6),YES,,CURRENT_TIMESTAMP(6),DEFAULT_GENERATED on update CURRENT_TIMESTAMP(6)
FBS_CARTERA.PRESTAMORENOVACION_MOTIVO,SECUENCIALPRESTAMORENOVACION,int,NO,PRI,,
FBS_CARTERA.PRESTAMORENOVACION_MOTIVO,DETALLE,varchar(250),NO,,,
FBS_CARTERA.PRESTAMORENOVACION_MOTIVO,CONCURRENCIA,timestamp(6),YES,,CURRENT_TIMESTAMP(6),DEFAULT_GENERATED on update CURRENT_TIMESTAMP(6)
FBS_CARTERA.PRESTAMOREPROGRAMACION,SECUENCIAL,int,NO,PRI,,auto_increment
FBS_CARTERA.PRESTAMOREPROGRAMACION,SECUENCIALPRESTAMO,int,NO,MUL,,
FBS_CARTERA.PRESTAMOREPROGRAMACION,SECUENCIALSOLICITUDREPROGRAMACION,int,NO,MUL,,
FBS_CARTERA.PRESTAMOREPROGRAMACION,CODIGOUSUARIO,varchar(25),NO,MUL,,
FBS_CARTERA.PRESTAMOREPROGRAMACION,FECHASISTEMA,datetime(3),NO,,,
FBS_CARTERA.PRESTAMOREPROGRAMACION,FECHAMAQUINA,datetime(3),NO,,,
FBS_CARTERA.PRESTAMOREPROGRAMACION,ESTAACTIVO,tinyint unsigned,NO,,,
FBS_CARTERA.PRESTAMOREPROGRAMACION,NUMEROVERIFICADOR,int,NO,,,
FBS_CARTERA.PRESTAMOREPROGRAMACION,ESREGRESION,tinyint unsigned,NO,,,
FBS_CARTERA.PRESTAMOREPROGRAMACION,SECUENCIALNOTARIO,int,NO,MUL,,
FBS_CARTERA.PRESTAMOREPROGRAMACION,CONCURRENCIA,timestamp(6),YES,,CURRENT_TIMESTAMP(6),DEFAULT_GENERATED on update CURRENT_TIMESTAMP(6)
FBS_CARTERA.PRESTAMOSOLICITUDLIQUIDACION,SECUENCIAL,int,NO,PRI,,auto_increment
FBS_CARTERA.PRESTAMOSOLICITUDLIQUIDACION,SECUENCIALPRESTAMOMAESTRO,int,NO,MUL,,
FBS_CARTERA.PRESTAMOSOLICITUDLIQUIDACION,CODIGOMOTIVOPRECANCELACION,varchar(20),NO,MUL,,
FBS_CARTERA.PRESTAMOSOLICITUDLIQUIDACION,CODIGOESTADO,varchar(20),NO,,,
FBS_CARTERA.PRESTAMOSOLICITUDLIQUIDACION,COMENTARIO,varchar(500),NO,,,
FBS_CARTERA.PRESTAMOSOLICITUDLIQUIDACION,FECHASISTEMA,datetime(3),NO,,,
FBS_CARTERA.PRESTAMOSOLICITUDLIQUIDACION,FECHAMAQUINA,datetime(3),NO,,,
FBS_CARTERA.PRESTAMOSOLICITUDLIQUIDACION,CONCURRENCIA,timestamp(6),YES,,CURRENT_TIMESTAMP(6),DEFAULT_GENERATED on update CURRENT_TIMESTAMP(6)
FBS_CARTERA.PRESTAMOTASAINTERES,SECUENCIAL,int,NO,PRI,,auto_increment
FBS_CARTERA.PRESTAMOTASAINTERES,SECUENCIALPRESTAMO,int,NO,MUL,,
FBS_CARTERA.PRESTAMOTASAINTERES,CODIGOUSUARIOFIJA,varchar(25),NO,MUL,,
FBS_CARTERA.PRESTAMOTASAINTERES,FECHASISTEMAFIJA,datetime(3),NO,,,
FBS_CARTERA.PRESTAMOTASAINTERES,FECHAMAQUINAFIJA,datetime(3),NO,,,
FBS_CARTERA.PRESTAMOTASAINTERES,TASAINTERES,"decimal(18,2)",NO,,,
FBS_CARTERA.PRESTAMOTASAINTERES,CONCURRENCIA,timestamp(6),YES,,CURRENT_TIMESTAMP(6),DEFAULT_GENERATED on update CURRENT_TIMESTAMP(6)
FBS_CARTERA.PRESTAMOTASAINTERES_AMPLIADA,SECUENCIALPRESTAMOTASAINTERES,int,NO,PRI,,
FBS_CARTERA.PRESTAMOTASAINTERES_AMPLIADA,TASAPASIVA,"decimal(18,2)",NO,,,
FBS_CARTERA.PRESTAMOTASAINTERES_AMPLIADA,MARGENREAJUSTE,"decimal(18,2)",NO,,,
FBS_CARTERA.PRESTAMOTASAINTERES_AMPLIADA,CONCURRENCIA,timestamp(6),YES,,CURRENT_TIMESTAMP(6),DEFAULT_GENERATED on update CURRENT_TIMESTAMP(6)
FBS_CARTERA.PRESTAMOTITULOVALORDACIONPAGO,SECUENCIAL,int,NO,PRI,,auto_increment
FBS_CARTERA.PRESTAMOTITULOVALORDACIONPAGO,CODIGO,varchar(50),NO,,,
FBS_CARTERA.PRESTAMOTITULOVALORDACIONPAGO,SECUENCIALMOVIMIENTO,int,NO,MUL,,
FBS_CARTERA.PRESTAMOTITULOVALORDACIONPAGO,SECUENCIALPRESTAMO,int,NO,MUL,,
FBS_CARTERA.PRESTAMOTITULOVALORDACIONPAGO,DESCRIPCION,varchar(150),NO,,,
FBS_CARTERA.PRESTAMOTITULOVALORDACIONPAGO,NOMBREEMISOR,varchar(150),NO,,,
FBS_CARTERA.PRESTAMOTITULOVALORDACIONPAGO,FECHAEMISION,datetime(3),NO,,,
FBS_CARTERA.PRESTAMOTITULOVALORDACIONPAGO,FECHAVENCIMIENTO,datetime(3),NO,,,
FBS_CARTERA.PRESTAMOTITULOVALORDACIONPAGO,FECHACONTABILIZACION,datetime(3),NO,,,
FBS_CARTERA.PRESTAMOTITULOVALORDACIONPAGO,FECHAREALIZACION,datetime(3),NO,,,
FBS_CARTERA.PRESTAMOTITULOVALORDACIONPAGO,VALORNOMINAL,"decimal(18,2)",NO,,,
FBS_CARTERA.PRESTAMOTITULOVALORDACIONPAGO,VALORPROVISION,"decimal(18,2)",NO,,,
FBS_CARTERA.PRESTAMOTITULOVALORDACIONPAGO,VALORCONTABILIZACION,"decimal(18,2)",NO,,,
FBS_CARTERA.PRESTAMOTITULOVALORDACIONPAGO,VALORREALIZACION,"decimal(18,2)",NO,,,
FBS_CARTERA.PRESTAMOTITULOVALORDACIONPAGO,CODIGOESTADO,varchar(20),NO,MUL,,
FBS_CARTERA.PRESTAMOTITULOVALORDACIONPAGO,CODIGOTIPOBIEN,varchar(10),NO,MUL,,
FBS_CARTERA.PRESTAMOTITULOVALORDACIONPAGO,CONCURRENCIA,timestamp(6),YES,,CURRENT_TIMESTAMP(6),DEFAULT_GENERATED on update CURRENT_TIMESTAMP(6)
FBS_CARTERA.PRESTAMOTITULOVALORDACIONPAGO_GARANTIA,SECUENCIALPRESTAMOTITULOVALORDACIONPAGO,int,NO,PRI,,
FBS_CARTERA.PRESTAMOTITULOVALORDACIONPAGO_GARANTIA,SECUENCIALGARANTIADPF,int,NO,MUL,,
FBS_CARTERA.PRESTAMOTITULOVALORDACIONPAGO_GARANTIA,CONCURRENCIA,timestamp(6),YES,,CURRENT_TIMESTAMP(6),DEFAULT_GENERATED on update CURRENT_TIMESTAMP(6)
FBS_CARTERA.PRESTAMOVINCULADO,SECUENCIAL,int,NO,PRI,,auto_increment
FBS_CARTERA.PRESTAMOVINCULADO,SECUENCIALPRESTAMO,int,NO,MUL,,
FBS_CARTERA.PRESTAMOVINCULADO,CODIGOTIPOVINCULACION,varchar(3),NO,,,
FBS_CARTERA.PRESTAMOVINCULADO,CODIGOUSUARIOINICIOVINCULACION,varchar(25),NO,MUL,,
FBS_CARTERA.PRESTAMOVINCULADO,FECHAINICIOVINCULACION,datetime(3),NO,,,
FBS_CARTERA.PRESTAMOVINCULADO,COMENTARIO,varchar(1000),NO,,,
FBS_CARTERA.PRESTAMOVINCULADO,ESTAACTIVO,tinyint unsigned,NO,,,
FBS_CARTERA.PRESTAMOVINCULADO,NUMEROVERIFICADOR,int,NO,,,
FBS_CARTERA.PRESTAMOVINCULADO,CONCURRENCIA,timestamp(6),YES,,CURRENT_TIMESTAMP(6),DEFAULT_GENERATED on update CURRENT_TIMESTAMP(6)
FBS_CARTERA.PRESTAMOVINCULADO_FINALIZACION,SECUENCIALPRESTAMOVINCULADO,int,NO,PRI,,
FBS_CARTERA.PRESTAMOVINCULADO_FINALIZACION,CODIGOUSUARIOFINVINCULACION,varchar(25),NO,MUL,,
FBS_CARTERA.PRESTAMOVINCULADO_FINALIZACION,FECHAFINVINCULACION,datetime(3),NO,,,
FBS_CARTERA.PRESTAMOVINCULADO_FINALIZACION,CONCURRENCIA,timestamp(6),YES,,CURRENT_TIMESTAMP(6),DEFAULT_GENERATED on update CURRENT_TIMESTAMP(6)
FBS_CARTERA.PRESTAMOXINSTITUCIONCONV,SECUENCIAL,int,NO,PRI,,auto_increment
FBS_CARTERA.PRESTAMOXINSTITUCIONCONV,SECUENCIALPRESTAMO,int,NO,MUL,,
FBS_CARTERA.PRESTAMOXINSTITUCIONCONV,CODIGOINTITUCIONCONVENIO,varchar(10),NO,MUL,,
FBS_CARTERA.PRESTAMOXINSTITUCIONCONV,CONCURRENCIA,timestamp(6),YES,,CURRENT_TIMESTAMP(6),DEFAULT_GENERATED on update CURRENT_TIMESTAMP(6)
FBS_CARTERA.PRESTAMO_CANCELACION,SECUENCIALPRESTAMO,int,NO,PRI,,
FBS_CARTERA.PRESTAMO_CANCELACION,CODIGOUSUARIO,varchar(25),NO,MUL,,
FBS_CARTERA.PRESTAMO_CANCELACION,FECHASISTEMA,datetime(3),NO,MUL,,
FBS_CARTERA.PRESTAMO_CANCELACION,FECHAMAQUINA,datetime(3),NO,,,
FBS_CARTERA.PRESTAMO_CANCELACION,ESTAACTIVO,tinyint unsigned,NO,,,
FBS_CARTERA.PRESTAMO_CANCELACION,NUMEROVERIFICADOR,int,NO,,,
FBS_CARTERA.PRESTAMO_CANCELACION,DOCUMENTO,varchar(50),NO,,,
FBS_CARTERA.PRESTAMO_CANCELACION,CONCURRENCIA,timestamp(6),YES,,CURRENT_TIMESTAMP(6),DEFAULT_GENERATED on update CURRENT_TIMESTAMP(6)
FBS_CARTERA.PRESTAMO_COMPLEMENTOBCE,SECUENCIALPRESTAMO,int,NO,PRI,,
FBS_CARTERA.PRESTAMO_COMPLEMENTOBCE,CODIGOCICN,varchar(10),NO,MUL,,
FBS_CARTERA.PRESTAMO_COMPLEMENTOBCE,CODIGODESTINOCREDITO,varchar(10),NO,MUL,,
FBS_CARTERA.PRESTAMO_COMPLEMENTOBCE,CODIGOMECANISMOINSTRUMNCRE,varchar(10),NO,MUL,,
FBS_CARTERA.PRESTAMO_COMPLEMENTOBCE,CALIFICACIONRIESGO,varchar(2),NO,,,
FBS_CARTERA.PRESTAMO_COMPLEMENTOBCE,CONCURRENCIA,timestamp(6),YES,,CURRENT_TIMESTAMP(6),DEFAULT_GENERATED on update CURRENT_TIMESTAMP(6)
FBS_CARTERA.PRESTAMO_CONVENIO,SECUENCIALPRESTAMO,int,NO,PRI,,
FBS_CARTERA.PRESTAMO_CONVENIO,NUMEROCONVENIO,int,NO,,,
FBS_CARTERA.PRESTAMO_CONVENIO,CONCURRENCIA,timestamp(6),YES,,CURRENT_TIMESTAMP(6),DEFAULT_GENERATED on update CURRENT_TIMESTAMP(6)
FBS_CARTERA.PRESTAMO_CTACOMPVIS_DEBITA,SECUENCIALPRESTAMO,int,NO,PRI,,
FBS_CARTERA.PRESTAMO_CTACOMPVIS_DEBITA,SECUENCIALCUENTACOMPVISDEBITA,int,NO,MUL,,
FBS_CARTERA.PRESTAMO_CTACOMPVIS_DEBITA,ESTAACTIVO,tinyint unsigned,NO,MUL,,
FBS_CARTERA.PRESTAMO_CTACOMPVIS_DEBITA,NUMEROVERIFICADOR,int,NO,,,
FBS_CARTERA.PRESTAMO_CTACOMPVIS_DEBITA,CONCURRENCIA,timestamp(6),YES,,CURRENT_TIMESTAMP(6),DEFAULT_GENERATED on update CURRENT_TIMESTAMP(6)
FBS_CARTERA.PRESTAMO_DATOSBCE,SECUENCIALPRESTAMO,int,NO,PRI,,
FBS_CARTERA.PRESTAMO_DATOSBCE,TIRSINSEGURO,"decimal(18,2)",NO,,,
FBS_CARTERA.PRESTAMO_DATOSBCE,TIRCONSEGURO,"decimal(18,2)",NO,,,
FBS_CARTERA.PRESTAMO_DATOSBCE,TASAREFERENCIAL,varchar(10),NO,,,
FBS_CARTERA.PRESTAMO_DATOSBCE,CONCURRENCIA,timestamp(6),YES,,CURRENT_TIMESTAMP(6),DEFAULT_GENERATED on update CURRENT_TIMESTAMP(6)
FBS_CARTERA.PRESTAMO_DESEMBOLSO,SECUENCIALPRESTAMO,int,NO,PRI,,
FBS_CARTERA.PRESTAMO_DESEMBOLSO,CODIGOUSUARIODESEMBOLSO,varchar(25),NO,MUL,,
FBS_CARTERA.PRESTAMO_DESEMBOLSO,DOCUMENTO,varchar(50),NO,,,
FBS_CARTERA.PRESTAMO_DESEMBOLSO,CONCURRENCIA,timestamp(6),YES,,CURRENT_TIMESTAMP(6),DEFAULT_GENERATED on update CURRENT_TIMESTAMP(6)
FBS_CARTERA.PRESTAMO_DOCUMENTOCUSTODIA,SECUENCIALPRESTAMO,int,NO,PRI,,
FBS_CARTERA.PRESTAMO_DOCUMENTOCUSTODIA,SECUENCIALDOCCUSTODIA,int,NO,MUL,,
FBS_CARTERA.PRESTAMO_DOCUMENTOCUSTODIA,CONCURRENCIA,timestamp(6),YES,,CURRENT_TIMESTAMP(6),DEFAULT_GENERATED on update CURRENT_TIMESTAMP(6)
FBS_CARTERA.PRESTAMO_INFORMACIONADICIONAL,SECUENCIALPRESTAMO,int,NO,PRI,,
FBS_CARTERA.PRESTAMO_INFORMACIONADICIONAL,VALORPARAESTARALDIA,"decimal(18,2)",NO,,,
FBS_CARTERA.PRESTAMO_INFORMACIONADICIONAL,VALORCANCELARHASTACUOTACURSO,"decimal(18,2)",NO,,,
FBS_CARTERA.PRESTAMO_INFORMACIONADICIONAL,VALORPROYECTADOHASTACUOTACURSO,"decimal(18,2)",NO,,,
FBS_CARTERA.PRESTAMO_INFORMACIONADICIONAL,VALORPARACANCELAR,"decimal(18,2)",NO,,,
FBS_CARTERA.PRESTAMO_INFORMACIONADICIONAL,DIASATRASO,int,NO,,,
FBS_CARTERA.PRESTAMO_INFORMACIONADICIONAL,PRIMERACUOTAATRASADA,int,NO,,,
FBS_CARTERA.PRESTAMO_INFORMACIONADICIONAL,FECHAPROXIMOPAGO,datetime(3),NO,,,
FBS_CARTERA.PRESTAMO_INFORMACIONADICIONAL,CUANTASCUOTASATRASADAS,int,NO,,,
FBS_CARTERA.PRESTAMO_INFORMACIONADICIONAL,VALORHONORARIOSABOGADO,"decimal(18,2)",NO,,,
FBS_CARTERA.PRESTAMO_INFORMACIONADICIONAL,SALDOCERTIFICADOS,"decimal(18,2)",NO,,,
FBS_CARTERA.PRESTAMO_INFORMACIONADICIONAL,CONCURRENCIA,timestamp(6),YES,,CURRENT_TIMESTAMP(6),DEFAULT_GENERATED on update CURRENT_TIMESTAMP(6)
FBS_CARTERA.PRESTAMO_INFORMACIONRENOVACION,SECUENCIALPRESTAMO,int,NO,PRI,,
FBS_CARTERA.PRESTAMO_INFORMACIONRENOVACION,FECHAULTIMACALIFICACION,datetime(3),NO,,,
FBS_CARTERA.PRESTAMO_INFORMACIONRENOVACION,CONCURRENCIA,timestamp(6),YES,,CURRENT_TIMESTAMP(6),DEFAULT_GENERATED on update CURRENT_TIMESTAMP(6)
FBS_CARTERA.PRESTAMO_ORDENDEPAGO,SECUENCIALPRESTAMO,int,NO,PRI,,
FBS_CARTERA.PRESTAMO_ORDENDEPAGO,SECUENCIALORDENDEPAGO,int,NO,MUL,,
FBS_CARTERA.PRESTAMO_ORDENDEPAGO,CONCURRENCIA,timestamp(6),YES,,CURRENT_TIMESTAMP(6),DEFAULT_GENERATED on update CURRENT_TIMESTAMP(6)
FBS_CARTERA.PRESTAMO_ORIGENRECURSO,SECUENCIALPRESTAMO,int,NO,PRI,,
FBS_CARTERA.PRESTAMO_ORIGENRECURSO,CODIGOORIGENRECURSO,char(10),NO,MUL,,
FBS_CARTERA.PRESTAMO_ORIGENRECURSO,CONCURRENCIA,timestamp(6),YES,,CURRENT_TIMESTAMP(6),DEFAULT_GENERATED on update CURRENT_TIMESTAMP(6)
FBS_CARTERA.PRESTAMO_PORCENTAJEABOGADO,SECUENCIALPRESTAMO,int,NO,PRI,,
FBS_CARTERA.PRESTAMO_PORCENTAJEABOGADO,PORCENTAJE,"decimal(18,2)",NO,,,
FBS_CARTERA.PRESTAMO_PORCENTAJEABOGADO,ESTAACTIVO,tinyint unsigned,NO,,,
FBS_CARTERA.PRESTAMO_PORCENTAJEABOGADO,NUMEROVERIFICADOR,int,NO,,,
FBS_CARTERA.PRESTAMO_PORCENTAJEABOGADO,CONCURRENCIA,timestamp(6),YES,,CURRENT_TIMESTAMP(6),DEFAULT_GENERATED on update CURRENT_TIMESTAMP(6)
FBS_CARTERA.PRESTAMO_PORCENTAJEPREJUDICIALABOGADO,SECUENCIALPRESTAMO,int,NO,PRI,,
FBS_CARTERA.PRESTAMO_PORCENTAJEPREJUDICIALABOGADO,PORCENTAJE,"decimal(18,2)",NO,,,
FBS_CARTERA.PRESTAMO_PORCENTAJEPREJUDICIALABOGADO,ESTAACTIVO,tinyint unsigned,NO,,,
FBS_CARTERA.PRESTAMO_PORCENTAJEPREJUDICIALABOGADO,ESTAREVERSADO,tinyint unsigned,NO,,,
FBS_CARTERA.PRESTAMO_PORCENTAJEPREJUDICIALABOGADO,NUMEROVERIFICADOR,int,NO,,,
FBS_CARTERA.PRESTAMO_PORCENTAJEPREJUDICIALABOGADO,CONCURRENCIA,timestamp(6),YES,,CURRENT_TIMESTAMP(6),DEFAULT_GENERATED on update CURRENT_TIMESTAMP(6)
FBS_CARTERA.PRESTAMO_PRECANCELACION,SECUENCIALPRESTAMO,int,NO,PRI,,
FBS_CARTERA.PRESTAMO_PRECANCELACION,CODIGOUSUARIO,varchar(25),NO,MUL,,
FBS_CARTERA.PRESTAMO_PRECANCELACION,FECHASISTEMA,datetime(3),NO,,,
FBS_CARTERA.PRESTAMO_PRECANCELACION,FECHAMAQUINA,datetime(3),NO,,,
FBS_CARTERA.PRESTAMO_PRECANCELACION,VALOR,"decimal(18,2)",NO,,,
FBS_CARTERA.PRESTAMO_PRECANCELACION,CONCURRENCIA,timestamp(6),YES,,CURRENT_TIMESTAMP(6),DEFAULT_GENERATED on update CURRENT_TIMESTAMP(6)
FBS_CARTERA.PRESTAMO_RECOMPRA,SECUENCIALPRESTAMO,int,NO,PRI,,
FBS_CARTERA.PRESTAMO_RECOMPRA,CODIGOUSUARIO,varchar(25),NO,MUL,,
FBS_CARTERA.PRESTAMO_RECOMPRA,FECHASISTEMA,datetime(3),NO,,,
FBS_CARTERA.PRESTAMO_RECOMPRA,FECHAMAQUINA,datetime(3),NO,,,
FBS_CARTERA.PRESTAMO_RECOMPRA,CODIGOTIPOPRESTAMOANTERIOR,char(10),NO,MUL,,
FBS_CARTERA.PRESTAMO_RECOMPRA,NUMEROOPERACIONANTERIOR,varchar(50),NO,,,
FBS_CARTERA.PRESTAMO_RECOMPRA,NUMEROVERIFICADOR,int,NO,,,
FBS_CARTERA.PRESTAMO_RECOMPRA,CONCURRENCIA,timestamp(6),YES,,CURRENT_TIMESTAMP(6),DEFAULT_GENERATED on update CURRENT_TIMESTAMP(6)
FBS_CARTERA.PRESTAMO_REPRESENTANTE,SECUENCIALPRESTAMO,int,NO,PRI,,
FBS_CARTERA.PRESTAMO_REPRESENTANTE,SECPERSONANATURALREPRPRINCIPAL,int,NO,MUL,,
FBS_CARTERA.PRESTAMO_REPRESENTANTE,CONCURRENCIA,timestamp(6),YES,,CURRENT_TIMESTAMP(6),DEFAULT_GENERATED on update CURRENT_TIMESTAMP(6)
FBS_CARTERA.PRESTAMO_SEGURODES,SECUENCIALPRESTAMO,int,NO,PRI,,
FBS_CARTERA.PRESTAMO_SEGURODES,TIENESEGUROACTIVO,int,NO,,,
FBS_CARTERA.PRESTAMO_SEGURODES,CONCURRENCIA,timestamp(6),YES,,CURRENT_TIMESTAMP(6),DEFAULT_GENERATED on update CURRENT_TIMESTAMP(6)
FBS_CARTERA.PRESTAMO_SOLICITUD,SECUENCIALPRESTAMO,int,NO,PRI,,
FBS_CARTERA.PRESTAMO_SOLICITUD,SECUENCIALSOLICITUD,int,NO,MUL,,
FBS_CARTERA.PRESTAMO_SOLICITUD,CONCURRENCIA,timestamp(6),YES,,CURRENT_TIMESTAMP(6),DEFAULT_GENERATED on update CURRENT_TIMESTAMP(6)
FBS_CARTERA.PRESTAMO_SOLICITUD_CTACOMP_VIS,SECUENCIALPRESTAMOSOLICITUD,int,NO,PRI,,
FBS_CARTERA.PRESTAMO_SOLICITUD_CTACOMP_VIS,SECUENCIALCUENTACOMPVISDESTINO,int,NO,MUL,,
FBS_CARTERA.PRESTAMO_SOLICITUD_CTACOMP_VIS,CONCURRENCIA,timestamp(6),YES,,CURRENT_TIMESTAMP(6),DEFAULT_GENERATED on update CURRENT_TIMESTAMP(6)
FBS_CARTERA.PRESTAMO_VERIFICACION,SECUENCIALPRESTAMO,int,NO,PRI,,
FBS_CARTERA.PRESTAMO_VERIFICACION,SECUENCIALTIPOVERIFICACION,int,NO,MUL,,
FBS_CARTERA.PRESTAMO_VERIFICACION,DETALLE,varchar(200),NO,,,
FBS_CARTERA.PRESTAMO_VERIFICACION,CODIGOUSUARIO,varchar(25),NO,MUL,,
FBS_CARTERA.PRESTAMO_VERIFICACION,FECHASISTEMA,datetime(3),NO,,,
FBS_CARTERA.PRESTAMO_VERIFICACION,FECHAMAQUINA,datetime(3),NO,,,
FBS_CARTERA.PRESTAMO_VERIFICACION,ESTAACTIVO,tinyint unsigned,NO,,,
FBS_CARTERA.PRESTAMO_VERIFICACION,NUMEROVERIFICADOR,int,NO,,,
FBS_CARTERA.PRESTAMO_VERIFICACION,CONCURRENCIA,timestamp(6),YES,,CURRENT_TIMESTAMP(6),DEFAULT_GENERATED on update CURRENT_TIMESTAMP(6)
FBS_CARTERA.PRESTCOMPMANUALDETALLE_PAGOABOGADO,SECUENCIALPRESTCOMPMANUALDETALLE,int,NO,PRI,,
FBS_CARTERA.PRESTCOMPMANUALDETALLE_PAGOABOGADO,SECUENCIALPRESTCOMPPAGOABOGADO,int,NO,MUL,,
FBS_CARTERA.PRESTCOMPMANUALDETALLE_PAGOABOGADO,CONCURRENCIA,timestamp(6),YES,,CURRENT_TIMESTAMP(6),DEFAULT_GENERATED on update CURRENT_TIMESTAMP(6)
FBS_CARTERA.PRESTCOMP_CART_EXCEPCIONMORA,SECUENCIALPRESTAMOCOMPCARTERA,int,NO,PRI,,
FBS_CARTERA.PRESTCOMP_CART_EXCEPCIONMORA,CAPITALPARACALCULO,"decimal(18,2)",NO,,,
FBS_CARTERA.PRESTCOMP_CART_EXCEPCIONMORA,NUMERODIASEXCEPCION,int,NO,,,
FBS_CARTERA.PRESTCOMP_CART_EXCEPCIONMORA,FECHASISTEMA,datetime(3),NO,,,
FBS_CARTERA.PRESTCOMP_CART_EXCEPCIONMORA,FECHAMAQUINA,datetime(3),NO,,,
FBS_CARTERA.PRESTCOMP_CART_EXCEPCIONMORA,ESTAPROCESADA,tinyint unsigned,NO,,,
FBS_CARTERA.PRESTCOMP_CART_EXCEPCIONMORA,NUMEROVERIFICADOR,int,NO,,,
FBS_CARTERA.PRESTCOMP_CART_EXCEPCIONMORA,CONCURRENCIA,timestamp(6),YES,,CURRENT_TIMESTAMP(6),DEFAULT_GENERATED on update CURRENT_TIMESTAMP(6)
FBS_CARTERA.PRESTCOMP_CAR_MANDETSOLCAMEST,SECUENCIAL,int,NO,PRI,,auto_increment
FBS_CARTERA.PRESTCOMP_CAR_MANDETSOLCAMEST,SECUENCIALPRESCOM_CAR_MANDETSO,int,NO,MUL,,
FBS_CARTERA.PRESTCOMP_CAR_MANDETSOLCAMEST,FECHAMAQUINA,datetime(3),NO,,,
FBS_CARTERA.PRESTCOMP_CAR_MANDETSOLCAMEST,FECHASISTEMA,datetime(3),NO,,,
FBS_CARTERA.PRESTCOMP_CAR_MANDETSOLCAMEST,CODIGOUSUARIO,varchar(25),NO,MUL,,
FBS_CARTERA.PRESTCOMP_CAR_MANDETSOLCAMEST,CODIGOESTADO,varchar(20),NO,,,
FBS_CARTERA.PRESTCOMP_CAR_MANDETSOLCAMEST,CONCURRENCIA,timestamp(6),YES,,CURRENT_TIMESTAMP(6),DEFAULT_GENERATED on update CURRENT_TIMESTAMP(6)
FBS_CARTERA.PRESTCOMP_CAR_MANDETSOLICITUD,SECUENCIAL,int,NO,PRI,,
FBS_CARTERA.PRESTCOMP_CAR_MANDETSOLICITUD,SECUENCIALPRESTCOMP_CAR_MANDET,int,NO,MUL,,
FBS_CARTERA.PRESTCOMP_CAR_MANDETSOLICITUD,CODIGOESTADO,varchar(20),NO,,,
FBS_CARTERA.PRESTCOMP_CAR_MANDETSOLICITUD,COMENTARIO,varchar(500),NO,,,
FBS_CARTERA.PRESTCOMP_CAR_MANDETSOLICITUD,FECHASISTEMA,datetime(3),NO,,,
FBS_CARTERA.PRESTCOMP_CAR_MANDETSOLICITUD,FECHAMAQUINA,datetime(3),NO,,,
FBS_CARTERA.PRESTCOMP_CAR_MANDETSOLICITUD,CONCURRENCIA,timestamp(6),YES,,CURRENT_TIMESTAMP(6),DEFAULT_GENERATED on update CURRENT_TIMESTAMP(6)
FBS_CARTERA.PRESTCOMP_CAR_MANUALDETALLE,SECUENCIAL,int,NO,PRI,,auto_increment
FBS_CARTERA.PRESTCOMP_CAR_MANUALDETALLE,SECUENCIALPRESTAMCOMPONENTECAR,int,NO,MUL,,
FBS_CARTERA.PRESTCOMP_CAR_MANUALDETALLE,DETALLE,varchar(250),NO,,,
FBS_CARTERA.PRESTCOMP_CAR_MANUALDETALLE,VALOR,"decimal(18,2)",NO,,,
FBS_CARTERA.PRESTCOMP_CAR_MANUALDETALLE,FECHASISTEMAINGRESO,datetime(3),NO,,,
FBS_CARTERA.PRESTCOMP_CAR_MANUALDETALLE,FECHAMAQUINAINGRESO,datetime(3),NO,,,
FBS_CARTERA.PRESTCOMP_CAR_MANUALDETALLE,CODIGOUSUARIOINGRESO,varchar(25),NO,MUL,,
FBS_CARTERA.PRESTCOMP_CAR_MANUALDETALLE,CODIGOTIPOGASTOJUDICIAL,char(2),NO,MUL,,
FBS_CARTERA.PRESTCOMP_CAR_MANUALDETALLE,NUMEROVERIFICADOR,int,NO,,,
FBS_CARTERA.PRESTCOMP_CAR_MANUALDETALLE,ESPORGESTIONABOGADO,tinyint unsigned,NO,,0,
FBS_CARTERA.PRESTCOMP_CAR_MANUALDETALLE,CONCURRENCIA,timestamp(6),YES,,CURRENT_TIMESTAMP(6),DEFAULT_GENERATED on update CURRENT_TIMESTAMP(6)
FBS_CARTERA.PRESTCOMP_CAR_MANUALDET_EDIC,SECUENCIAL,int,NO,PRI,,auto_increment
FBS_CARTERA.PRESTCOMP_CAR_MANUALDET_EDIC,SECUENCIALPRESTCOMPCARMANDET,int,NO,MUL,,
FBS_CARTERA.PRESTCOMP_CAR_MANUALDET_EDIC,DETALLE,varchar(250),NO,,,
FBS_CARTERA.PRESTCOMP_CAR_MANUALDET_EDIC,VALOR,"decimal(18,2)",NO,,,
FBS_CARTERA.PRESTCOMP_CAR_MANUALDET_EDIC,FECHASISTEMA,datetime(3),NO,,,
FBS_CARTERA.PRESTCOMP_CAR_MANUALDET_EDIC,FECHAMAQUINA,datetime(3),NO,,,
FBS_CARTERA.PRESTCOMP_CAR_MANUALDET_EDIC,CODIGOUSUARIO,varchar(25),NO,MUL,,
FBS_CARTERA.PRESTCOMP_CAR_MANUALDET_EDIC,CONCURRENCIA,timestamp(6),YES,,CURRENT_TIMESTAMP(6),DEFAULT_GENERATED on update CURRENT_TIMESTAMP(6)
FBS_CARTERA.PRESTCOMP_CAR_PAGOABOGADO,SECUENCIAL,int,NO,PRI,,auto_increment
FBS_CARTERA.PRESTCOMP_CAR_PAGOABOGADO,SECUENCIALPRESTACOMPOCARTERA,int,NO,MUL,,
FBS_CARTERA.PRESTCOMP_CAR_PAGOABOGADO,CODIGOABOGADO,varchar(20),NO,MUL,,
FBS_CARTERA.PRESTCOMP_CAR_PAGOABOGADO,VALORAPAGAR,"decimal(18,2)",NO,,,
FBS_CARTERA.PRESTCOMP_CAR_PAGOABOGADO,PORCENTAJEABOGADO,"decimal(18,2)",NO,,,
FBS_CARTERA.PRESTCOMP_CAR_PAGOABOGADO,FECHASISTEMA,datetime(3),NO,,,
FBS_CARTERA.PRESTCOMP_CAR_PAGOABOGADO,FECHAMAQUINA,datetime(3),NO,,,
FBS_CARTERA.PRESTCOMP_CAR_PAGOABOGADO,GENERACONCILIACION,tinyint unsigned,NO,,,
FBS_CARTERA.PRESTCOMP_CAR_PAGOABOGADO,ESTACONCILIADO,tinyint unsigned,NO,,,
FBS_CARTERA.PRESTCOMP_CAR_PAGOABOGADO,NUMEROVERIFICADOR,int,NO,,,
FBS_CARTERA.PRESTCOMP_CAR_PAGOABOGADO,ESTAANULADO,tinyint unsigned,NO,,0,
FBS_CARTERA.PRESTCOMP_CAR_PAGOABOGADO,CONCEPTO,varchar(300),NO,,,
FBS_CARTERA.PRESTCOMP_CAR_PAGOABOGADO,DOCUMENTO,varchar(50),NO,,,
FBS_CARTERA.PRESTCOMP_CAR_PAGOABOGADO,CONCURRENCIA,timestamp(6),YES,,CURRENT_TIMESTAMP(6),DEFAULT_GENERATED on update CURRENT_TIMESTAMP(6)
FBS_CARTERA.PRESTSOLDEBITOCUENTATERCERO,SECUENCIAL,int,NO,PRI,,auto_increment
FBS_CARTERA.PRESTSOLDEBITOCUENTATERCERO,SECUENCIALPRESTAMO,int,NO,MUL,,
FBS_CARTERA.PRESTSOLDEBITOCUENTATERCERO,SECUENCIALCUENTA,int,NO,MUL,,
FBS_CARTERA.PRESTSOLDEBITOCUENTATERCERO,CODIGOUSUARIO,varchar(25),NO,MUL,,
FBS_CARTERA.PRESTSOLDEBITOCUENTATERCERO,FECHASISTEMA,datetime(3),NO,,,
FBS_CARTERA.PRESTSOLDEBITOCUENTATERCERO,FECHAMAQUINA,datetime(3),NO,,,
FBS_CARTERA.PRESTSOLDEBITOCUENTATERCERO,CODIGOESTADO,varchar(20),NO,,,
FBS_CARTERA.PRESTSOLDEBITOCUENTATERCERO,NUMEROVERIFICADOR,int,NO,,,
FBS_CARTERA.PRESTSOLDEBITOCUENTATERCERO,CONCEPTO,varchar(500),NO,,,
FBS_CARTERA.PRESTSOLDEBITOCUENTATERCERO,CONCURRENCIA,timestamp(6),YES,,CURRENT_TIMESTAMP(6),DEFAULT_GENERATED on update CURRENT_TIMESTAMP(6)
FBS_CARTERA.PRESTSOLICITLIQUIDCAMBIOESTADO,SECUENCIAL,int,NO,PRI,,auto_increment
FBS_CARTERA.PRESTSOLICITLIQUIDCAMBIOESTADO,SECUENCIALPRESTSOLICLIQUID,int,NO,MUL,,
FBS_CARTERA.PRESTSOLICITLIQUIDCAMBIOESTADO,FECHAMAQUINA,datetime(3),NO,,,
FBS_CARTERA.PRESTSOLICITLIQUIDCAMBIOESTADO,FECHASISTEMA,datetime(3),NO,,,
FBS_CARTERA.PRESTSOLICITLIQUIDCAMBIOESTADO,CODIGOUSUARIO,varchar(25),NO,MUL,,
FBS_CARTERA.PRESTSOLICITLIQUIDCAMBIOESTADO,CODIGOESTADO,varchar(20),NO,,,
FBS_CARTERA.PRESTSOLICITLIQUIDCAMBIOESTADO,CONCURRENCIA,timestamp(6),YES,,CURRENT_TIMESTAMP(6),DEFAULT_GENERATED on update CURRENT_TIMESTAMP(6)
FBS_CARTERA.PREST_COMPCAR_ENLINEA_PORCTJ,SECUENCIALPRESTAMO,int,NO,PRI,,
FBS_CARTERA.PREST_COMPCAR_ENLINEA_PORCTJ,SECUENCIALCOMPCARTERAENLINEA,int,NO,MUL,,
FBS_CARTERA.PREST_COMPCAR_ENLINEA_PORCTJ,PORCENTAJE,"decimal(18,6)",NO,,,
FBS_CARTERA.PREST_COMPCAR_ENLINEA_PORCTJ,CONCURRENCIA,timestamp(6),YES,,CURRENT_TIMESTAMP(6),DEFAULT_GENERATED on update CURRENT_TIMESTAMP(6)
FBS_CARTERA.PREST_COMPCRE_CTACOMPVIS_SEGURO,SECUENCIAL,int,NO,PRI,,auto_increment
FBS_CARTERA.PREST_COMPCRE_CTACOMPVIS_SEGURO,SECUENCIALPRESTAMO,int,NO,MUL,,
FBS_CARTERA.PREST_COMPCRE_CTACOMPVIS_SEGURO,SECUENCIALCOMPONENTECREDITO,int,NO,MUL,,
FBS_CARTERA.PREST_COMPCRE_CTACOMPVIS_SEGURO,SECUENCIALCUENTACOMPVISTA,int,NO,MUL,,
FBS_CARTERA.PREST_COMPCRE_CTACOMPVIS_SEGURO,SECUENCIALSEGUROMAESTRO,int,NO,MUL,,
FBS_CARTERA.PREST_COMPCRE_CTACOMPVIS_SEGURO,VALOR,"decimal(9,2)",NO,,,
FBS_CARTERA.PREST_COMPCRE_CTACOMPVIS_SEGURO,CONCURRENCIA,timestamp(6),YES,,CURRENT_TIMESTAMP(6),DEFAULT_GENERATED on update CURRENT_TIMESTAMP(6)
FBS_CARTERA.PREST_CTACOMPVIS_DEBITACAMBIO,SECUENCIAL,int,NO,PRI,,auto_increment
FBS_CARTERA.PREST_CTACOMPVIS_DEBITACAMBIO,SECUENCIALCUENTACOMPVISDEB,int,NO,MUL,,
FBS_CARTERA.PREST_CTACOMPVIS_DEBITACAMBIO,SECUENCIALPRESTAMO,int,NO,MUL,,
FBS_CARTERA.PREST_CTACOMPVIS_DEBITACAMBIO,CODIGOUSUARIO,varchar(25),NO,MUL,,
FBS_CARTERA.PREST_CTACOMPVIS_DEBITACAMBIO,FECHASISTEMA,datetime(3),NO,,,
FBS_CARTERA.PREST_CTACOMPVIS_DEBITACAMBIO,FECHAMAQUINA,datetime(3),NO,,,
FBS_CARTERA.PREST_CTACOMPVIS_DEBITACAMBIO,NUMEROVERIFICADOR,int,NO,,,
FBS_CARTERA.PREST_CTACOMPVIS_DEBITACAMBIO,CONCURRENCIA,timestamp(6),YES,,CURRENT_TIMESTAMP(6),DEFAULT_GENERATED on update CURRENT_TIMESTAMP(6)
FBS_CARTERA.RANGOAPROBACIONSOLICITUDCONDONACION,SECUENCIAL,int,NO,PRI,,auto_increment
FBS_CARTERA.RANGOAPROBACIONSOLICITUDCONDONACION,SECUENCIALEMPRESA,int,NO,MUL,,
FBS_CARTERA.RANGOAPROBACIONSOLICITUDCONDONACION,SECUENCIALOFICINA,int,NO,MUL,,
FBS_CARTERA.RANGOAPROBACIONSOLICITUDCONDONACION,SECUENCIALMONEDA,int,NO,MUL,,
FBS_CARTERA.RANGOAPROBACIONSOLICITUDCONDONACION,CODIGOGRUPOTRABAJO,varchar(20),NO,MUL,,
FBS_CARTERA.RANGOAPROBACIONSOLICITUDCONDONACION,MONTOINICIO,"decimal(18,2)",NO,,,
FBS_CARTERA.RANGOAPROBACIONSOLICITUDCONDONACION,MONTOFIN,"decimal(18,2)",NO,,,
FBS_CARTERA.RANGOAPROBACIONSOLICITUDCONDONACION,ESTAACTIVO,tinyint,NO,,,
FBS_CARTERA.RANGOAPROBACIONSOLICITUDCONDONACION,CONCURRENCIA,timestamp(6),YES,,CURRENT_TIMESTAMP(6),DEFAULT_GENERATED on update CURRENT_TIMESTAMP(6)
FBS_CARTERA.RANGOCLASIFICACION,SECUENCIAL,int,NO,PRI,,auto_increment
FBS_CARTERA.RANGOCLASIFICACION,DIASINICIO,int,NO,,,
FBS_CARTERA.RANGOCLASIFICACION,DIASFINAL,int,NO,,,
FBS_CARTERA.RANGOCLASIFICACION,SECUENCIALCUENTACONTABLE,int,NO,MUL,,
FBS_CARTERA.RANGOCLASIFICACION,CODIGOCALIFICACIONCONTABLE,varchar(10),NO,MUL,,
FBS_CARTERA.RANGOCLASIFICACION,SECUENCIALTIPOVENCIMIENTO,int,NO,MUL,,
FBS_CARTERA.RANGOCLASIFICACION,DETALLE,varchar(100),YES,,,
FBS_CARTERA.RANGOCLASIFICACION,ESTAACTIVO,tinyint unsigned,NO,,,
FBS_CARTERA.RANGOCLASIFICACION,NUMEROVERIFICADOR,int,NO,,,
FBS_CARTERA.RANGOCLASIFICACION,CONCURRENCIA,timestamp(6),YES,,CURRENT_TIMESTAMP(6),DEFAULT_GENERATED on update CURRENT_TIMESTAMP(6)
FBS_CARTERA.RANGODEVENGADOCALIFICACIONCBLEEMP,SECUENCIAL,int,NO,PRI,,auto_increment
FBS_CARTERA.RANGODEVENGADOCALIFICACIONCBLEEMP,SECUENCIALDEVENGADOCALIFCBLE,int,NO,MUL,,
FBS_CARTERA.RANGODEVENGADOCALIFICACIONCBLEEMP,SECUENCIALEMPRESA,int,NO,MUL,,
FBS_CARTERA.RANGODEVENGADOCALIFICACIONCBLEEMP,DIASINICIO,int,NO,,,
FBS_CARTERA.RANGODEVENGADOCALIFICACIONCBLEEMP,DIASFINAL,int,NO,,,
FBS_CARTERA.RANGODEVENGADOCALIFICACIONCBLEEMP,SECUENCIALCUENTACONTABLE,int,NO,MUL,,
FBS_CARTERA.RANGODEVENGADOCALIFICACIONCBLEEMP,SECUENCIALCUENTACONTRAPARTIDA,int,NO,MUL,,
FBS_CARTERA.RANGODEVENGADOCALIFICACIONCBLEEMP,SECUENCIALCUENTAPARACOBRO,int,NO,MUL,,
FBS_CARTERA.RANGODEVENGADOCALIFICACIONCBLEEMP,ESTAACTIVO,tinyint unsigned,NO,,,
FBS_CARTERA.RANGODEVENGADOCALIFICACIONCBLEEMP,NUMEROVERIFICADOR,int,NO,,,
FBS_CARTERA.RANGODEVENGADOCALIFICACIONCBLEEMP,REVERSAINGRESOALCOBRO,tinyint unsigned,NO,,,
FBS_CARTERA.RANGODEVENGADOCALIFICACIONCBLEEMP,DETALLE,varchar(100),YES,,,
FBS_CARTERA.RANGODEVENGADOCALIFICACIONCBLEEMP,CONCURRENCIA,timestamp(6),YES,,CURRENT_TIMESTAMP(6),DEFAULT_GENERATED on update CURRENT_TIMESTAMP(6)
FBS_CARTERA.RANGOSALDOPRESTAMO,SECUENCIAL,int,NO,PRI,,auto_increment
FBS_CARTERA.RANGOSALDOPRESTAMO,SECUENCIALEMPRESA,int,NO,MUL,,
FBS_CARTERA.RANGOSALDOPRESTAMO,SECUENCIALMONEDA,int,NO,MUL,,
FBS_CARTERA.RANGOSALDOPRESTAMO,SALDOMINIMO,"decimal(18,2)",NO,,,
FBS_CARTERA.RANGOSALDOPRESTAMO,SALDOMAXIMO,"decimal(18,2)",NO,,,
FBS_CARTERA.RANGOSALDOPRESTAMO,DESCRIPCION,varchar(100),NO,,,
FBS_CARTERA.RANGOSALDOPRESTAMO,ESTAACTIVO,tinyint unsigned,NO,,,
FBS_CARTERA.RANGOSALDOPRESTAMO,NUMEROVERIFICADOR,int,NO,,,
FBS_CARTERA.RANGOSALDOPRESTAMO,CONCURRENCIA,timestamp(6),YES,,CURRENT_TIMESTAMP(6),DEFAULT_GENERATED on update CURRENT_TIMESTAMP(6)
FBS_CARTERA.RANGOTASASMORA,SECUENCIAL,int,NO,PRI,,auto_increment
FBS_CARTERA.RANGOTASASMORA,CODIGOCALIFICACIONCONTABLE,varchar(10),NO,MUL,,
FBS_CARTERA.RANGOTASASMORA,RANGOINICIAL,int,NO,,,
FBS_CARTERA.RANGOTASASMORA,RANGOFINAL,int,NO,,,
FBS_CARTERA.RANGOTASASMORA,FACTOR,"decimal(18,2)",NO,,,
FBS_CARTERA.RANGOTASASMORA,ESTAACTIVO,tinyint unsigned,NO,,,
FBS_CARTERA.RANGOTASASMORA,NUMEROVERIFICADOR,int,NO,,,
FBS_CARTERA.RANGOTASASMORA,SECUENCIALCUENTACONTABLE,int,NO,MUL,,
FBS_CARTERA.RANGOTASASMORA,CONCURRENCIA,timestamp(6),YES,,CURRENT_TIMESTAMP(6),DEFAULT_GENERATED on update CURRENT_TIMESTAMP(6)
FBS_CARTERA.REGISTROCOMPRAS_PAGOABOGADO,SECUENCIAL,int,NO,PRI,,auto_increment
FBS_CARTERA.REGISTROCOMPRAS_PAGOABOGADO,SECUENCIALREGISTROCOMPRAS,int,NO,MUL,,
FBS_CARTERA.REGISTROCOMPRAS_PAGOABOGADO,DOCUMENTO,varchar(30),NO,,,
FBS_CARTERA.REGISTROCOMPRAS_PAGOABOGADO,CONCURRENCIA,timestamp(6),YES,,CURRENT_TIMESTAMP(6),DEFAULT_GENERATED on update CURRENT_TIMESTAMP(6)
FBS_CARTERA.SOLCAMBIOGARPERSONALCAMBIOEST,SECUENCIAL,int,NO,PRI,,auto_increment
FBS_CARTERA.SOLCAMBIOGARPERSONALCAMBIOEST,SECUENCIALSOLICITUDCAMBIOGARAN,int,NO,MUL,,
FBS_CARTERA.SOLCAMBIOGARPERSONALCAMBIOEST,CODIGOUSUARIO,varchar(25),NO,MUL,,
FBS_CARTERA.SOLCAMBIOGARPERSONALCAMBIOEST,FECHASISTEMA,datetime(3),NO,,,
FBS_CARTERA.SOLCAMBIOGARPERSONALCAMBIOEST,FECHAMAQUINA,datetime(3),NO,,,
FBS_CARTERA.SOLCAMBIOGARPERSONALCAMBIOEST,CODIGOESTADOSOLICITUDCAMBIOGAR,varchar(40),NO,,,
FBS_CARTERA.SOLCAMBIOGARPERSONALCAMBIOEST,CONCURRENCIA,timestamp(6),YES,,CURRENT_TIMESTAMP(6),DEFAULT_GENERATED on update CURRENT_TIMESTAMP(6)
FBS_CARTERA.SOLCAMBIOGARPRENDARIACAMBIOEST,SECUENCIAL,int,NO,PRI,,auto_increment
FBS_CARTERA.SOLCAMBIOGARPRENDARIACAMBIOEST,SECUENCIALSOLICITUDCAMBIOGARAN,int,NO,MUL,,
FBS_CARTERA.SOLCAMBIOGARPRENDARIACAMBIOEST,CODIGOUSUARIO,varchar(25),NO,MUL,,
FBS_CARTERA.SOLCAMBIOGARPRENDARIACAMBIOEST,FECHASISTEMA,datetime(3),NO,,,
FBS_CARTERA.SOLCAMBIOGARPRENDARIACAMBIOEST,FECHAMAQUINA,datetime(3),NO,,,
FBS_CARTERA.SOLCAMBIOGARPRENDARIACAMBIOEST,CODIGOESTADOSOLICITUDCAMBIOGAR,varchar(40),NO,,,
FBS_CARTERA.SOLCAMBIOGARPRENDARIACAMBIOEST,CONCURRENCIA,timestamp(6),YES,,CURRENT_TIMESTAMP(6),DEFAULT_GENERATED on update CURRENT_TIMESTAMP(6)
FBS_CARTERA.SOLIABONOPRESTAMOVERIFDET,SECUENCIAL,int,NO,PRI,,auto_increment
FBS_CARTERA.SOLIABONOPRESTAMOVERIFDET,SECUENCIALSOLIABONOPRESTVERIF,int,NO,MUL,,
FBS_CARTERA.SOLIABONOPRESTAMOVERIFDET,SECUENCIALCOMPONENTECAUSAL,int,NO,MUL,,
FBS_CARTERA.SOLIABONOPRESTAMOVERIFDET,SECUENCIALAUXILIARCONTABLE,int,NO,,,
FBS_CARTERA.SOLIABONOPRESTAMOVERIFDET,CONCEPTO,varchar(200),NO,,,
FBS_CARTERA.SOLIABONOPRESTAMOVERIFDET,DOCUMENTO,varchar(100),NO,,,
FBS_CARTERA.SOLIABONOPRESTAMOVERIFDET,VALOR,"decimal(18,2)",NO,,,
FBS_CARTERA.SOLIABONOPRESTAMOVERIFDET,FECHA,datetime(3),NO,,,
FBS_CARTERA.SOLIABONOPRESTAMOVERIFDET,CONCURRENCIA,timestamp(6),YES,,CURRENT_TIMESTAMP(6),DEFAULT_GENERATED on update CURRENT_TIMESTAMP(6)
FBS_CARTERA.SOLIABONOPRESTAMOVERIFICACION,SECUENCIAL,int,NO,PRI,,auto_increment
FBS_CARTERA.SOLIABONOPRESTAMOVERIFICACION,SECUENCIALCLIENTE,int,NO,MUL,,
FBS_CARTERA.SOLIABONOPRESTAMOVERIFICACION,SECUENCIALPRESTAMOMAESTRO,int,NO,MUL,,
FBS_CARTERA.SOLIABONOPRESTAMOVERIFICACION,SECUENCIALMONEDA,int,NO,MUL,,
FBS_CARTERA.SOLIABONOPRESTAMOVERIFICACION,SECUENCIALTRANSACCION,int,NO,MUL,,
FBS_CARTERA.SOLIABONOPRESTAMOVERIFICACION,SECUENCIALOFICINA,int,NO,MUL,,
FBS_CARTERA.SOLIABONOPRESTAMOVERIFICACION,CODIGOESTADO,varchar(50),NO,,,
FBS_CARTERA.SOLIABONOPRESTAMOVERIFICACION,FECHASISTEMA,datetime(3),NO,,,
FBS_CARTERA.SOLIABONOPRESTAMOVERIFICACION,FECHAMAQUINA,datetime(3),NO,,,
FBS_CARTERA.SOLIABONOPRESTAMOVERIFICACION,CODIGOUSUARIO,varchar(25),NO,MUL,,
FBS_CARTERA.SOLIABONOPRESTAMOVERIFICACION,CONCURRENCIA,timestamp(6),YES,,CURRENT_TIMESTAMP(6),DEFAULT_GENERATED on update CURRENT_TIMESTAMP(6)
FBS_CARTERA.SOLIABONOPRESTAMOVERIFICAMBIOESTADO,SECUENCIAL,int,NO,PRI,,auto_increment
FBS_CARTERA.SOLIABONOPRESTAMOVERIFICAMBIOESTADO,SECUENCIALSOLIABONOPRESTVERIF,int,NO,MUL,,
FBS_CARTERA.SOLIABONOPRESTAMOVERIFICAMBIOESTADO,CODIGOESTADOORIGEN,varchar(50),NO,,,
FBS_CARTERA.SOLIABONOPRESTAMOVERIFICAMBIOESTADO,CODIGOESTADODESTINO,varchar(50),NO,,,
FBS_CARTERA.SOLIABONOPRESTAMOVERIFICAMBIOESTADO,CODIGOUSUARIOPROCESA,varchar(25),NO,MUL,,
FBS_CARTERA.SOLIABONOPRESTAMOVERIFICAMBIOESTADO,FECHASISTEMA,datetime(3),NO,,,
FBS_CARTERA.SOLIABONOPRESTAMOVERIFICAMBIOESTADO,FECHAMAQUINA,datetime(3),NO,,,
FBS_CARTERA.SOLIABONOPRESTAMOVERIFICAMBIOESTADO,CONCURRENCIA,timestamp(6),YES,,CURRENT_TIMESTAMP(6),DEFAULT_GENERATED on update CURRENT_TIMESTAMP(6)
FBS_CARTERA.SOLICITUDCAMBIOGARANTIA,SECUENCIAL,int,NO,PRI,,auto_increment
FBS_CARTERA.SOLICITUDCAMBIOGARANTIA,SECUENCIALPRESTAMO,int,NO,MUL,,
FBS_CARTERA.SOLICITUDCAMBIOGARANTIA,SECUENCIALGARANTIASALE,int,NO,MUL,,
FBS_CARTERA.SOLICITUDCAMBIOGARANTIA,SECUENCIALGARANTIAENTRA,int,NO,,,
FBS_CARTERA.SOLICITUDCAMBIOGARANTIA,CODIGOUSUARIO,varchar(25),NO,MUL,,
FBS_CARTERA.SOLICITUDCAMBIOGARANTIA,SECUENCIALOFICINA,int,NO,MUL,,
FBS_CARTERA.SOLICITUDCAMBIOGARANTIA,FECHASISTEMA,datetime(3),NO,,,
FBS_CARTERA.SOLICITUDCAMBIOGARANTIA,FECHAMAQUINA,datetime(3),NO,,,
FBS_CARTERA.SOLICITUDCAMBIOGARANTIA,COMENTARIOCAMBIO,varchar(200),NO,,,
FBS_CARTERA.SOLICITUDCAMBIOGARANTIA,CODIGOESTADOSOLICITUDCAMBIO,varchar(40),NO,,,
FBS_CARTERA.SOLICITUDCAMBIOGARANTIA,NUMEROVERIFICADOR,int,NO,,,
FBS_CARTERA.SOLICITUDCAMBIOGARANTIA,CONCURRENCIA,timestamp(6),YES,,CURRENT_TIMESTAMP(6),DEFAULT_GENERATED on update CURRENT_TIMESTAMP(6)
FBS_CARTERA.SOLICITUDCAMBIOGARANTIAPRENDARIA,SECUENCIAL,int,NO,PRI,,auto_increment
FBS_CARTERA.SOLICITUDCAMBIOGARANTIAPRENDARIA,SECUENCIALPRESTAMO,int,NO,MUL,,
FBS_CARTERA.SOLICITUDCAMBIOGARANTIAPRENDARIA,SECUENCIALGARANTIASALE,int,NO,MUL,,
FBS_CARTERA.SOLICITUDCAMBIOGARANTIAPRENDARIA,SECUENCIALGARANTIAENTRA,int,NO,MUL,,
FBS_CARTERA.SOLICITUDCAMBIOGARANTIAPRENDARIA,CODIGOUSUARIO,varchar(25),NO,MUL,,
FBS_CARTERA.SOLICITUDCAMBIOGARANTIAPRENDARIA,SECUENCIALOFICINA,int,NO,MUL,,
FBS_CARTERA.SOLICITUDCAMBIOGARANTIAPRENDARIA,FECHASISTEMA,datetime(3),NO,,,
FBS_CARTERA.SOLICITUDCAMBIOGARANTIAPRENDARIA,FECHAMAQUINA,datetime(3),NO,,,
FBS_CARTERA.SOLICITUDCAMBIOGARANTIAPRENDARIA,COMENTARIOCAMBIO,varchar(200),NO,,,
FBS_CARTERA.SOLICITUDCAMBIOGARANTIAPRENDARIA,CODIGOESTADOSOLICITUDCAMBIO,varchar(40),NO,,,
FBS_CARTERA.SOLICITUDCAMBIOGARANTIAPRENDARIA,NUMEROVERIFICADOR,int,NO,,,
FBS_CARTERA.SOLICITUDCAMBIOGARANTIAPRENDARIA,CONCURRENCIA,timestamp(6),YES,,CURRENT_TIMESTAMP(6),DEFAULT_GENERATED on update CURRENT_TIMESTAMP(6)
FBS_CARTERA.SOLICITUDCAMBIOGARANTPERSONAL,SECUENCIAL,int,NO,PRI,,auto_increment
FBS_CARTERA.SOLICITUDCAMBIOGARANTPERSONAL,SECUENCIALPRESTAMO,int,NO,MUL,,
FBS_CARTERA.SOLICITUDCAMBIOGARANTPERSONAL,SECUENCIALCLIENTEGARANTESALE,int,NO,MUL,,
FBS_CARTERA.SOLICITUDCAMBIOGARANTPERSONAL,SECUENCIALCLIENTEGARANTEENTRA,int,NO,MUL,,
FBS_CARTERA.SOLICITUDCAMBIOGARANTPERSONAL,CODIGOUSUARIO,varchar(25),NO,MUL,,
FBS_CARTERA.SOLICITUDCAMBIOGARANTPERSONAL,SECUENCIALOFICINA,int,NO,MUL,,
FBS_CARTERA.SOLICITUDCAMBIOGARANTPERSONAL,FECHASISTEMA,datetime(3),NO,,,
FBS_CARTERA.SOLICITUDCAMBIOGARANTPERSONAL,FECHAMAQUINA,datetime(3),NO,,,
FBS_CARTERA.SOLICITUDCAMBIOGARANTPERSONAL,COMENTARIOCAMBIO,varchar(200),NO,,,
FBS_CARTERA.SOLICITUDCAMBIOGARANTPERSONAL,CODIGOESTADOSOLICITUDCAMBIO,varchar(40),NO,,,
FBS_CARTERA.SOLICITUDCAMBIOGARANTPERSONAL,NUMEROVERIFICADOR,int,NO,,,
FBS_CARTERA.SOLICITUDCAMBIOGARANTPERSONAL,CONCURRENCIA,timestamp(6),YES,,CURRENT_TIMESTAMP(6),DEFAULT_GENERATED on update CURRENT_TIMESTAMP(6)
FBS_CARTERA.SOLICITUDCAMBIOGARCAMBIOEST,SECUENCIAL,int,NO,PRI,,auto_increment
FBS_CARTERA.SOLICITUDCAMBIOGARCAMBIOEST,SECUENCIALSOLCAMBIOGARANTIA,int,NO,MUL,,
FBS_CARTERA.SOLICITUDCAMBIOGARCAMBIOEST,CODIGOUSUARIO,varchar(25),NO,MUL,,
FBS_CARTERA.SOLICITUDCAMBIOGARCAMBIOEST,FECHASISTEMA,datetime(3),NO,,,
FBS_CARTERA.SOLICITUDCAMBIOGARCAMBIOEST,FECHAMAQUINA,datetime(3),NO,,,
FBS_CARTERA.SOLICITUDCAMBIOGARCAMBIOEST,CODIGOESTADOSOLCAMBIOGARANTIA,varchar(40),NO,,,
FBS_CARTERA.SOLICITUDCAMBIOGARCAMBIOEST,CONCURRENCIA,timestamp(6),YES,,CURRENT_TIMESTAMP(6),DEFAULT_GENERATED on update CURRENT_TIMESTAMP(6)
FBS_CARTERA.SOLICITUDCAMBIOTASAPRESTAMO,SECUENCIAL,int,NO,PRI,,auto_increment
FBS_CARTERA.SOLICITUDCAMBIOTASAPRESTAMO,FECHASISTEMA,timestamp(6),NO,,,
FBS_CARTERA.SOLICITUDCAMBIOTASAPRESTAMO,FECHAMAQUINA,timestamp(6),NO,,,
FBS_CARTERA.SOLICITUDCAMBIOTASAPRESTAMO,CODIGOUSUARIO,varchar(25),NO,MUL,,
FBS_CARTERA.SOLICITUDCAMBIOTASAPRESTAMO,CODIGOESTADO,varchar(25),NO,,,
FBS_CARTERA.SOLICITUDCAMBIOTASAPRESTAMO,ESENLOTE,tinyint,NO,,,
FBS_CARTERA.SOLICITUDCAMBIOTASAPRESTAMO,CONCURRENCIA,timestamp(6),YES,,CURRENT_TIMESTAMP(6),DEFAULT_GENERATED on update CURRENT_TIMESTAMP(6)
FBS_CARTERA.SOLICITUDCAMBIOTASAPRESTAMOCAMBIOESTADO,SECUENCIAL,int,NO,PRI,,auto_increment
FBS_CARTERA.SOLICITUDCAMBIOTASAPRESTAMOCAMBIOESTADO,SECUENCIALSOLICITUDCAMBIOTASAPRESTAMO,int,NO,MUL,,
FBS_CARTERA.SOLICITUDCAMBIOTASAPRESTAMOCAMBIOESTADO,FECHASISTEMA,timestamp(6),NO,,,
FBS_CARTERA.SOLICITUDCAMBIOTASAPRESTAMOCAMBIOESTADO,FECHAMAQUINA,timestamp(6),NO,,,
FBS_CARTERA.SOLICITUDCAMBIOTASAPRESTAMOCAMBIOESTADO,CODIGOUSUARIO,varchar(25),NO,MUL,,
FBS_CARTERA.SOLICITUDCAMBIOTASAPRESTAMOCAMBIOESTADO,CODIGOESTADO,varchar(25),NO,,,
FBS_CARTERA.SOLICITUDCAMBIOTASAPRESTAMOCAMBIOESTADO,CONCURRENCIA,timestamp(6),YES,,CURRENT_TIMESTAMP(6),DEFAULT_GENERATED on update CURRENT_TIMESTAMP(6)
FBS_CARTERA.SOLICITUDCAMBIOTASAPRESTAMODETALLE,SECUENCIAL,int,NO,PRI,,auto_increment
FBS_CARTERA.SOLICITUDCAMBIOTASAPRESTAMODETALLE,SECUENCIALSOLICITUDCAMBIOTASAPRESTAMO,int,NO,MUL,,
FBS_CARTERA.SOLICITUDCAMBIOTASAPRESTAMODETALLE,SECUENCIALPRESTAMOMAESTRO,int,NO,MUL,,
FBS_CARTERA.SOLICITUDCAMBIOTASAPRESTAMODETALLE,TASANUEVOVALOR,"decimal(18,2)",NO,,,
FBS_CARTERA.SOLICITUDCAMBIOTASAPRESTAMODETALLE,COMENTARIO,varchar(500),NO,,,
FBS_CARTERA.SOLICITUDCAMBIOTASAPRESTAMODETALLE,CODIGOUSUARIO,varchar(25),NO,MUL,,
FBS_CARTERA.SOLICITUDCAMBIOTASAPRESTAMODETALLE,ESTAACTIVO,tinyint,NO,,,
FBS_CARTERA.SOLICITUDCAMBIOTASAPRESTAMODETALLE,CONCURRENCIA,timestamp(6),YES,,CURRENT_TIMESTAMP(6),DEFAULT_GENERATED on update CURRENT_TIMESTAMP(6)
FBS_CARTERA.SOLICITUDCAMBIOTASAPRESTAMOENLOTE,SECUENCIALSOLICITUDCAMBIOTASAPRESTAMO,int,NO,PRI,,
FBS_CARTERA.SOLICITUDCAMBIOTASAPRESTAMOENLOTE,NOMBREARCHIVO,varchar(150),NO,MUL,,
FBS_CARTERA.SOLICITUDCAMBIOTASAPRESTAMOENLOTE,CONCURRENCIA,timestamp(6),YES,,CURRENT_TIMESTAMP(6),DEFAULT_GENERATED on update CURRENT_TIMESTAMP(6)
FBS_CARTERA.SOLICITUDCOMP_CAR_TASAMANUAL,SECUENCIAL,int,NO,PRI,,auto_increment
FBS_CARTERA.SOLICITUDCOMP_CAR_TASAMANUAL,SECUENCIALSOLICITUD,int,NO,MUL,,
FBS_CARTERA.SOLICITUDCOMP_CAR_TASAMANUAL,SECUENCIALCOMPONENTECARTASA,int,NO,MUL,,
FBS_CARTERA.SOLICITUDCOMP_CAR_TASAMANUAL,FACTORCALCULO,"decimal(18,2)",NO,,,
FBS_CARTERA.SOLICITUDCOMP_CAR_TASAMANUAL,NUMEROVERIFICADOR,int,NO,,,
FBS_CARTERA.SOLICITUDCOMP_CAR_TASAMANUAL,CONCURRENCIA,timestamp(6),YES,,CURRENT_TIMESTAMP(6),DEFAULT_GENERATED on update CURRENT_TIMESTAMP(6)
FBS_CARTERA.SOLICITUDCOMP_CAR_TASAREAJUSTE,SECUENCIAL,int,NO,PRI,,auto_increment
FBS_CARTERA.SOLICITUDCOMP_CAR_TASAREAJUSTE,SECUENCIALSOLICITUD,int,NO,MUL,,
FBS_CARTERA.SOLICITUDCOMP_CAR_TASAREAJUSTE,SECUENCIALCOMPONENTECARTASA,int,NO,MUL,,
FBS_CARTERA.SOLICITUDCOMP_CAR_TASAREAJUSTE,DIASREAJUSTE,int,NO,,,
FBS_CARTERA.SOLICITUDCOMP_CAR_TASAREAJUSTE,ESTAACTIVO,tinyint unsigned,NO,,,
FBS_CARTERA.SOLICITUDCOMP_CAR_TASAREAJUSTE,NUMEROVERIFICADOR,int,NO,,,
FBS_CARTERA.SOLICITUDCOMP_CAR_TASAREAJUSTE,CONCURRENCIA,timestamp(6),YES,,CURRENT_TIMESTAMP(6),DEFAULT_GENERATED on update CURRENT_TIMESTAMP(6)
FBS_CARTERA.SOLICITUDCONDONACION,SECUENCIAL,int,NO,PRI,,auto_increment
FBS_CARTERA.SOLICITUDCONDONACION,SECUENCIALPRESTAMO,int,NO,MUL,,
FBS_CARTERA.SOLICITUDCONDONACION,VALORCONDONACION,"decimal(18,2)",NO,,,
FBS_CARTERA.SOLICITUDCONDONACION,FECHASISTEMA,datetime(3),NO,,,
FBS_CARTERA.SOLICITUDCONDONACION,FECHAMAQUINA,datetime(3),NO,,,
FBS_CARTERA.SOLICITUDCONDONACION,CODIGOUSUARIO,varchar(25),NO,MUL,,
FBS_CARTERA.SOLICITUDCONDONACION,COMENTARIO,varchar(500),NO,,,
FBS_CARTERA.SOLICITUDCONDONACION,CODIGOESTADO,varchar(200),NO,,,
FBS_CARTERA.SOLICITUDCONDONACION,NUMEROVERIFICADOR,int,NO,,,
FBS_CARTERA.SOLICITUDCONDONACION,CONCURRENCIA,timestamp(6),YES,,CURRENT_TIMESTAMP(6),DEFAULT_GENERATED on update CURRENT_TIMESTAMP(6)
FBS_CARTERA.SOLICITUDCONDONACIONCAMBIOESTADO,SECUENCIAL,int,NO,PRI,,auto_increment
FBS_CARTERA.SOLICITUDCONDONACIONCAMBIOESTADO,SECUENCIALSOLICITUDCONDONACION,int,NO,MUL,,
FBS_CARTERA.SOLICITUDCONDONACIONCAMBIOESTADO,FECHASISTEMA,datetime(3),NO,,,
FBS_CARTERA.SOLICITUDCONDONACIONCAMBIOESTADO,FECHAMAQUINA,datetime(3),NO,,,
FBS_CARTERA.SOLICITUDCONDONACIONCAMBIOESTADO,CODIGOUSUARIO,varchar(25),NO,MUL,,
FBS_CARTERA.SOLICITUDCONDONACIONCAMBIOESTADO,CODIGOESTADOCAMBIO,varchar(200),NO,,,
FBS_CARTERA.SOLICITUDCONDONACIONCAMBIOESTADO,CONCURRENCIA,timestamp(6),YES,,CURRENT_TIMESTAMP(6),DEFAULT_GENERATED on update CURRENT_TIMESTAMP(6)
FBS_CARTERA.SOLICITUDCONDONACIONCOMP_CARTERA,SECUENCIAL,int,NO,PRI,,auto_increment
FBS_CARTERA.SOLICITUDCONDONACIONCOMP_CARTERA,SECUENCIALSOLICITUDCONDONACION,int,NO,MUL,,
FBS_CARTERA.SOLICITUDCONDONACIONCOMP_CARTERA,SECUENCIALCOMPONENTECARTERA,int,NO,MUL,,
FBS_CARTERA.SOLICITUDCONDONACIONCOMP_CARTERA,VALOR,"decimal(18,2)",NO,,,
FBS_CARTERA.SOLICITUDCONDONACIONCOMP_CARTERA,CONCURRENCIA,timestamp(6),YES,,CURRENT_TIMESTAMP(6),DEFAULT_GENERATED on update CURRENT_TIMESTAMP(6)
FBS_CARTERA.SOLICITUDDESBLOQUEOPRESTAMO,SECUENCIAL,int,NO,PRI,,auto_increment
FBS_CARTERA.SOLICITUDDESBLOQUEOPRESTAMO,SECUENCIALPRESTAMOBLOQUEOTRANS,int,NO,MUL,,
FBS_CARTERA.SOLICITUDDESBLOQUEOPRESTAMO,CODIGOUSUARIO,varchar(25),NO,MUL,,
FBS_CARTERA.SOLICITUDDESBLOQUEOPRESTAMO,FECHASISTEMA,datetime(3),NO,,,
FBS_CARTERA.SOLICITUDDESBLOQUEOPRESTAMO,FECHAMAQUINA,datetime(3),NO,,,
FBS_CARTERA.SOLICITUDDESBLOQUEOPRESTAMO,CODIGOESTADO,varchar(20),NO,,,
FBS_CARTERA.SOLICITUDDESBLOQUEOPRESTAMO,CONCURRENCIA,timestamp(6),YES,,CURRENT_TIMESTAMP(6),DEFAULT_GENERATED on update CURRENT_TIMESTAMP(6)
FBS_CARTERA.SOLICITUDDESBLOQUEOPRESTCAMBIOEST,SECUENCIAL,int,NO,PRI,,auto_increment
FBS_CARTERA.SOLICITUDDESBLOQUEOPRESTCAMBIOEST,SECUENCIALSOLICDESBLOQUEO,int,NO,MUL,,
FBS_CARTERA.SOLICITUDDESBLOQUEOPRESTCAMBIOEST,CODIGOESTADO,varchar(20),NO,,,
FBS_CARTERA.SOLICITUDDESBLOQUEOPRESTCAMBIOEST,CODIGOUSUARIO,varchar(25),NO,MUL,,
FBS_CARTERA.SOLICITUDDESBLOQUEOPRESTCAMBIOEST,FECHASISTEMA,datetime(3),NO,,,
FBS_CARTERA.SOLICITUDDESBLOQUEOPRESTCAMBIOEST,FECHAMAQUINA,datetime(3),NO,,,
FBS_CARTERA.SOLICITUDDESBLOQUEOPRESTCAMBIOEST,CONCURRENCIA,timestamp(6),YES,,CURRENT_TIMESTAMP(6),DEFAULT_GENERATED on update CURRENT_TIMESTAMP(6)
FBS_CARTERA.SOLICITUDINACTIVACIONGARANTIAPERSONAL,SECUENCIAL,int,NO,PRI,,auto_increment
FBS_CARTERA.SOLICITUDINACTIVACIONGARANTIAPERSONAL,SECPRESTAMOGARANTIAPERSONAL,int,NO,MUL,,
FBS_CARTERA.SOLICITUDINACTIVACIONGARANTIAPERSONAL,DETALLE,varchar(200),NO,,,
FBS_CARTERA.SOLICITUDINACTIVACIONGARANTIAPERSONAL,ESTADO,varchar(10),NO,MUL,,
FBS_CARTERA.SOLICITUDINACTIVACIONGARANTIAPERSONAL,FECHASISTEMA,datetime(3),NO,,,
FBS_CARTERA.SOLICITUDINACTIVACIONGARANTIAPERSONAL,FECHAMAQUINA,datetime(3),NO,,,
FBS_CARTERA.SOLICITUDINACTIVACIONGARANTIAPERSONAL,CODIGOUSUARIO,varchar(25),NO,MUL,,
FBS_CARTERA.SOLICITUDINACTIVACIONGARANTIAPERSONAL,CONCURRENCIA,timestamp(6),YES,,CURRENT_TIMESTAMP(6),DEFAULT_GENERATED on update CURRENT_TIMESTAMP(6)
FBS_CARTERA.SOLICITUDNUEVAGARANTIA,SECUENCIAL,int,NO,PRI,,auto_increment
FBS_CARTERA.SOLICITUDNUEVAGARANTIA,SECUENCIALPRESTAMOMAESTRO,int,NO,MUL,,
FBS_CARTERA.SOLICITUDNUEVAGARANTIA,FECHASISTEMA,datetime(3),NO,,,
FBS_CARTERA.SOLICITUDNUEVAGARANTIA,FECHAMAQUINA,datetime(3),NO,,,
FBS_CARTERA.SOLICITUDNUEVAGARANTIA,ESTAAPROBADA,tinyint unsigned,NO,,,
FBS_CARTERA.SOLICITUDNUEVAGARANTIA,ESTAACTIVA,tinyint unsigned,NO,,,
FBS_CARTERA.SOLICITUDNUEVAGARANTIA,CODIGOUSUARIO,varchar(25),NO,MUL,,
FBS_CARTERA.SOLICITUDNUEVAGARANTIA,NUMEROVERIFICADOR,int,NO,,,
FBS_CARTERA.SOLICITUDNUEVAGARANTIA,CONCURRENCIA,timestamp(6),YES,,CURRENT_TIMESTAMP(6),DEFAULT_GENERATED on update CURRENT_TIMESTAMP(6)
FBS_CARTERA.SOLICITUDNUEVAGARANTIADPF,SECUENCIAL,int,NO,PRI,,auto_increment
FBS_CARTERA.SOLICITUDNUEVAGARANTIADPF,SECUENCIALSOLICITUDNUEVAGARANTIA,int,NO,MUL,,
FBS_CARTERA.SOLICITUDNUEVAGARANTIADPF,SECUENCIALDPF,int,NO,MUL,,
FBS_CARTERA.SOLICITUDNUEVAGARANTIADPF,DETALLE,varchar(1000),NO,,,
FBS_CARTERA.SOLICITUDNUEVAGARANTIADPF,CODIGOUSUARIOINGRESO,varchar(25),NO,MUL,,
FBS_CARTERA.SOLICITUDNUEVAGARANTIADPF,FECHAINGRESO,datetime(3),NO,,,
FBS_CARTERA.SOLICITUDNUEVAGARANTIADPF,ESTAACTIVA,tinyint unsigned,NO,,,
FBS_CARTERA.SOLICITUDNUEVAGARANTIADPF,NUMEROVERIFICADOR,int,NO,,,
FBS_CARTERA.SOLICITUDNUEVAGARANTIADPF,CONCURRENCIA,timestamp(6),YES,,CURRENT_TIMESTAMP(6),DEFAULT_GENERATED on update CURRENT_TIMESTAMP(6)
FBS_CARTERA.SOLICITUDNUEVAGARANTIAHIPOTECARIA,SECUENCIAL,int,NO,PRI,,auto_increment
FBS_CARTERA.SOLICITUDNUEVAGARANTIAHIPOTECARIA,SECUENCIALSOLICITUDNUEVAGARANTIA,int,NO,MUL,,
FBS_CARTERA.SOLICITUDNUEVAGARANTIAHIPOTECARIA,SECUENCIALGARANTIAHIPOTECARIA,int,NO,MUL,,
FBS_CARTERA.SOLICITUDNUEVAGARANTIAHIPOTECARIA,DETALLE,varchar(500),NO,,,
FBS_CARTERA.SOLICITUDNUEVAGARANTIAHIPOTECARIA,CODIGOUSUARIOINGRESO,varchar(25),NO,MUL,,
FBS_CARTERA.SOLICITUDNUEVAGARANTIAHIPOTECARIA,FECHAINGRESO,datetime(3),NO,,,
FBS_CARTERA.SOLICITUDNUEVAGARANTIAHIPOTECARIA,ESTAACTIVA,tinyint unsigned,NO,,,
FBS_CARTERA.SOLICITUDNUEVAGARANTIAHIPOTECARIA,NUMEROVERIFICADOR,int,NO,,,
FBS_CARTERA.SOLICITUDNUEVAGARANTIAHIPOTECARIA,FECHAREGISTRO,datetime(3),NO,,,
FBS_CARTERA.SOLICITUDNUEVAGARANTIAHIPOTECARIA,NUMEROREGISTRO,varchar(50),NO,,,
FBS_CARTERA.SOLICITUDNUEVAGARANTIAHIPOTECARIA,NOMBRENOTARIO,varchar(1000),NO,,,
FBS_CARTERA.SOLICITUDNUEVAGARANTIAHIPOTECARIA,CONCURRENCIA,timestamp(6),YES,,CURRENT_TIMESTAMP(6),DEFAULT_GENERATED on update CURRENT_TIMESTAMP(6)
FBS_CARTERA.SOLICITUDNUEVAGARANTIAPERSONAL,SECUENCIAL,int,NO,PRI,,auto_increment
FBS_CARTERA.SOLICITUDNUEVAGARANTIAPERSONAL,SECUENCIALSOLICITUDNUEVAGARANT,int,NO,MUL,,
FBS_CARTERA.SOLICITUDNUEVAGARANTIAPERSONAL,SECUENCIALCLIENTE,int,NO,MUL,,
FBS_CARTERA.SOLICITUDNUEVAGARANTIAPERSONAL,DETALLE,varchar(2000),NO,,,
FBS_CARTERA.SOLICITUDNUEVAGARANTIAPERSONAL,ESTAACTIVO,tinyint unsigned,NO,,,
FBS_CARTERA.SOLICITUDNUEVAGARANTIAPERSONAL,CODIGOUSUARIO,varchar(25),NO,MUL,,
FBS_CARTERA.SOLICITUDNUEVAGARANTIAPERSONAL,CONCURRENCIA,timestamp(6),YES,,CURRENT_TIMESTAMP(6),DEFAULT_GENERATED on update CURRENT_TIMESTAMP(6)
FBS_CARTERA.SOLICITUDNUEVAGARANTIAPRENDARIA,SECUENCIAL,int,NO,PRI,,auto_increment
FBS_CARTERA.SOLICITUDNUEVAGARANTIAPRENDARIA,SECUENCIALSOLICITUDNUEVAGARANTIA,int,NO,MUL,,
FBS_CARTERA.SOLICITUDNUEVAGARANTIAPRENDARIA,SECUENCIALGARANTIAPRENDARIA,int,NO,MUL,,
FBS_CARTERA.SOLICITUDNUEVAGARANTIAPRENDARIA,DETALLE,varchar(500),NO,,,
FBS_CARTERA.SOLICITUDNUEVAGARANTIAPRENDARIA,CODIGOUSUARIOINGRESO,varchar(25),NO,MUL,,
FBS_CARTERA.SOLICITUDNUEVAGARANTIAPRENDARIA,FECHAINGRESO,datetime(3),NO,,,
FBS_CARTERA.SOLICITUDNUEVAGARANTIAPRENDARIA,ESTAACTIVA,tinyint unsigned,NO,,,
FBS_CARTERA.SOLICITUDNUEVAGARANTIAPRENDARIA,NUMEROVERIFICADOR,int,NO,,,
FBS_CARTERA.SOLICITUDNUEVAGARANTIAPRENDARIA,FECHAREGISTRO,datetime(3),NO,,,
FBS_CARTERA.SOLICITUDNUEVAGARANTIAPRENDARIA,NUMEROREGISTRO,varchar(50),NO,,,
FBS_CARTERA.SOLICITUDNUEVAGARANTIAPRENDARIA,NOMBRENOTARIO,varchar(1000),NO,,,
FBS_CARTERA.SOLICITUDNUEVAGARANTIAPRENDARIA,CONCURRENCIA,timestamp(6),YES,,CURRENT_TIMESTAMP(6),DEFAULT_GENERATED on update CURRENT_TIMESTAMP(6)
FBS_CARTERA.SOLICITUDREPROGRAMACION,SECUENCIAL,int,NO,PRI,,auto_increment
FBS_CARTERA.SOLICITUDREPROGRAMACION,SECUENCIALPRESTAMO,int,NO,MUL,,
FBS_CARTERA.SOLICITUDREPROGRAMACION,FECHASISTEMA,datetime(3),NO,,,
FBS_CARTERA.SOLICITUDREPROGRAMACION,FECHAMAQUINA,datetime(3),NO,,,
FBS_CARTERA.SOLICITUDREPROGRAMACION,CODIGOUSUARIO,varchar(25),NO,MUL,,
FBS_CARTERA.SOLICITUDREPROGRAMACION,COMENTARIO,varchar(500),NO,,,
FBS_CARTERA.SOLICITUDREPROGRAMACION,CODIGOESTADO,varchar(200),NO,,,
FBS_CARTERA.SOLICITUDREPROGRAMACION,NUMEROVERIFICADOR,int,NO,,,
FBS_CARTERA.SOLICITUDREPROGRAMACION,FECHAPROXIMACUOTA,datetime(3),NO,,,
FBS_CARTERA.SOLICITUDREPROGRAMACION,NUEVONUMEROCUOTAS,int,NO,,,
FBS_CARTERA.SOLICITUDREPROGRAMACION,NUEVOVALORCUOTA,"decimal(18,2)",NO,,,
FBS_CARTERA.SOLICITUDREPROGRAMACION,ESREGRESION,tinyint unsigned,NO,,,
FBS_CARTERA.SOLICITUDREPROGRAMACION,CONCURRENCIA,timestamp(6),YES,,CURRENT_TIMESTAMP(6),DEFAULT_GENERATED on update CURRENT_TIMESTAMP(6)
FBS_CARTERA.SOLICITUDREPROGRAMACIONCAMBIOESTADO,SECUENCIAL,int,NO,PRI,,auto_increment
FBS_CARTERA.SOLICITUDREPROGRAMACIONCAMBIOESTADO,SECUENCIALSOLICITUDREPROGRAMACION,int,NO,MUL,,
FBS_CARTERA.SOLICITUDREPROGRAMACIONCAMBIOESTADO,FECHASISTEMA,datetime(3),NO,,,
FBS_CARTERA.SOLICITUDREPROGRAMACIONCAMBIOESTADO,FECHAMAQUINA,datetime(3),NO,,,
FBS_CARTERA.SOLICITUDREPROGRAMACIONCAMBIOESTADO,CODIGOUSUARIO,varchar(25),NO,MUL,,
FBS_CARTERA.SOLICITUDREPROGRAMACIONCAMBIOESTADO,CODIGOESTADOCAMBIO,varchar(200),NO,,,
FBS_CARTERA.SOLICITUDREPROGRAMACIONCAMBIOESTADO,CONCURRENCIA,timestamp(6),YES,,CURRENT_TIMESTAMP(6),DEFAULT_GENERATED on update CURRENT_TIMESTAMP(6)
FBS_CARTERA.SOLICITUDREPR_EXCEPCION,SECUENCIALSOLICITUDREPROGRAMACION,int,NO,PRI,,
FBS_CARTERA.SOLICITUDREPR_EXCEPCION,FECHASISTEMA,datetime(3),NO,,,
FBS_CARTERA.SOLICITUDREPR_EXCEPCION,FECHAMAQUINA,datetime(3),NO,,,
FBS_CARTERA.SOLICITUDREPR_EXCEPCION,CODIGOUSUARIO,varchar(25),NO,MUL,,
FBS_CARTERA.SOLICITUDREPR_EXCEPCION,CODIGOESTADO,varchar(200),NO,,,
FBS_CARTERA.SOLICITUDREPR_EXCEPCION,NUMEROVERIFICADOR,int,NO,,,
FBS_CARTERA.SOLICITUDREPR_EXCEPCION,CONCURRENCIA,timestamp(6),YES,,CURRENT_TIMESTAMP(6),DEFAULT_GENERATED on update CURRENT_TIMESTAMP(6)
FBS_CARTERA.SOLICITUDREPR_EXCEPCIONCAMBIOESTADO,SECUENCIAL,int,NO,PRI,,auto_increment
FBS_CARTERA.SOLICITUDREPR_EXCEPCIONCAMBIOESTADO,SECUENCIALSOLICITUDREPREXCEPCION,int,NO,MUL,,
FBS_CARTERA.SOLICITUDREPR_EXCEPCIONCAMBIOESTADO,FECHASISTEMA,datetime(3),NO,,,
FBS_CARTERA.SOLICITUDREPR_EXCEPCIONCAMBIOESTADO,FECHAMAQUINA,datetime(3),NO,,,
FBS_CARTERA.SOLICITUDREPR_EXCEPCIONCAMBIOESTADO,CODIGOUSUARIO,varchar(25),NO,MUL,,
FBS_CARTERA.SOLICITUDREPR_EXCEPCIONCAMBIOESTADO,CODIGOESTADOCAMBIO,varchar(200),NO,,,
FBS_CARTERA.SOLICITUDREPR_EXCEPCIONCAMBIOESTADO,CONCURRENCIA,timestamp(6),YES,,CURRENT_TIMESTAMP(6),DEFAULT_GENERATED on update CURRENT_TIMESTAMP(6)
FBS_CARTERA.SOLINACTIVACIONGARANTIAPERSONALCAMBIOESTADO,SECUENCIAL,int,NO,PRI,,auto_increment
FBS_CARTERA.SOLINACTIVACIONGARANTIAPERSONALCAMBIOESTADO,SECSOLINACTIVACIONGARANTIAPERSONAL,int,NO,MUL,,
FBS_CARTERA.SOLINACTIVACIONGARANTIAPERSONALCAMBIOESTADO,ESTADO,varchar(10),NO,,,
FBS_CARTERA.SOLINACTIVACIONGARANTIAPERSONALCAMBIOESTADO,FECHASISTEMA,datetime(3),NO,,,
FBS_CARTERA.SOLINACTIVACIONGARANTIAPERSONALCAMBIOESTADO,FECHAMAQUINA,datetime(3),NO,,,
FBS_CARTERA.SOLINACTIVACIONGARANTIAPERSONALCAMBIOESTADO,CODIGOUSUARIO,varchar(25),NO,MUL,,
FBS_CARTERA.SOLINACTIVACIONGARANTIAPERSONALCAMBIOESTADO,CONCURRENCIA,timestamp(6),YES,,CURRENT_TIMESTAMP(6),DEFAULT_GENERATED on update CURRENT_TIMESTAMP(6)
FBS_CARTERA.SUBCALFCONT_COMPCAR_TASAADI,SECUENCIALSUBCALIFCOMPCARTASA,int,NO,PRI,,
FBS_CARTERA.SUBCALFCONT_COMPCAR_TASAADI,MONTOINICIAL,"decimal(18,2)",NO,,,
FBS_CARTERA.SUBCALFCONT_COMPCAR_TASAADI,MONTOFINAL,"decimal(18,2)",NO,,,
FBS_CARTERA.SUBCALFCONT_COMPCAR_TASAADI,MARGENTASA,"decimal(18,2)",NO,,,
FBS_CARTERA.SUBCALFCONT_COMPCAR_TASAADI,CODIGOTIPOPRESTAMO,char(10),NO,MUL,,
FBS_CARTERA.SUBCALFCONT_COMPCAR_TASAADI,ESTAACTIVO,tinyint unsigned,NO,,,
FBS_CARTERA.SUBCALFCONT_COMPCAR_TASAADI,CONCURRENCIA,timestamp(6),YES,,CURRENT_TIMESTAMP(6),DEFAULT_GENERATED on update CURRENT_TIMESTAMP(6)
FBS_CARTERA.SUBCALIFCBLECOMP_CARTASA,SECUENCIAL,int,NO,PRI,,auto_increment
FBS_CARTERA.SUBCALIFCBLECOMP_CARTASA,CODIGOSUBCALIFICACIONCONTABLE,varchar(10),NO,MUL,,
FBS_CARTERA.SUBCALIFCBLECOMP_CARTASA,SECUENCIALCOMPONENTECARTASA,int,NO,MUL,,
FBS_CARTERA.SUBCALIFCBLECOMP_CARTASA,PLAZOINICIO,int,NO,,,
FBS_CARTERA.SUBCALIFCBLECOMP_CARTASA,PLAZOFINAL,int,NO,,,
FBS_CARTERA.SUBCALIFCBLECOMP_CARTASA,DEUDAINICIO,"decimal(18,2)",NO,,,
FBS_CARTERA.SUBCALIFCBLECOMP_CARTASA,DEUDAFIN,"decimal(18,2)",NO,,,
FBS_CARTERA.SUBCALIFCBLECOMP_CARTASA,FACTORCALCULO,"decimal(18,2)",NO,,,
FBS_CARTERA.SUBCALIFCBLECOMP_CARTASA,ESEDITABLE,tinyint unsigned,NO,,,
FBS_CARTERA.SUBCALIFCBLECOMP_CARTASA,CODIGOUSUARIOACTIVA,varchar(25),NO,MUL,,
FBS_CARTERA.SUBCALIFCBLECOMP_CARTASA,FECHAMAQUINAACTIVACION,datetime(3),NO,,,
FBS_CARTERA.SUBCALIFCBLECOMP_CARTASA,ESTAACTIVA,tinyint unsigned,NO,,,
FBS_CARTERA.SUBCALIFCBLECOMP_CARTASA,FACTORCALCULOENCAJE,"decimal(18,2)",NO,,,
FBS_CARTERA.SUBCALIFCBLECOMP_CARTASA,CONCURRENCIA,timestamp(6),YES,,CURRENT_TIMESTAMP(6),DEFAULT_GENERATED on update CURRENT_TIMESTAMP(6)
FBS_CARTERA.SUBCALIFCBLECOMP_CARTASATIPOPRESTAMO,SECUENCIAL,int,NO,PRI,,auto_increment
FBS_CARTERA.SUBCALIFCBLECOMP_CARTASATIPOPRESTAMO,SECUENCSUBCALFCBLECOMPCARTASA,int,NO,MUL,,
FBS_CARTERA.SUBCALIFCBLECOMP_CARTASATIPOPRESTAMO,CODIGOTIPOPRESTAMO,char(10),NO,MUL,,
FBS_CARTERA.SUBCALIFCBLECOMP_CARTASATIPOPRESTAMO,TASAPASIVA,"decimal(18,2)",NO,,,
FBS_CARTERA.SUBCALIFCBLECOMP_CARTASATIPOPRESTAMO,MARGENREAJUSTE,"decimal(18,2)",NO,,,
FBS_CARTERA.SUBCALIFCBLECOMP_CARTASATIPOPRESTAMO,CONCURRENCIA,timestamp(6),YES,,CURRENT_TIMESTAMP(6),DEFAULT_GENERATED on update CURRENT_TIMESTAMP(6)
FBS_CARTERA.TIPOBIEN,CODIGO,varchar(10),NO,PRI,,
FBS_CARTERA.TIPOBIEN,NOMBRE,varchar(100),NO,,,
FBS_CARTERA.TIPOBIEN,SECUENCIALCAUSALABONO,int,NO,MUL,,
FBS_CARTERA.TIPOBIEN,SECUENCIALCTACONTPROVISION,int,NO,MUL,,
FBS_CARTERA.TIPOBIEN,ESTAACTIVO,tinyint unsigned,NO,,,
FBS_CARTERA.TIPOBIEN,NUMEROVERIFICADOR,int,NO,,,
FBS_CARTERA.TIPOBIEN,CONCURRENCIA,timestamp(6),YES,,CURRENT_TIMESTAMP(6),DEFAULT_GENERATED on update CURRENT_TIMESTAMP(6)
FBS_CARTERA.TIPOCATEGORIACONDICIONCALIFICACION,CODIGO,varchar(10),NO,PRI,,
FBS_CARTERA.TIPOCATEGORIACONDICIONCALIFICACION,NOMBRE,varchar(100),NO,,,
FBS_CARTERA.TIPOCATEGORIACONDICIONCALIFICACION,DETALLE,varchar(250),NO,,,
FBS_CARTERA.TIPOCATEGORIACONDICIONCALIFICACION,ESPROVISIONGENERICA,tinyint unsigned,NO,,,
FBS_CARTERA.TIPOCATEGORIACONDICIONCALIFICACION,ESTAACTIVO,tinyint unsigned,NO,,,
FBS_CARTERA.TIPOCATEGORIACONDICIONCALIFICACION,NUMEROVERIFICADOR,int,NO,,,
FBS_CARTERA.TIPOCATEGORIACONDICIONCALIFICACION,LETRACALIFICACION,varchar(3),NO,UNI,,
FBS_CARTERA.TIPOCATEGORIACONDICIONCALIFICACION,CONCURRENCIA,timestamp(6),YES,,CURRENT_TIMESTAMP(6),DEFAULT_GENERATED on update CURRENT_TIMESTAMP(6)
FBS_CARTERA.TIPOCOMENTARIO,SECUENCIAL,int,NO,PRI,,auto_increment
FBS_CARTERA.TIPOCOMENTARIO,NOMBRE,varchar(100),NO,,,
FBS_CARTERA.TIPOCOMENTARIO,ESTAACTIVO,tinyint unsigned,NO,,,
FBS_CARTERA.TIPOCOMENTARIO,NUMEROVERIFICADOR,int,NO,,,
FBS_CARTERA.TIPOCOMENTARIO,CONCURRENCIA,timestamp(6),YES,,CURRENT_TIMESTAMP(6),DEFAULT_GENERATED on update CURRENT_TIMESTAMP(6)
FBS_CARTERA.TIPOCOMPONENTECARTERA,SECUENCIAL,int,NO,PRI,,auto_increment
FBS_CARTERA.TIPOCOMPONENTECARTERA,NOMBRE,varchar(50),NO,,,
FBS_CARTERA.TIPOCOMPONENTECARTERA,VISTA,varchar(100),NO,,,
FBS_CARTERA.TIPOCOMPONENTECARTERA,PRESENTADORNUEVO,varchar(100),NO,,,
FBS_CARTERA.TIPOCOMPONENTECARTERA,PRESENTADOREDICION,varchar(100),NO,,,
FBS_CARTERA.TIPOCOMPONENTECARTERA,ESTAACTIVO,tinyint unsigned,NO,,,
FBS_CARTERA.TIPOCOMPONENTECARTERA,NUMEROVERIFICADOR,int,NO,,,
FBS_CARTERA.TIPOCOMPONENTECARTERA,CONCURRENCIA,timestamp(6),YES,,CURRENT_TIMESTAMP(6),DEFAULT_GENERATED on update CURRENT_TIMESTAMP(6)
FBS_CARTERA.TIPOGASTOJUDICIAL,CODIGO,char(2),NO,PRI,,
FBS_CARTERA.TIPOGASTOJUDICIAL,NOMBRE,varchar(100),NO,,,
FBS_CARTERA.TIPOGASTOJUDICIAL,ESTAACTIVO,tinyint unsigned,NO,,,
FBS_CARTERA.TIPOGASTOJUDICIAL,NUMEROVERIFICADOR,int,NO,,,
FBS_CARTERA.TIPOGASTOJUDICIAL,CONCURRENCIA,timestamp(6),YES,,CURRENT_TIMESTAMP(6),DEFAULT_GENERATED on update CURRENT_TIMESTAMP(6)
FBS_CARTERA.TIPOHOMOLOGACION,CODIGO,varchar(4),NO,PRI,,
FBS_CARTERA.TIPOHOMOLOGACION,NOMBRE,varchar(150),NO,,,
FBS_CARTERA.TIPOHOMOLOGACION,ESTAACTIVO,tinyint unsigned,NO,,,
FBS_CARTERA.TIPOHOMOLOGACION,NUMEROVERIFICADOR,int,NO,,,
FBS_CARTERA.TIPOHOMOLOGACION,CONCURRENCIA,timestamp(6),YES,,CURRENT_TIMESTAMP(6),DEFAULT_GENERATED on update CURRENT_TIMESTAMP(6)
FBS_CARTERA.TIPOPRESTAMOCOMPONENTE_CARTASA,SECUENCIAL,int,NO,PRI,,auto_increment
FBS_CARTERA.TIPOPRESTAMOCOMPONENTE_CARTASA,CODIGOTIPOPRESTAMO,char(10),NO,MUL,,
FBS_CARTERA.TIPOPRESTAMOCOMPONENTE_CARTASA,SECUENCIALCOMPONENTECARTASA,int,NO,MUL,,
FBS_CARTERA.TIPOPRESTAMOCOMPONENTE_CARTASA,PLAZOINICIO,int,NO,,,
FBS_CARTERA.TIPOPRESTAMOCOMPONENTE_CARTASA,PLAZOFINAL,int,NO,,,
FBS_CARTERA.TIPOPRESTAMOCOMPONENTE_CARTASA,DEUDAINICIO,"decimal(18,2)",NO,,,
FBS_CARTERA.TIPOPRESTAMOCOMPONENTE_CARTASA,DEUDAFIN,"decimal(18,2)",NO,,,
FBS_CARTERA.TIPOPRESTAMOCOMPONENTE_CARTASA,TASAMINIMA,"decimal(18,2)",NO,,,
FBS_CARTERA.TIPOPRESTAMOCOMPONENTE_CARTASA,ESEDITABLE,tinyint unsigned,NO,,,
FBS_CARTERA.TIPOPRESTAMOCOMPONENTE_CARTASA,CODIGOUSUARIOACTIVA,varchar(25),NO,MUL,,
FBS_CARTERA.TIPOPRESTAMOCOMPONENTE_CARTASA,FECHAMAQUINAACTIVACION,datetime(3),NO,,,
FBS_CARTERA.TIPOPRESTAMOCOMPONENTE_CARTASA,FECHASISTEMAACTIVACION,datetime(3),NO,,,
FBS_CARTERA.TIPOPRESTAMOCOMPONENTE_CARTASA,ESTAACTIVA,tinyint unsigned,NO,,,
FBS_CARTERA.TIPOPRESTAMOCOMPONENTE_CARTASA,TASAMAXIMA,"decimal(18,2)",NO,,,
FBS_CARTERA.TIPOPRESTAMOCOMPONENTE_CARTASA,CONCURRENCIA,timestamp(6),YES,,CURRENT_TIMESTAMP(6),DEFAULT_GENERATED on update CURRENT_TIMESTAMP(6)
FBS_CARTERA.TIPOPRESTAMOCOMPONENTE_CARTERA,SECUENCIAL,int,NO,PRI,,auto_increment
FBS_CARTERA.TIPOPRESTAMOCOMPONENTE_CARTERA,CODIGOTIPOPRESTAMO,char(10),NO,MUL,,
FBS_CARTERA.TIPOPRESTAMOCOMPONENTE_CARTERA,SECUENCIALCOMPONENTECARTERA,int,NO,MUL,,
FBS_CARTERA.TIPOPRESTAMOCOMPONENTE_CARTERA,ESTAACTIVA,tinyint unsigned,NO,,,
FBS_CARTERA.TIPOPRESTAMOCOMPONENTE_CARTERA,NUMEROVERIFICADOR,int,NO,,,
FBS_CARTERA.TIPOPRESTAMOCOMPONENTE_CARTERA,CONCURRENCIA,timestamp(6),YES,,CURRENT_TIMESTAMP(6),DEFAULT_GENERATED on update CURRENT_TIMESTAMP(6)
FBS_CARTERA.TIPOPRESTAMOCOMP_CAR_PORCTJ,SECUENCIALTIPOPRESTAMOCOMPCAR,int,NO,PRI,,
FBS_CARTERA.TIPOPRESTAMOCOMP_CAR_PORCTJ,PORCENTAJE,"decimal(18,6)",NO,,,
FBS_CARTERA.TIPOPRESTAMOCOMP_CAR_PORCTJ,CONCURRENCIA,timestamp(6),YES,,CURRENT_TIMESTAMP(6),DEFAULT_GENERATED on update CURRENT_TIMESTAMP(6)
FBS_CARTERA.TIPOPRESTAMOCOMP_CAR_VALORFIJO,SECUENCIALTIPOPRESTAMOCOMPCAR,int,NO,PRI,,
FBS_CARTERA.TIPOPRESTAMOCOMP_CAR_VALORFIJO,VALOR,"decimal(18,2)",NO,,,
FBS_CARTERA.TIPOPRESTAMOCOMP_CAR_VALORFIJO,CONCURRENCIA,timestamp(6),YES,,CURRENT_TIMESTAMP(6),DEFAULT_GENERATED on update CURRENT_TIMESTAMP(6)
FBS_CARTERA.TIPOPRESTAMOINSTACREEDORA,SECUENCIAL,int,NO,PRI,,auto_increment
FBS_CARTERA.TIPOPRESTAMOINSTACREEDORA,CODIGOTIPOPRESTAMO,char(10),NO,MUL,,
FBS_CARTERA.TIPOPRESTAMOINSTACREEDORA,CODIGOINSTITUCIONACREEDORA,varchar(10),NO,,,
FBS_CARTERA.TIPOPRESTAMOINSTACREEDORA,ESTAACTIVO,tinyint unsigned,NO,,,
FBS_CARTERA.TIPOPRESTAMOINSTACREEDORA,NUMEROVERIFICADOR,int,NO,,,
FBS_CARTERA.TIPOPRESTAMOINSTACREEDORA,CONCURRENCIA,timestamp(6),YES,,CURRENT_TIMESTAMP(6),DEFAULT_GENERATED on update CURRENT_TIMESTAMP(6)
FBS_CARTERA.TIPOPRESTCOMP_CARPORCTJXMONTOS,SECUENCIAL,int,NO,PRI,,auto_increment
FBS_CARTERA.TIPOPRESTCOMP_CARPORCTJXMONTOS,SECUENCIALTIPOPRESTAMOCOMPCAR,int,NO,MUL,,
FBS_CARTERA.TIPOPRESTCOMP_CARPORCTJXMONTOS,MONTOINICIO,"decimal(18,2)",NO,,,
FBS_CARTERA.TIPOPRESTCOMP_CARPORCTJXMONTOS,MONTOFINAL,"decimal(18,2)",NO,,,
FBS_CARTERA.TIPOPRESTCOMP_CARPORCTJXMONTOS,PORCENTAJE,"decimal(18,2)",NO,,,
FBS_CARTERA.TIPOPRESTCOMP_CARPORCTJXMONTOS,ESTAACTIVA,tinyint unsigned,NO,,,
FBS_CARTERA.TIPOPRESTCOMP_CARPORCTJXMONTOS,NUMEROVERIFICADOR,int,NO,,,
FBS_CARTERA.TIPOPRESTCOMP_CARPORCTJXMONTOS,CONCURRENCIA,timestamp(6),YES,,CURRENT_TIMESTAMP(6),DEFAULT_GENERATED on update CURRENT_TIMESTAMP(6)
FBS_CARTERA.TIPOPRESTCOMP_CARPORCTJXRANDMO,SECUENCIAL,int,NO,PRI,,auto_increment
FBS_CARTERA.TIPOPRESTCOMP_CARPORCTJXRANDMO,SECUENCIALTIPOPRESTAMOCOMPCAR,int,NO,MUL,,
FBS_CARTERA.TIPOPRESTCOMP_CARPORCTJXRANDMO,DIASMORAINICIO,int,NO,,,
FBS_CARTERA.TIPOPRESTCOMP_CARPORCTJXRANDMO,DIASMORAFIN,int,NO,,,
FBS_CARTERA.TIPOPRESTCOMP_CARPORCTJXRANDMO,PORCENTAJE,"decimal(18,2)",NO,,,
FBS_CARTERA.TIPOPRESTCOMP_CARPORCTJXRANDMO,ESTAACTIVA,tinyint unsigned,NO,,,
FBS_CARTERA.TIPOPRESTCOMP_CARPORCTJXRANDMO,NUMEROVERIFICADOR,int,NO,,,
FBS_CARTERA.TIPOPRESTCOMP_CARPORCTJXRANDMO,CONCURRENCIA,timestamp(6),YES,,CURRENT_TIMESTAMP(6),DEFAULT_GENERATED on update CURRENT_TIMESTAMP(6)
FBS_CARTERA.TIPOPRESTCOMP_CARPORCTJXRANPLA,SECUENCIAL,int,NO,PRI,,auto_increment
FBS_CARTERA.TIPOPRESTCOMP_CARPORCTJXRANPLA,SECUENCIALTIPOPRESTAMOCOMPCAR,int,NO,MUL,,
FBS_CARTERA.TIPOPRESTCOMP_CARPORCTJXRANPLA,PLAZOINICIO,int,NO,,,
FBS_CARTERA.TIPOPRESTCOMP_CARPORCTJXRANPLA,PLAZOFINAL,int,NO,,,
FBS_CARTERA.TIPOPRESTCOMP_CARPORCTJXRANPLA,PORCENTAJE,"decimal(18,2)",NO,,,
FBS_CARTERA.TIPOPRESTCOMP_CARPORCTJXRANPLA,ESTAACTIVA,tinyint unsigned,NO,,,
FBS_CARTERA.TIPOPRESTCOMP_CARPORCTJXRANPLA,NUMEROVERIFICADOR,int,NO,,,
FBS_CARTERA.TIPOPRESTCOMP_CARPORCTJXRANPLA,CONCURRENCIA,timestamp(6),YES,,CURRENT_TIMESTAMP(6),DEFAULT_GENERATED on update CURRENT_TIMESTAMP(6)
FBS_CARTERA.TIPOPRESTCOMP_CARTASAAPROB,SECUENCIALTIPOPRESTCOMPCARTASA,int,NO,PRI,,
FBS_CARTERA.TIPOPRESTCOMP_CARTASAAPROB,CODIGOUSUARIO,varchar(25),NO,MUL,,
FBS_CARTERA.TIPOPRESTCOMP_CARTASAAPROB,FECHASISTEMA,datetime(3),NO,,,
FBS_CARTERA.TIPOPRESTCOMP_CARTASAAPROB,FECHAMAQUINA,datetime(3),NO,,,
FBS_CARTERA.TIPOPRESTCOMP_CARTASAAPROB,CONCURRENCIA,timestamp(6),YES,,CURRENT_TIMESTAMP(6),DEFAULT_GENERATED on update CURRENT_TIMESTAMP(6)
FBS_CARTERA.TIPOPRESTCOMP_CARTASACALIFCBLE,SECUENCIAL,int,NO,PRI,,auto_increment
FBS_CARTERA.TIPOPRESTCOMP_CARTASACALIFCBLE,SECUENCIALTIPOPRESTCOMPCARTASA,int,NO,MUL,,
FBS_CARTERA.TIPOPRESTCOMP_CARTASACALIFCBLE,CODIGOCALIFICACIONCONTABLE,varchar(10),NO,MUL,,
FBS_CARTERA.TIPOPRESTCOMP_CARTASACALIFCBLE,VARIACIONFACTORCALCULO,"decimal(18,2)",NO,,,
FBS_CARTERA.TIPOPRESTCOMP_CARTASACALIFCBLE,CODIGOUSUARIOACTIVA,varchar(25),NO,MUL,,
FBS_CARTERA.TIPOPRESTCOMP_CARTASACALIFCBLE,FECHAMAQUINAACTIVACION,datetime(3),NO,,,
FBS_CARTERA.TIPOPRESTCOMP_CARTASACALIFCBLE,ESTAACTIVA,tinyint unsigned,NO,,,
FBS_CARTERA.TIPOPRESTCOMP_CARTASACALIFCBLE,CONCURRENCIA,timestamp(6),YES,,CURRENT_TIMESTAMP(6),DEFAULT_GENERATED on update CURRENT_TIMESTAMP(6)
FBS_CARTERA.TIPOPRESTCOMP_CARTASAZONA,SECUENCIAL,int,NO,PRI,,auto_increment
FBS_CARTERA.TIPOPRESTCOMP_CARTASAZONA,SECUENCIALTIPOPRESTCOMPCARTASA,int,NO,MUL,,
FBS_CARTERA.TIPOPRESTCOMP_CARTASAZONA,CODIGOCONDICIONAVAL,char(2),NO,MUL,,
FBS_CARTERA.TIPOPRESTCOMP_CARTASAZONA,FACTORCALCULO,"decimal(19,2)",NO,,,
FBS_CARTERA.TIPOPRESTCOMP_CARTASAZONA,FACTORCALCULOENCAJE,"decimal(9,2)",NO,,,
FBS_CARTERA.TIPOPRESTCOMP_CARTASAZONA,CODIGOUSUARIO,varchar(25),NO,MUL,,
FBS_CARTERA.TIPOPRESTCOMP_CARTASAZONA,FECHAMAQUINA,datetime(3),NO,,,
FBS_CARTERA.TIPOPRESTCOMP_CARTASAZONA,ESTAACTIVA,tinyint unsigned,NO,,,
FBS_CARTERA.TIPOPRESTCOMP_CARTASAZONA,CONCURRENCIA,timestamp(6),YES,,CURRENT_TIMESTAMP(6),DEFAULT_GENERATED on update CURRENT_TIMESTAMP(6)
FBS_CARTERA.TIPOPRESTCOMP_CAR_ACREDVIS,SECUENCIAL,int,NO,PRI,,auto_increment
FBS_CARTERA.TIPOPRESTCOMP_CAR_ACREDVIS,SECUENCIALTIPOPRESTCOMCAR,int,NO,MUL,,
FBS_CARTERA.TIPOPRESTCOMP_CAR_ACREDVIS,SECUENCIALTIPOCTACOMPVIS,int,NO,MUL,,
FBS_CARTERA.TIPOPRESTCOMP_CAR_ACREDVIS,FRECUENCIAPAGO,int,NO,,,
FBS_CARTERA.TIPOPRESTCOMP_CAR_ACREDVIS,VALOR,"decimal(9,2)",NO,,,
FBS_CARTERA.TIPOPRESTCOMP_CAR_ACREDVIS,ESTAACTIVA,tinyint unsigned,NO,,,
FBS_CARTERA.TIPOPRESTCOMP_CAR_ACREDVIS,NUMEROVERIFICADOR,int,NO,,,
FBS_CARTERA.TIPOPRESTCOMP_CAR_ACREDVIS,CONCURRENCIA,timestamp(6),YES,,CURRENT_TIMESTAMP(6),DEFAULT_GENERATED on update CURRENT_TIMESTAMP(6)
FBS_CARTERA.TIPOTASA,CODIGO,char(2),NO,PRI,,
FBS_CARTERA.TIPOTASA,NOMBRE,varchar(50),NO,,,
FBS_CARTERA.TIPOTASA,ESTAACTIVO,tinyint unsigned,NO,,,
FBS_CARTERA.TIPOTASA,NUMEROVERIFICADOR,int,NO,,,
FBS_CARTERA.TIPOTASA,CONCURRENCIA,timestamp(6),YES,,CURRENT_TIMESTAMP(6),DEFAULT_GENERATED on update CURRENT_TIMESTAMP(6)
FBS_CARTERA.TIPOVENCIMIENTO,SECUENCIAL,int,NO,PRI,,auto_increment
FBS_CARTERA.TIPOVENCIMIENTO,NOMBRE,varchar(50),NO,,,
FBS_CARTERA.TIPOVENCIMIENTO,ESTAACTIVO,tinyint unsigned,NO,,,
FBS_CARTERA.TIPOVENCIMIENTO,NUMEROVERIFICADOR,int,NO,,,
FBS_CARTERA.TIPOVENCIMIENTO,CONCURRENCIA,timestamp(6),YES,,CURRENT_TIMESTAMP(6),DEFAULT_GENERATED on update CURRENT_TIMESTAMP(6)
FBS_CARTERA.TIPOVERIFICACION,SECUENCIAL,int,NO,PRI,,auto_increment
FBS_CARTERA.TIPOVERIFICACION,NOMBRE,varchar(50),NO,,,
FBS_CARTERA.TIPOVERIFICACION,ESTAACTIVO,tinyint unsigned,NO,,,
FBS_CARTERA.TIPOVERIFICACION,NUMEROVERIFICADOR,int,NO,,,
FBS_CARTERA.TIPOVERIFICACION,CONCURRENCIA,timestamp(6),YES,,CURRENT_TIMESTAMP(6),DEFAULT_GENERATED on update CURRENT_TIMESTAMP(6)
FBS_CARTERA.TRANSACCIONSOLICITUD_PRESTAMO,SECUENCIALTRANSACCIONSOLICITUD,int,NO,PRI,,
FBS_CARTERA.TRANSACCIONSOLICITUD_PRESTAMO,SECUENCIALPRESTAMO,int,NO,MUL,,
FBS_CARTERA.TRANSACCIONSOLICITUD_PRESTAMO,CONCURRENCIA,timestamp(6),YES,,CURRENT_TIMESTAMP(6),DEFAULT_GENERATED on update CURRENT_TIMESTAMP(6)
FBS_CARTERA.TRANSACCIONSOL_PRESTAMOCONTPDA,SECUENCIALTRANSACCIONSOLICITUD,int,NO,PRI,,
FBS_CARTERA.TRANSACCIONSOL_PRESTAMOCONTPDA,SECUENCIALPRESTAMOCONTPDA,int,NO,MUL,,
FBS_CARTERA.TRANSACCIONSOL_PRESTAMOCONTPDA,CONCURRENCIA,timestamp(6),YES,,CURRENT_TIMESTAMP(6),DEFAULT_GENERATED on update CURRENT_TIMESTAMP(6)
FBS_CARTERA.V_OBTENERDATOSPARAABONO,SecuencialPrestamo,int,NO,,0,
FBS_CARTERA.V_OBTENERDATOSPARAABONO,ValorParaEstarAlDia,"decimal(18,2)",NO,,,
FBS_CARTERA.V_OBTENERDATOSPARAABONO,SoloPagoAutomaticoCuotaCompleta,int,NO,,0,
FBS_CARTERA.V_OBTENERDATOSPARAABONO,EsCobroHorizontal,tinyint unsigned,NO,,,
FBS_CARTERA.V_OBTENERDATOSPARAABONO,SecuencialCuentaComponenteVistaDebita,int,NO,,,
FBS_CARTERA.V_OBTENERDATOSPARAABONO,DisponibleParaDebito,"decimal(20,2)",NO,,0.00,
FBS_CARTERA.V_OBTENERDATOSPARAABONOPOREFECTIVIZACIONCHEQUE,SecuencialPrestamo,int,NO,,0,
FBS_CARTERA.V_OBTENERDATOSPARAABONOPOREFECTIVIZACIONCHEQUE,ValorParaEstarAlDia,"decimal(18,2)",NO,,,
FBS_CARTERA.V_OBTENERDATOSPARAABONOPOREFECTIVIZACIONCHEQUE,SoloPagoAutomaticoCuotaCompleta,int,NO,,0,
FBS_CARTERA.V_OBTENERDATOSPARAABONOPOREFECTIVIZACIONCHEQUE,EsCobroHorizontal,tinyint unsigned,NO,,,
FBS_CARTERA.V_OBTENERDATOSPARAABONOPOREFECTIVIZACIONCHEQUE,SecuencialCuentaComponenteVistaDebita,int,NO,,0,
FBS_CARTERA.V_OBTENERDATOSPARAABONOPOREFECTIVIZACIONCHEQUE,SecuencialCheque,int,NO,,0,
FBS_CARTERA.V_OBTENERDATOSPARAABONOPOREFECTIVIZACIONCHEQUE,ValorCheque,"decimal(18,2)",NO,,,
FBS_CARTERA.V_OBTENERDATOSPARAABONOPOREFECTIVIZACIONCHEQUE,FechaSistema,datetime(3),NO,,,
FBS_CARTERA.V_OBTENERDATOSPARAABONOPOREFECTIVIZACIONCHEQUE,CodigoUsuario,varchar(25),NO,,,
FBS_CARTERA.V_PRESTAMOINFORMACIONADICIONAL,SECUENCIALPRESTAMO,int,NO,,,
FBS_CARTERA.V_PRESTAMOINFORMACIONADICIONAL,VIGENTE,"decimal(18,2)",NO,,,
FBS_CARTERA.V_PRESTAMOINFORMACIONADICIONAL,VENCIDO90,"decimal(18,2)",NO,,,
FBS_CARTERA.V_PRESTAMOINFORMACIONADICIONAL,VENCIDOMASDE90,"decimal(18,2)",NO,,,
FBS_CARTERA.V_PRESTAMOINFORMACIONADICIONAL,CUOTASVIGENTES,int,NO,,,
FBS_CARTERA.V_PRESTAMOINFORMACIONADICIONAL,CUOTASVENCIDAS,int,NO,,,
FBS_CARTERA.V_PRESTAMOINFORMACIONADICIONAL,DIASATRASO,int,NO,,,
FBS_CARTERA.V_PRESTAMOINFORMACIONADICIONAL,VALORTOTALATRASO,"decimal(18,2)",NO,,,
FBS_CARTERA.V_PRESTAMOINFORMACIONADICIONAL,FECHAINICIOIAC,datetime(6),NO,,,
FBS_CARTERA.V_PRESTAMOINFORMACIONADICIONAL,FECHAFINIAC,datetime(6),NO,,,
FBS_CARTERA.V_PRESTAMOINFORMACIONADICIONAL,CALIFICACIONACTUAL,varchar(3),NO,,,
FBS_CARTERA.V_PRESTAMOINFORMACIONADICIONAL,CALIFICACIONPEOR,varchar(3),NO,,,
FBS_CARTERA.V_PRESTAMOINFORMACIONADICIONAL,FECHAINICIOPMC,datetime(3),NO,,,
FBS_CARTERA.V_PRESTAMOINFORMACIONADICIONAL,FECHAFINPMC,datetime(3),NO,,,
FBS_CARTERA.V_PRESTAMOINFORMACIONADICIONAL,SECUENCIALOFICINA,int,NO,,,
FBS_CARTERA.V_PRESTAMOINFORMACIONADICIONAL,FECHAINICIOPMO,datetime(3),NO,,,
FBS_CARTERA.V_PRESTAMOINFORMACIONADICIONAL,FECHAFINPMO,datetime(3),NO,,,
FBS_CARTERA.V_PRESTAMOINFORMACIONADICIONAL,VIGENTEINTERES,"decimal(18,2)",NO,,,
FBS_CARTERA.V_PRESTAMOINFORMACIONADICIONAL,SUSPENSO,"decimal(18,2)",NO,,,
FBS_CARTERA.V_PRESTAMOINFORMACIONADICIONAL,FECHAINICIOPMD,datetime(6),NO,,,
FBS_CARTERA.V_PRESTAMOINFORMACIONADICIONAL,FECHAFINPMD,datetime(6),NO,,,
FBS_CARTERA.V_PRESTAMOSCONFECHAPROXIMOCAPITALACOBRAR_AYUDA,SECUENCIALPRESTAMO,int,NO,,,
FBS_CARTERA.V_PRESTAMOSCONFECHAPROXIMOCAPITALACOBRAR_AYUDA,FECHAVENCIMIENTO,datetime(3),YES,,,
FBS_CARTERA.V_PRESTAMOSCONFECHAPROXIMOCOMPONENTECAPITALACOBRAR,SECUENCIALPRESTAMO,int,NO,,0,
FBS_CARTERA.V_PRESTAMOSCONFECHAPROXIMOCOMPONENTECAPITALACOBRAR,FECHAVENCIMIENTO,datetime(3),YES,,,
FBS_CARTERA.V_PRESTAMOSCONVALORAPROVISIONAR,SECUENCIALPRESTAMO,int,NO,,0,
FBS_CARTERA.V_PRESTAMOSCONVALORAPROVISIONAR,VALORAPROVISIONAR,"decimal(45,6)",NO,,0.000000,
