Table,Column Name,Data Type,Nullable,Key,Default,Extra
FBS_CAPTACIONESVISTA.ACREDITACIONCUENTAENLOTESINPROCESAR,SECUENCIAL,int,NO,PRI,,auto_increment
FBS_CAPTACIONESVISTA.ACREDITACIONCUENTAENLOTESINPROCESAR,SECUENCIALCUENTA,int,NO,MUL,,
FBS_CAPTACIONESVISTA.ACREDITACIONCUENTAENLOTESINPROCESAR,SECUENCIALCAUSAL,int,NO,MUL,,
FBS_CAPTACIONESVISTA.ACREDITACIONCUENTAENLOTESINPROCESAR,VALOR,"decimal(18,6)",NO,,,
FBS_CAPTACIONESVISTA.ACREDITACIONCUENTAENLOTESINPROCESAR,CODIGOUSUARIO,varchar(25),NO,MUL,,
FBS_CAPTACIONESVISTA.ACREDITACIONCUENTAENLOTESINPROCESAR,FECHASISTEMA,datetime(3),NO,,,
FBS_CAPTACIONESVISTA.ACREDITACIONCUENTAENLOTESINPROCESAR,FECHAMAQUINA,datetime(3),NO,,,
FBS_CAPTACIONESVISTA.ACREDITACIONCUENTAENLOTESINPROCESAR,CONCURRENCIA,timestamp(6),YES,,,
FBS_CAPTACIONESVISTA.ACTIVACIONCUENTA,SECUENCIALHISTORICOCTAESTADO,int,NO,PRI,,
FBS_CAPTACIONESVISTA.ACTIVACIONCUENTA,SALDO,"decimal(18,2)",NO,,,
FBS_CAPTACIONESVISTA.ACTIVACIONCUENTA,SECUENCIALOFICINA,int,NO,MUL,,
FBS_CAPTACIONESVISTA.ACTIVACIONCUENTA,CONCURRENCIA,timestamp(6),YES,,CURRENT_TIMESTAMP(6),DEFAULT_GENERATED on update CURRENT_TIMESTAMP(6)
FBS_CAPTACIONESVISTA.AUTORIZADORMEGARED,CODIGO,varchar(10),NO,PRI,,
FBS_CAPTACIONESVISTA.AUTORIZADORMEGARED,NOMBRE,varchar(100),NO,,,
FBS_CAPTACIONESVISTA.AUTORIZADORMEGARED,ESTAACTIVO,tinyint unsigned,NO,,,
FBS_CAPTACIONESVISTA.AUTORIZADORMEGARED,NUMEROVERIFICADOR,int,NO,,,
FBS_CAPTACIONESVISTA.AUTORIZADORMEGARED,CONCURRENCIA,timestamp(6),YES,,CURRENT_TIMESTAMP(6),DEFAULT_GENERATED on update CURRENT_TIMESTAMP(6)
FBS_CAPTACIONESVISTA.CAJEROMULTISERVICE,CODIGO,varchar(8),NO,PRI,,
FBS_CAPTACIONESVISTA.CAJEROMULTISERVICE,CODIGOUSUARIOAFECTA,varchar(25),NO,MUL,,
FBS_CAPTACIONESVISTA.CAJEROMULTISERVICE,ESTAACTIVO,tinyint unsigned,NO,,,
FBS_CAPTACIONESVISTA.CAJEROMULTISERVICE,NUMEROVERIFICADOR,int,NO,,,
FBS_CAPTACIONESVISTA.CAJEROMULTISERVICE,SECUENCIALOFICINA,int,NO,MUL,,
FBS_CAPTACIONESVISTA.CAJEROMULTISERVICE,CONCURRENCIA,timestamp(6),YES,,CURRENT_TIMESTAMP(6),DEFAULT_GENERATED on update CURRENT_TIMESTAMP(6)
FBS_CAPTACIONESVISTA.CALCULOUTILIDAD,SECUENCIAL,int,NO,PRI,,auto_increment
FBS_CAPTACIONESVISTA.CALCULOUTILIDAD,SECUENCIALCUENTA,int,NO,MUL,,
FBS_CAPTACIONESVISTA.CALCULOUTILIDAD,SECPARAMCALCULOUTILIDAD,int,NO,MUL,,
FBS_CAPTACIONESVISTA.CALCULOUTILIDAD,VALORCALCULADO,"decimal(18,2)",NO,,,
FBS_CAPTACIONESVISTA.CALCULOUTILIDAD,INTERESGENERADO,"decimal(18,2)",NO,,0.00,
FBS_CAPTACIONESVISTA.CALCULOUTILIDAD,CODIGOESTADOCUENTA,varchar(1),NO,,,
FBS_CAPTACIONESVISTA.CALCULOUTILIDAD,CONCURRENCIA,timestamp(6),YES,,CURRENT_TIMESTAMP(6),DEFAULT_GENERATED on update CURRENT_TIMESTAMP(6)
FBS_CAPTACIONESVISTA.CALCULOUTILIDAD_ACREDITACION,SECUENCIAL,int,NO,PRI,,auto_increment
FBS_CAPTACIONESVISTA.CALCULOUTILIDAD_ACREDITACION,SECUENCIALCUENTA,int,NO,MUL,,
FBS_CAPTACIONESVISTA.CALCULOUTILIDAD_ACREDITACION,VALORACREDITADO,"decimal(18,2)",NO,,,
FBS_CAPTACIONESVISTA.CALCULOUTILIDAD_ACREDITACION,PERIODOACREDITACION,int,NO,,,
FBS_CAPTACIONESVISTA.CALCULOUTILIDAD_ACREDITACION,FECHAACREDITACION,date,NO,,,
FBS_CAPTACIONESVISTA.CALCULOUTILIDAD_ACREDITACION,CONCURRENCIA,timestamp(6),YES,,CURRENT_TIMESTAMP(6),DEFAULT_GENERATED on update CURRENT_TIMESTAMP(6)
FBS_CAPTACIONESVISTA.CALCULOUTILIDAD_ACREDITAPRESTAMO,SECUENCIAL,int,NO,PRI,,auto_increment
FBS_CAPTACIONESVISTA.CALCULOUTILIDAD_ACREDITAPRESTAMO,SECUENCIALCUENTA,int,NO,MUL,,
FBS_CAPTACIONESVISTA.CALCULOUTILIDAD_ACREDITAPRESTAMO,VALORACREDITADO,"decimal(9,2)",NO,,,
FBS_CAPTACIONESVISTA.CALCULOUTILIDAD_ACREDITAPRESTAMO,PERIODOACREDITACION,int,NO,,,
FBS_CAPTACIONESVISTA.CALCULOUTILIDAD_ACREDITAPRESTAMO,FECHAACREDITACION,date,NO,,,
FBS_CAPTACIONESVISTA.CALCULOUTILIDAD_ACREDITAPRESTAMO,CONCURRENCIA,timestamp(6),YES,,CURRENT_TIMESTAMP(6),DEFAULT_GENERATED on update CURRENT_TIMESTAMP(6)
FBS_CAPTACIONESVISTA.CHEQUE_MOTIVOPROTESTO,SECUENCIAL,int,NO,PRI,,auto_increment
FBS_CAPTACIONESVISTA.CHEQUE_MOTIVOPROTESTO,SECUENCIALCHEQUE,int,NO,MUL,,
FBS_CAPTACIONESVISTA.CHEQUE_MOTIVOPROTESTO,CODIGOMOTIVOPROTESTO,varchar(20),NO,MUL,,
FBS_CAPTACIONESVISTA.CHEQUE_MOTIVOPROTESTO,CODIGOUSUARIO,varchar(25),NO,MUL,,
FBS_CAPTACIONESVISTA.CHEQUE_MOTIVOPROTESTO,VALORCOMISION,"decimal(18,2)",NO,,,
FBS_CAPTACIONESVISTA.CHEQUE_MOTIVOPROTESTO,FECHASISTEMA,datetime(3),NO,,,
FBS_CAPTACIONESVISTA.CHEQUE_MOTIVOPROTESTO,FECHAMAQUINA,datetime(3),NO,,,
FBS_CAPTACIONESVISTA.CHEQUE_MOTIVOPROTESTO,NUMEROVERIFICADOR,int,NO,,,
FBS_CAPTACIONESVISTA.CHEQUE_MOTIVOPROTESTO,CONCURRENCIA,timestamp(6),YES,,CURRENT_TIMESTAMP(6),DEFAULT_GENERATED on update CURRENT_TIMESTAMP(6)
FBS_CAPTACIONESVISTA.COMPONENTE_VISTA,SECUENCIALCOMPONENTE,int,NO,PRI,,
FBS_CAPTACIONESVISTA.COMPONENTE_VISTA,ADMITEACREDITACIONPRESTAMO,tinyint unsigned,NO,,,
FBS_CAPTACIONESVISTA.COMPONENTE_VISTA,ESPARTESALDO,tinyint unsigned,NO,,,
FBS_CAPTACIONESVISTA.COMPONENTE_VISTA,SECUENCIALTIPOCOMPONENTEVISTA,int,NO,MUL,,
FBS_CAPTACIONESVISTA.COMPONENTE_VISTA,ADMITEDEBITOAUTOMATICOPRESTAMO,tinyint unsigned,NO,,,
FBS_CAPTACIONESVISTA.COMPONENTE_VISTA,CONCURRENCIA,timestamp(6),YES,,CURRENT_TIMESTAMP(6),DEFAULT_GENERATED on update CURRENT_TIMESTAMP(6)
FBS_CAPTACIONESVISTA.COMPONENTE_VISTATASA,SECUENCIAL,int,NO,PRI,,auto_increment
FBS_CAPTACIONESVISTA.COMPONENTE_VISTATASA,SECUENCIALCOMPONENTEVISTA,int,NO,MUL,,
FBS_CAPTACIONESVISTA.COMPONENTE_VISTATASA,SALDOINICIAL,"decimal(18,2)",NO,,,
FBS_CAPTACIONESVISTA.COMPONENTE_VISTATASA,SALDOFINAL,"decimal(18,2)",NO,,,
FBS_CAPTACIONESVISTA.COMPONENTE_VISTATASA,SECUENCIALCOMPVISTAACUMULA,int,NO,MUL,,
FBS_CAPTACIONESVISTA.COMPONENTE_VISTATASA,CODIGOUSUARIOACTIVA,varchar(25),NO,MUL,,
FBS_CAPTACIONESVISTA.COMPONENTE_VISTATASA,ESTAACTIVA,tinyint unsigned,NO,,,
FBS_CAPTACIONESVISTA.COMPONENTE_VISTATASA,FECHASISTEMAACTIVACION,datetime(3),NO,,,
FBS_CAPTACIONESVISTA.COMPONENTE_VISTATASA,TASAINTERES,"decimal(18,2)",NO,,,
FBS_CAPTACIONESVISTA.COMPONENTE_VISTATASA,FECHAMAQUINAACTIVACION,datetime(3),NO,,,
FBS_CAPTACIONESVISTA.COMPONENTE_VISTATASA,SECUENCIALOFICINA,int,NO,MUL,1,
FBS_CAPTACIONESVISTA.COMPONENTE_VISTATASA,CONCURRENCIA,timestamp(6),YES,,CURRENT_TIMESTAMP(6),DEFAULT_GENERATED on update CURRENT_TIMESTAMP(6)
FBS_CAPTACIONESVISTA.COMPONENTE_VISTATASAAPROB,SECUENCIALCOMPVISTATASA,int,NO,PRI,,
FBS_CAPTACIONESVISTA.COMPONENTE_VISTATASAAPROB,CODIGOUSUARIO,varchar(25),NO,MUL,,
FBS_CAPTACIONESVISTA.COMPONENTE_VISTATASAAPROB,FECHASISTEMA,datetime(3),NO,,,
FBS_CAPTACIONESVISTA.COMPONENTE_VISTATASAAPROB,FECHAMAQUINA,datetime(3),NO,,,
FBS_CAPTACIONESVISTA.COMPONENTE_VISTATASAAPROB,CONCURRENCIA,timestamp(6),YES,,CURRENT_TIMESTAMP(6),DEFAULT_GENERATED on update CURRENT_TIMESTAMP(6)
FBS_CAPTACIONESVISTA.COMPONENTE_VISTA_BLOQUEO,SECUENCIALCOMPONENTEVISTA,int,NO,PRI,,
FBS_CAPTACIONESVISTA.COMPONENTE_VISTA_BLOQUEO,CONCURRENCIA,timestamp(6),YES,,CURRENT_TIMESTAMP(6),DEFAULT_GENERATED on update CURRENT_TIMESTAMP(6)
FBS_CAPTACIONESVISTA.COMPONENTE_VISTA_CTACBLEINACT,SECUENCIALCOMPONENTEVISTA,int,NO,PRI,,
FBS_CAPTACIONESVISTA.COMPONENTE_VISTA_CTACBLEINACT,SECUENCIALCUENTACBLEINACTIVA,int,NO,MUL,,
FBS_CAPTACIONESVISTA.COMPONENTE_VISTA_CTACBLEINACT,ESTAACTIVO,tinyint unsigned,NO,,,
FBS_CAPTACIONESVISTA.COMPONENTE_VISTA_CTACBLEINACT,NUMEROVERIFICADOR,int,NO,,,
FBS_CAPTACIONESVISTA.COMPONENTE_VISTA_CTACBLEINACT,CONCURRENCIA,timestamp(6),YES,,CURRENT_TIMESTAMP(6),DEFAULT_GENERATED on update CURRENT_TIMESTAMP(6)
FBS_CAPTACIONESVISTA.COMPONENTE_VISTA_CTACBLEINMVI,SECUENCIALCOMPONENTEVISTA,int,NO,PRI,,
FBS_CAPTACIONESVISTA.COMPONENTE_VISTA_CTACBLEINMVI,SECUENCIALCUENTACBLEINMOVILIZADA,int,NO,MUL,,
FBS_CAPTACIONESVISTA.COMPONENTE_VISTA_CTACBLEINMVI,ESTAACTIVO,tinyint unsigned,NO,,,
FBS_CAPTACIONESVISTA.COMPONENTE_VISTA_CTACBLEINMVI,NUMEROVERIFICADOR,int,NO,,,
FBS_CAPTACIONESVISTA.COMPONENTE_VISTA_CTACBLEINMVI,CONCURRENCIA,timestamp(6),YES,,CURRENT_TIMESTAMP(6),DEFAULT_GENERATED on update CURRENT_TIMESTAMP(6)
FBS_CAPTACIONESVISTA.COMPONENTE_VISTA_DISPONIBLE,SECUENCIALCOMPONENTEVISTA,int,NO,PRI,,
FBS_CAPTACIONESVISTA.COMPONENTE_VISTA_DISPONIBLE,CONCURRENCIA,timestamp(6),YES,,CURRENT_TIMESTAMP(6),DEFAULT_GENERATED on update CURRENT_TIMESTAMP(6)
FBS_CAPTACIONESVISTA.COMPONENTE_VISTA_ENCAJE,SECUENCIALCOMPONENTEVISTA,int,NO,PRI,,
FBS_CAPTACIONESVISTA.COMPONENTE_VISTA_ENCAJE,DESENCAJEAUTOMATICO,tinyint unsigned,NO,,,
FBS_CAPTACIONESVISTA.COMPONENTE_VISTA_ENCAJE,PORCENTAJEENCAJE,"decimal(18,2)",NO,,,
FBS_CAPTACIONESVISTA.COMPONENTE_VISTA_ENCAJE,VALORMAXIMOENCAJE,"decimal(18,2)",NO,,,
FBS_CAPTACIONESVISTA.COMPONENTE_VISTA_ENCAJE,CONCURRENCIA,timestamp(6),YES,,CURRENT_TIMESTAMP(6),DEFAULT_GENERATED on update CURRENT_TIMESTAMP(6)
FBS_CAPTACIONESVISTA.COMPONENTE_VISTA_INTERES,SECUENCIALCOMPONENTEVISTA,int,NO,PRI,,
FBS_CAPTACIONESVISTA.COMPONENTE_VISTA_INTERES,SECUENCIALCUENTACONTABLEGASTO,int,NO,MUL,,
FBS_CAPTACIONESVISTA.COMPONENTE_VISTA_INTERES,CONCURRENCIA,timestamp(6),YES,,CURRENT_TIMESTAMP(6),DEFAULT_GENERATED on update CURRENT_TIMESTAMP(6)
FBS_CAPTACIONESVISTA.COMPONENTE_VISTA_INTERES_RET,SECUENCIALCOMPONENTEVISINTERES,int,NO,PRI,,
FBS_CAPTACIONESVISTA.COMPONENTE_VISTA_INTERES_RET,PORCENTAJERETENCION,"decimal(18,2)",NO,,,
FBS_CAPTACIONESVISTA.COMPONENTE_VISTA_INTERES_RET,SECUENCIALCUENTACONTABLE,int,NO,MUL,,
FBS_CAPTACIONESVISTA.COMPONENTE_VISTA_INTERES_RET,ESTAACTIVO,tinyint unsigned,NO,,,
FBS_CAPTACIONESVISTA.COMPONENTE_VISTA_INTERES_RET,NUMEROVERIFICADOR,int,NO,,,
FBS_CAPTACIONESVISTA.COMPONENTE_VISTA_INTERES_RET,PORCENTAJERETENCIONIFIS,"decimal(18,2)",NO,,0.00,
FBS_CAPTACIONESVISTA.COMPONENTE_VISTA_INTERES_RET,SECUENCIALCUENTACONTABLEIFIS,int,NO,MUL,0,
FBS_CAPTACIONESVISTA.COMPONENTE_VISTA_INTERES_RET,PORCENTAJERETENCIONEXTRANJERA,"decimal(18,2)",NO,,0.00,
FBS_CAPTACIONESVISTA.COMPONENTE_VISTA_INTERES_RET,SECUENCIALCUENTACONTABLERENTEXTRJ,int,YES,MUL,,
FBS_CAPTACIONESVISTA.COMPONENTE_VISTA_INTERES_RET,CONCURRENCIA,timestamp(6),YES,,CURRENT_TIMESTAMP(6),DEFAULT_GENERATED on update CURRENT_TIMESTAMP(6)
FBS_CAPTACIONESVISTA.COMPONENTE_VISTA_OBLIGATORIO,SECUENCIALCOMPONENTEVISTA,int,NO,PRI,,
FBS_CAPTACIONESVISTA.COMPONENTE_VISTA_OBLIGATORIO,PORCENTAJEENCAJE,"decimal(18,2)",NO,,50.00,
FBS_CAPTACIONESVISTA.COMPONENTE_VISTA_OBLIGATORIO,CONCURRENCIA,timestamp(6),YES,,CURRENT_TIMESTAMP(6),DEFAULT_GENERATED on update CURRENT_TIMESTAMP(6)
FBS_CAPTACIONESVISTA.COMPONENTE_VISTA_RETENCION,SECUENCIALCOMPONENTEVISTA,int,NO,PRI,,
FBS_CAPTACIONESVISTA.COMPONENTE_VISTA_RETENCION,CONCURRENCIA,timestamp(6),YES,,CURRENT_TIMESTAMP(6),DEFAULT_GENERATED on update CURRENT_TIMESTAMP(6)
FBS_CAPTACIONESVISTA.COMP_VISTATASAAHORROPROGRAMADO,SECUENCIAL,int,NO,PRI,,auto_increment
FBS_CAPTACIONESVISTA.COMP_VISTATASAAHORROPROGRAMADO,SECUENCIALCOMPONENTEVISTA,int,NO,MUL,,
FBS_CAPTACIONESVISTA.COMP_VISTATASAAHORROPROGRAMADO,SALDOINICIAL,"decimal(18,2)",NO,,,
FBS_CAPTACIONESVISTA.COMP_VISTATASAAHORROPROGRAMADO,SALDOFINAL,"decimal(18,2)",NO,,,
FBS_CAPTACIONESVISTA.COMP_VISTATASAAHORROPROGRAMADO,PLAZOINICIAL,int,NO,,,
FBS_CAPTACIONESVISTA.COMP_VISTATASAAHORROPROGRAMADO,PLAZOFINAL,int,NO,,,
FBS_CAPTACIONESVISTA.COMP_VISTATASAAHORROPROGRAMADO,SECUENCIALCOMPVISTAACUMULA,int,NO,MUL,,
FBS_CAPTACIONESVISTA.COMP_VISTATASAAHORROPROGRAMADO,CODIGOUSUARIOACTIVA,varchar(25),NO,MUL,,
FBS_CAPTACIONESVISTA.COMP_VISTATASAAHORROPROGRAMADO,FECHASISTEMAACTIVACION,datetime(3),NO,,,
FBS_CAPTACIONESVISTA.COMP_VISTATASAAHORROPROGRAMADO,FECHAMAQUINAACTIVACION,datetime(3),NO,,,
FBS_CAPTACIONESVISTA.COMP_VISTATASAAHORROPROGRAMADO,TASAINTERES,"decimal(18,2)",NO,,,
FBS_CAPTACIONESVISTA.COMP_VISTATASAAHORROPROGRAMADO,ESTAACTIVA,tinyint unsigned,NO,,,
FBS_CAPTACIONESVISTA.COMP_VISTATASAAHORROPROGRAMADO,TASAMINIMA,"decimal(18,2)",NO,,,
FBS_CAPTACIONESVISTA.COMP_VISTATASAAHORROPROGRAMADO,SECUENCIALOFICINA,int,NO,MUL,1,
FBS_CAPTACIONESVISTA.COMP_VISTATASAAHORROPROGRAMADO,CONCURRENCIA,timestamp(6),YES,,CURRENT_TIMESTAMP(6),DEFAULT_GENERATED on update CURRENT_TIMESTAMP(6)
FBS_CAPTACIONESVISTA.COMP_VISTATASAPROBACIONAHORPRO,SECUENCIALCOMPVISTAAHORPRO,int,NO,PRI,,
FBS_CAPTACIONESVISTA.COMP_VISTATASAPROBACIONAHORPRO,CODIGOUSUARIO,varchar(25),NO,MUL,,
FBS_CAPTACIONESVISTA.COMP_VISTATASAPROBACIONAHORPRO,FECHASISTEMA,datetime(3),NO,,,
FBS_CAPTACIONESVISTA.COMP_VISTATASAPROBACIONAHORPRO,FECHAMAQUINA,datetime(3),NO,,,
FBS_CAPTACIONESVISTA.COMP_VISTATASAPROBACIONAHORPRO,CONCURRENCIA,timestamp(6),YES,,CURRENT_TIMESTAMP(6),DEFAULT_GENERATED on update CURRENT_TIMESTAMP(6)
FBS_CAPTACIONESVISTA.COMP_VISTA_AHORROPROGRAMADO,SECUENCIALCOMPONENTEVISTA,int,NO,PRI,,
FBS_CAPTACIONESVISTA.COMP_VISTA_AHORROPROGRAMADO,CONCURRENCIA,timestamp(6),YES,,CURRENT_TIMESTAMP(6),DEFAULT_GENERATED on update CURRENT_TIMESTAMP(6)
FBS_CAPTACIONESVISTA.COMP_VISTA_TASACASTIGO_AHPROG,SECUENCIAL,int,NO,PRI,,auto_increment
FBS_CAPTACIONESVISTA.COMP_VISTA_TASACASTIGO_AHPROG,SECCOMPVISAHPROG,int,NO,MUL,,
FBS_CAPTACIONESVISTA.COMP_VISTA_TASACASTIGO_AHPROG,SECCOMPVISAHNORMAL,int,NO,MUL,,
FBS_CAPTACIONESVISTA.COMP_VISTA_TASACASTIGO_AHPROG,ESTAACTIVO,tinyint unsigned,NO,,,
FBS_CAPTACIONESVISTA.COMP_VISTA_TASACASTIGO_AHPROG,NUMEROVERIFICADOR,int,NO,,,
FBS_CAPTACIONESVISTA.COMP_VISTA_TASACASTIGO_AHPROG,CONCURRENCIA,timestamp(6),YES,,CURRENT_TIMESTAMP(6),DEFAULT_GENERATED on update CURRENT_TIMESTAMP(6)
FBS_CAPTACIONESVISTA.CONCEPTOTRANSFERENCIA,CODIGO,varchar(5),NO,PRI,,
FBS_CAPTACIONESVISTA.CONCEPTOTRANSFERENCIA,NOMBRE,varchar(100),NO,,,
FBS_CAPTACIONESVISTA.CONCEPTOTRANSFERENCIA,ESTAACTIVO,tinyint unsigned,NO,,,
FBS_CAPTACIONESVISTA.CONCEPTOTRANSFERENCIA,NUMEROVERIFICADOR,int,NO,,,
FBS_CAPTACIONESVISTA.CONCEPTOTRANSFERENCIA,CONCURRENCIA,timestamp(6),YES,,CURRENT_TIMESTAMP(6),DEFAULT_GENERATED on update CURRENT_TIMESTAMP(6)
FBS_CAPTACIONESVISTA.CONDICIONENCAJE,SECUENCIAL,int,NO,PRI,,auto_increment
FBS_CAPTACIONESVISTA.CONDICIONENCAJE,SECUENCIALCOMPVISTAENCAJE,int,NO,MUL,,
FBS_CAPTACIONESVISTA.CONDICIONENCAJE,SECUENCIALCOMPONENTEVISTA,int,NO,MUL,,
FBS_CAPTACIONESVISTA.CONDICIONENCAJE,PRIORIDAD,int,NO,,,
FBS_CAPTACIONESVISTA.CONDICIONENCAJE,ESTAACTIVA,tinyint unsigned,NO,,,
FBS_CAPTACIONESVISTA.CONDICIONENCAJE,NUMEROVERIFICADOR,int,NO,,,
FBS_CAPTACIONESVISTA.CONDICIONENCAJE,CONCURRENCIA,timestamp(6),YES,,CURRENT_TIMESTAMP(6),DEFAULT_GENERATED on update CURRENT_TIMESTAMP(6)
FBS_CAPTACIONESVISTA.CONSULTACUENTASCLIENTE,SECUENCIAL,int,NO,PRI,,auto_increment
FBS_CAPTACIONESVISTA.CONSULTACUENTASCLIENTE,SECUENCIALCLIENTE,int,NO,MUL,,
FBS_CAPTACIONESVISTA.CONSULTACUENTASCLIENTE,CODIGOUSUARIO,varchar(25),NO,MUL,,
FBS_CAPTACIONESVISTA.CONSULTACUENTASCLIENTE,FECHASISTEMA,datetime(3),NO,,,
FBS_CAPTACIONESVISTA.CONSULTACUENTASCLIENTE,FECHAMAQUINA,datetime(3),NO,,,
FBS_CAPTACIONESVISTA.CONSULTACUENTASCLIENTE,CONCURRENCIA,timestamp(6),YES,,CURRENT_TIMESTAMP(6),DEFAULT_GENERATED on update CURRENT_TIMESTAMP(6)
FBS_CAPTACIONESVISTA.CTAMAESTRODOCTALONARIO,SECUENCIAL,int,NO,PRI,,auto_increment
FBS_CAPTACIONESVISTA.CTAMAESTRODOCTALONARIO,SECUENCIALCUENTA,int,NO,MUL,,
FBS_CAPTACIONESVISTA.CTAMAESTRODOCTALONARIO,NUMEROTALONARIO,varchar(50),NO,,,
FBS_CAPTACIONESVISTA.CTAMAESTRODOCTALONARIO,NUMEROORDENESRETIRO,int,NO,,,
FBS_CAPTACIONESVISTA.CTAMAESTRODOCTALONARIO,ESTADO,varchar(50),NO,,,
FBS_CAPTACIONESVISTA.CTAMAESTRODOCTALONARIO,VALOR,"decimal(18,2)",NO,,,
FBS_CAPTACIONESVISTA.CTAMAESTRODOCTALONARIO,NUMEROVERIFICADOR,int,NO,,,
FBS_CAPTACIONESVISTA.CTAMAESTRODOCTALONARIO,CONCURRENCIA,timestamp(6),YES,,CURRENT_TIMESTAMP(6),DEFAULT_GENERATED on update CURRENT_TIMESTAMP(6)
FBS_CAPTACIONESVISTA.CUENTABANCOAUSTRO_CUENTA,CODIGOCUENTABANCOAUSTRO,varchar(20),NO,PRI,,
FBS_CAPTACIONESVISTA.CUENTABANCOAUSTRO_CUENTA,SECUENCIALCUENTA,int,NO,MUL,,
FBS_CAPTACIONESVISTA.CUENTABANCOAUSTRO_CUENTA,ESTAACTIVO,tinyint unsigned,NO,,,
FBS_CAPTACIONESVISTA.CUENTABANCOAUSTRO_CUENTA,CONCURRENCIA,timestamp(6),YES,,CURRENT_TIMESTAMP(6),DEFAULT_GENERATED on update CURRENT_TIMESTAMP(6)
FBS_CAPTACIONESVISTA.CUENTABLOQUEOPERATTRANSACCION,SECUENCIAL,int,NO,PRI,,auto_increment
FBS_CAPTACIONESVISTA.CUENTABLOQUEOPERATTRANSACCION,SECUENCIALCUENTABLOQUEOTRANSAC,int,NO,MUL,,
FBS_CAPTACIONESVISTA.CUENTABLOQUEOPERATTRANSACCION,SECUENCIALTRANSACCCION,int,NO,MUL,,
FBS_CAPTACIONESVISTA.CUENTABLOQUEOPERATTRANSACCION,ESTAACTIVO,tinyint unsigned,NO,,,
FBS_CAPTACIONESVISTA.CUENTABLOQUEOPERATTRANSACCION,CONCURRENCIA,timestamp(6),YES,,CURRENT_TIMESTAMP(6),DEFAULT_GENERATED on update CURRENT_TIMESTAMP(6)
FBS_CAPTACIONESVISTA.CUENTABLOQUEOTRANSACCIONOPERAT,SECUENCIAL,int,NO,PRI,,auto_increment
FBS_CAPTACIONESVISTA.CUENTABLOQUEOTRANSACCIONOPERAT,SECUENCIALCUENTA,int,NO,MUL,,
FBS_CAPTACIONESVISTA.CUENTABLOQUEOTRANSACCIONOPERAT,SECUENCIALTIPOBLOQUEO,int,NO,MUL,,
FBS_CAPTACIONESVISTA.CUENTABLOQUEOTRANSACCIONOPERAT,DESCRIPCION,varchar(400),NO,,,
FBS_CAPTACIONESVISTA.CUENTABLOQUEOTRANSACCIONOPERAT,CODIGOUSUARIO,varchar(25),NO,MUL,,
FBS_CAPTACIONESVISTA.CUENTABLOQUEOTRANSACCIONOPERAT,FECHASISTEMA,datetime(3),NO,,,
FBS_CAPTACIONESVISTA.CUENTABLOQUEOTRANSACCIONOPERAT,FECHAMAQUINA,datetime(3),NO,,,
FBS_CAPTACIONESVISTA.CUENTABLOQUEOTRANSACCIONOPERAT,ESBLOQUEO,tinyint unsigned,NO,,,
FBS_CAPTACIONESVISTA.CUENTABLOQUEOTRANSACCIONOPERAT,CONCURRENCIA,timestamp(6),YES,,CURRENT_TIMESTAMP(6),DEFAULT_GENERATED on update CURRENT_TIMESTAMP(6)
FBS_CAPTACIONESVISTA.CUENTACAMBIOLIBRETA_ORDENPAGO,SECUENCIAL,int,NO,PRI,,auto_increment
FBS_CAPTACIONESVISTA.CUENTACAMBIOLIBRETA_ORDENPAGO,SECUENCIALCUENTA,int,NO,MUL,,
FBS_CAPTACIONESVISTA.CUENTACAMBIOLIBRETA_ORDENPAGO,SECUENCIALORDEN,int,NO,MUL,,
FBS_CAPTACIONESVISTA.CUENTACAMBIOLIBRETA_ORDENPAGO,CONCURRENCIA,timestamp(6),YES,,CURRENT_TIMESTAMP(6),DEFAULT_GENERATED on update CURRENT_TIMESTAMP(6)
FBS_CAPTACIONESVISTA.CUENTACAMBIOTITULAR,SECUENCIAL,int,NO,PRI,,auto_increment
FBS_CAPTACIONESVISTA.CUENTACAMBIOTITULAR,SECUENCIALCUENTAMAESTRO,int,NO,MUL,,
FBS_CAPTACIONESVISTA.CUENTACAMBIOTITULAR,SECUENCIALCLIENTEANTIGUO,int,NO,MUL,,
FBS_CAPTACIONESVISTA.CUENTACAMBIOTITULAR,SECUENCIALCLIENTENUEVO,int,NO,MUL,,
FBS_CAPTACIONESVISTA.CUENTACAMBIOTITULAR,FECHASISTEMA,datetime(3),NO,,,
FBS_CAPTACIONESVISTA.CUENTACAMBIOTITULAR,FECHAMAQUINA,datetime(3),NO,,,
FBS_CAPTACIONESVISTA.CUENTACAMBIOTITULAR,CODIGOUSUARIO,varchar(25),NO,MUL,,
FBS_CAPTACIONESVISTA.CUENTACAMBIOTITULAR,NUMEROVERIFICADOR,int,NO,,,
FBS_CAPTACIONESVISTA.CUENTACAMBIOTITULAR,CONCURRENCIA,timestamp(6),YES,,CURRENT_TIMESTAMP(6),DEFAULT_GENERATED on update CURRENT_TIMESTAMP(6)
FBS_CAPTACIONESVISTA.CUENTACLIENTE,SECUENCIAL,int,NO,PRI,,auto_increment
FBS_CAPTACIONESVISTA.CUENTACLIENTE,SECUENCIALCUENTA,int,NO,MUL,,
FBS_CAPTACIONESVISTA.CUENTACLIENTE,SECUENCIALCLIENTE,int,NO,MUL,,
FBS_CAPTACIONESVISTA.CUENTACLIENTE,ESPRINCIPAL,tinyint unsigned,NO,,,
FBS_CAPTACIONESVISTA.CUENTACLIENTE,ESTAACTIVO,tinyint unsigned,NO,,,
FBS_CAPTACIONESVISTA.CUENTACLIENTE,NUMEROVERIFICADOR,int,NO,,,
FBS_CAPTACIONESVISTA.CUENTACLIENTE,CONCURRENCIA,timestamp(6),YES,,CURRENT_TIMESTAMP(6),DEFAULT_GENERATED on update CURRENT_TIMESTAMP(6)
FBS_CAPTACIONESVISTA.CUENTACLIENTEPROVIDENCIA,SECUENCIAL,int,NO,PRI,,auto_increment
FBS_CAPTACIONESVISTA.CUENTACLIENTEPROVIDENCIA,SECUENCIALCUENTA,int,NO,MUL,,
FBS_CAPTACIONESVISTA.CUENTACLIENTEPROVIDENCIA,SECUENCIALCLIENTEPROVIDENCIA,int,NO,MUL,,
FBS_CAPTACIONESVISTA.CUENTACLIENTEPROVIDENCIA,ESTAACTIVO,tinyint unsigned,NO,,,
FBS_CAPTACIONESVISTA.CUENTACLIENTEPROVIDENCIA,NUMEROVERIFICADOR,int,NO,,,
FBS_CAPTACIONESVISTA.CUENTACLIENTEPROVIDENCIA,SECUENCIALTIPOBLOQUEO,int,NO,MUL,,
FBS_CAPTACIONESVISTA.CUENTACLIENTEPROVIDENCIA,COMENTARIO,varchar(200),NO,,,
FBS_CAPTACIONESVISTA.CUENTACLIENTEPROVIDENCIA,VALORACUMULADOBLOQUEO,"decimal(18,2)",NO,,,
FBS_CAPTACIONESVISTA.CUENTACLIENTEPROVIDENCIA,CONCURRENCIA,timestamp(6),YES,,CURRENT_TIMESTAMP(6),DEFAULT_GENERATED on update CURRENT_TIMESTAMP(6)
FBS_CAPTACIONESVISTA.CUENTACOBRODIFERIDO,SECUENCIAL,int,NO,PRI,,auto_increment
FBS_CAPTACIONESVISTA.CUENTACOBRODIFERIDO,SECUENCIALCUENTA,int,NO,MUL,,
FBS_CAPTACIONESVISTA.CUENTACOBRODIFERIDO,CODIGOUSUARIOINGRESO,varchar(25),NO,MUL,,
FBS_CAPTACIONESVISTA.CUENTACOBRODIFERIDO,FECHASISTEMAINGRESO,datetime(3),NO,,,
FBS_CAPTACIONESVISTA.CUENTACOBRODIFERIDO,FECHAMAQUINAINGRESO,datetime(3),NO,,,
FBS_CAPTACIONESVISTA.CUENTACOBRODIFERIDO,FECHAEFECTIVIZACOBRO,datetime(3),NO,,,
FBS_CAPTACIONESVISTA.CUENTACOBRODIFERIDO,INGRESOMANUAL,tinyint unsigned,NO,,,
FBS_CAPTACIONESVISTA.CUENTACOBRODIFERIDO,ESTACOBRADO,tinyint unsigned,NO,,,
FBS_CAPTACIONESVISTA.CUENTACOBRODIFERIDO,ESTAACTIVO,tinyint unsigned,NO,,,
FBS_CAPTACIONESVISTA.CUENTACOBRODIFERIDO,NUMEROVERIFICADOR,int,NO,,,
FBS_CAPTACIONESVISTA.CUENTACOBRODIFERIDO,CONCURRENCIA,timestamp(6),YES,,CURRENT_TIMESTAMP(6),DEFAULT_GENERATED on update CURRENT_TIMESTAMP(6)
FBS_CAPTACIONESVISTA.CUENTACOBRODIFERIDOVALCAU_AUX,SECUENCIALCUENTACOBRODIFVALCAU,int,NO,PRI,,
FBS_CAPTACIONESVISTA.CUENTACOBRODIFERIDOVALCAU_AUX,SECUENCIALAUXILIARCONTABLE,int,NO,MUL,,
FBS_CAPTACIONESVISTA.CUENTACOBRODIFERIDOVALCAU_AUX,ESTAACTIVO,tinyint unsigned,NO,,,
FBS_CAPTACIONESVISTA.CUENTACOBRODIFERIDOVALCAU_AUX,NUMEROVERIFICADOR,int,NO,,,
FBS_CAPTACIONESVISTA.CUENTACOBRODIFERIDOVALCAU_AUX,CONCURRENCIA,timestamp(6),YES,,CURRENT_TIMESTAMP(6),DEFAULT_GENERATED on update CURRENT_TIMESTAMP(6)
FBS_CAPTACIONESVISTA.CUENTACOBRODIFERIDOVALORCAUSAL,SECUENCIAL,int,NO,PRI,,auto_increment
FBS_CAPTACIONESVISTA.CUENTACOBRODIFERIDOVALORCAUSAL,SECUENCIALCUENTACOBRODIFERIDO,int,NO,MUL,,
FBS_CAPTACIONESVISTA.CUENTACOBRODIFERIDOVALORCAUSAL,VALORPORCOBRAR,"decimal(18,2)",NO,,,
FBS_CAPTACIONESVISTA.CUENTACOBRODIFERIDOVALORCAUSAL,VALORCOBRADO,"decimal(18,2)",NO,,,
FBS_CAPTACIONESVISTA.CUENTACOBRODIFERIDOVALORCAUSAL,SECUENCIALCOMPONENTECAUSAL,int,NO,MUL,,
FBS_CAPTACIONESVISTA.CUENTACOBRODIFERIDOVALORCAUSAL,ESTAACTIVO,tinyint unsigned,NO,,,
FBS_CAPTACIONESVISTA.CUENTACOBRODIFERIDOVALORCAUSAL,NUMEROVERIFICADOR,int,NO,,,
FBS_CAPTACIONESVISTA.CUENTACOBRODIFERIDOVALORCAUSAL,CONCURRENCIA,timestamp(6),YES,,CURRENT_TIMESTAMP(6),DEFAULT_GENERATED on update CURRENT_TIMESTAMP(6)
FBS_CAPTACIONESVISTA.CUENTACOBRODIFERIDOVALORTRANSF,SECUENCIAL,int,NO,PRI,,auto_increment
FBS_CAPTACIONESVISTA.CUENTACOBRODIFERIDOVALORTRANSF,SECUENCIALCUENTACOBRODIFERIDO,int,NO,MUL,,
FBS_CAPTACIONESVISTA.CUENTACOBRODIFERIDOVALORTRANSF,SECCTACOMPVISTATRANSFIERE,int,NO,MUL,,
FBS_CAPTACIONESVISTA.CUENTACOBRODIFERIDOVALORTRANSF,VALORPORCOBRAR,"decimal(18,2)",NO,,,
FBS_CAPTACIONESVISTA.CUENTACOBRODIFERIDOVALORTRANSF,VALORCOBRADO,"decimal(18,2)",NO,,,
FBS_CAPTACIONESVISTA.CUENTACOBRODIFERIDOVALORTRANSF,ESTAACTIVO,tinyint unsigned,NO,,,
FBS_CAPTACIONESVISTA.CUENTACOBRODIFERIDOVALORTRANSF,NUMEROVERIFICADOR,int,NO,,,
FBS_CAPTACIONESVISTA.CUENTACOBRODIFERIDOVALORTRANSF,CONCURRENCIA,timestamp(6),YES,,CURRENT_TIMESTAMP(6),DEFAULT_GENERATED on update CURRENT_TIMESTAMP(6)
FBS_CAPTACIONESVISTA.CUENTACOBRODIFERIDO_MOTDEBAUT,SECUENCIALCUENTACOBRODIFERIDO,int,NO,PRI,,
FBS_CAPTACIONESVISTA.CUENTACOBRODIFERIDO_MOTDEBAUT,SECUENCIALMOTIVODEBITOAUT,int,NO,MUL,,
FBS_CAPTACIONESVISTA.CUENTACOBROSEGUROEXEQUIAL,SECUENCIAL,int,NO,PRI,,
FBS_CAPTACIONESVISTA.CUENTACOBROSEGUROEXEQUIAL,SECUENCIALCUENTA,int,NO,MUL,,
FBS_CAPTACIONESVISTA.CUENTACOBROSEGUROEXEQUIAL,FECHASISTEMA,datetime(3),NO,,,
FBS_CAPTACIONESVISTA.CUENTACOBROSEGUROEXEQUIAL,FECHAMAQUINA,datetime(3),NO,,,
FBS_CAPTACIONESVISTA.CUENTACOBROSEGUROEXEQUIAL,CODIGOUSUARIO,varchar(25),NO,MUL,,
FBS_CAPTACIONESVISTA.CUENTACOBROSEGUROEXEQUIAL,VALORCOBRO,"decimal(18,2)",NO,,,
FBS_CAPTACIONESVISTA.CUENTACOBROSEGUROEXEQUIAL,DOCUMENTO,varchar(20),NO,,,
FBS_CAPTACIONESVISTA.CUENTACOBROSEGUROEXEQUIAL,CONCURRENCIA,timestamp(6),YES,,CURRENT_TIMESTAMP(6),DEFAULT_GENERATED on update CURRENT_TIMESTAMP(6)
FBS_CAPTACIONESVISTA.CUENTACOBROSEGUROVIDA,SECUENCIAL,int,NO,PRI,,
FBS_CAPTACIONESVISTA.CUENTACOBROSEGUROVIDA,SECUENCIALCUENTA,int,NO,MUL,,
FBS_CAPTACIONESVISTA.CUENTACOBROSEGUROVIDA,FECHASISTEMA,datetime(3),NO,,,
FBS_CAPTACIONESVISTA.CUENTACOBROSEGUROVIDA,FECHAMAQUINA,datetime(3),NO,,,
FBS_CAPTACIONESVISTA.CUENTACOBROSEGUROVIDA,CODIGOUSUARIO,varchar(25),NO,MUL,,
FBS_CAPTACIONESVISTA.CUENTACOBROSEGUROVIDA,VALORCOBRO,"decimal(18,2)",NO,,,
FBS_CAPTACIONESVISTA.CUENTACOBROSEGUROVIDA,DOCUMENTO,varchar(20),NO,,,
FBS_CAPTACIONESVISTA.CUENTACOBROSEGUROVIDA,CONCURRENCIA,timestamp(6),YES,,CURRENT_TIMESTAMP(6),DEFAULT_GENERATED on update CURRENT_TIMESTAMP(6)
FBS_CAPTACIONESVISTA.CUENTACODIGOLIBRETAHISTORICO,SECUENCIAL,int,NO,PRI,,auto_increment
FBS_CAPTACIONESVISTA.CUENTACODIGOLIBRETAHISTORICO,SECUENCIALCUENTA,int,NO,MUL,,
FBS_CAPTACIONESVISTA.CUENTACODIGOLIBRETAHISTORICO,CODIGOLIBRETA,varchar(20),NO,,,
FBS_CAPTACIONESVISTA.CUENTACODIGOLIBRETAHISTORICO,FECHASISTEMAACTIVACION,datetime(3),NO,,,
FBS_CAPTACIONESVISTA.CUENTACODIGOLIBRETAHISTORICO,FECHAMAQUINAACTIVACION,datetime(3),NO,,,
FBS_CAPTACIONESVISTA.CUENTACODIGOLIBRETAHISTORICO,CODIGOUSUARIOACTIVA,varchar(25),NO,MUL,,
FBS_CAPTACIONESVISTA.CUENTACODIGOLIBRETAHISTORICO,CONCURRENCIA,timestamp(6),YES,,CURRENT_TIMESTAMP(6),DEFAULT_GENERATED on update CURRENT_TIMESTAMP(6)
FBS_CAPTACIONESVISTA.CUENTACOMISIONIVA,SECUENCIAL,int,NO,PRI,,auto_increment
FBS_CAPTACIONESVISTA.CUENTACOMISIONIVA,SECUENCIALCUENTA,int,NO,MUL,,
FBS_CAPTACIONESVISTA.CUENTACOMISIONIVA,SECUENCIALCOMPCAUSALCOBRA,int,NO,MUL,,
FBS_CAPTACIONESVISTA.CUENTACOMISIONIVA,SECUENCIALTRANSACCION,int,NO,MUL,,
FBS_CAPTACIONESVISTA.CUENTACOMISIONIVA,DOCUMENTO,varchar(50),NO,,,
FBS_CAPTACIONESVISTA.CUENTACOMISIONIVA,VALORDEBITOCOMISION,"decimal(18,2)",NO,,,
FBS_CAPTACIONESVISTA.CUENTACOMISIONIVA,CODIGOUSUARIO,varchar(25),NO,MUL,,
FBS_CAPTACIONESVISTA.CUENTACOMISIONIVA,FECHASISTEMA,datetime(3),NO,,,
FBS_CAPTACIONESVISTA.CUENTACOMISIONIVA,FECHAMAQUINA,datetime(3),NO,,,
FBS_CAPTACIONESVISTA.CUENTACOMISIONIVA,SECUENCIALCOMPCAUSALACRED,int,NO,MUL,,
FBS_CAPTACIONESVISTA.CUENTACOMISIONIVA,SECUENCIALANEXOTRANSVENTAS,int,NO,,,
FBS_CAPTACIONESVISTA.CUENTACOMISIONIVA,CONCURRENCIA,timestamp(6),YES,,CURRENT_TIMESTAMP(6),DEFAULT_GENERATED on update CURRENT_TIMESTAMP(6)
FBS_CAPTACIONESVISTA.CUENTACOMPONENTE_VISTA,SECUENCIAL,int,NO,PRI,,auto_increment
FBS_CAPTACIONESVISTA.CUENTACOMPONENTE_VISTA,SECUENCIALCUENTA,int,NO,MUL,,
FBS_CAPTACIONESVISTA.CUENTACOMPONENTE_VISTA,SECUENCIALCOMPONENTEVISTA,int,NO,MUL,,
FBS_CAPTACIONESVISTA.CUENTACOMPONENTE_VISTA,SALDO,"decimal(18,6)",NO,,,
FBS_CAPTACIONESVISTA.CUENTACOMPONENTE_VISTA,NUMEROVERIFICADOR,int,NO,,,
FBS_CAPTACIONESVISTA.CUENTACOMPONENTE_VISTA,CONCURRENCIA,timestamp(6),YES,,CURRENT_TIMESTAMP(6),DEFAULT_GENERATED on update CURRENT_TIMESTAMP(6)
FBS_CAPTACIONESVISTA.CUENTACOMP_CAUSALAPERTURA,SECUENCIAL,int,NO,PRI,,auto_increment
FBS_CAPTACIONESVISTA.CUENTACOMP_CAUSALAPERTURA,SECUENCIALCUENTA,int,NO,MUL,,
FBS_CAPTACIONESVISTA.CUENTACOMP_CAUSALAPERTURA,SECUENCIALCOMPONENTECAUSAL,int,NO,MUL,,
FBS_CAPTACIONESVISTA.CUENTACOMP_CAUSALAPERTURA,VALORAPERTURA,"decimal(18,2)",NO,,,
FBS_CAPTACIONESVISTA.CUENTACOMP_CAUSALAPERTURA,CONCURRENCIA,timestamp(6),YES,,CURRENT_TIMESTAMP(6),DEFAULT_GENERATED on update CURRENT_TIMESTAMP(6)
FBS_CAPTACIONESVISTA.CUENTADEBITOPARACERTIFICADOS,SECUENCIAL,int,NO,PRI,,auto_increment
FBS_CAPTACIONESVISTA.CUENTADEBITOPARACERTIFICADOS,SECUENCIALCUENTAAHORRO,int,NO,MUL,,
FBS_CAPTACIONESVISTA.CUENTADEBITOPARACERTIFICADOS,FECHASISTEMA,datetime(3),NO,,,
FBS_CAPTACIONESVISTA.CUENTADEBITOPARACERTIFICADOS,FECHAMAQUINA,datetime(3),NO,,,
FBS_CAPTACIONESVISTA.CUENTADEBITOPARACERTIFICADOS,CODIGOUSUARIO,varchar(25),NO,MUL,,
FBS_CAPTACIONESVISTA.CUENTADEBITOPARACERTIFICADOS,VALORCOBRO,"decimal(18,2)",NO,,,
FBS_CAPTACIONESVISTA.CUENTADEBITOPARACERTIFICADOS,DOCUMENTO,varchar(20),NO,,,
FBS_CAPTACIONESVISTA.CUENTADEBITOPARACERTIFICADOS,VALORCOBROCOMPLETAR,"decimal(18,2)",NO,,,
FBS_CAPTACIONESVISTA.CUENTADEBITOPARACERTIFICADOS,DOCUMENTOCOMPLETAR,varchar(20),NO,,,
FBS_CAPTACIONESVISTA.CUENTADEBITOPARACERTIFICADOS,SECUENCIALCUENTACERTIFICADOS,int,NO,MUL,,
FBS_CAPTACIONESVISTA.CUENTADEBITOPARACERTIFICADOS,CONCURRENCIA,timestamp(6),YES,,CURRENT_TIMESTAMP(6),DEFAULT_GENERATED on update CURRENT_TIMESTAMP(6)
FBS_CAPTACIONESVISTA.CUENTAERRORPROCESO,SECUENCIAL,int,NO,PRI,,auto_increment
FBS_CAPTACIONESVISTA.CUENTAERRORPROCESO,SECUENCIALCUENTA,int,NO,MUL,,
FBS_CAPTACIONESVISTA.CUENTAERRORPROCESO,SECUENCIALMOVIMIENTOORIGEN,int,NO,MUL,,
FBS_CAPTACIONESVISTA.CUENTAERRORPROCESO,PROCESONOREALIZADO,varchar(100),NO,,,
FBS_CAPTACIONESVISTA.CUENTAERRORPROCESO,OBSERVACION,varchar(100),NO,,,
FBS_CAPTACIONESVISTA.CUENTAERRORPROCESO,FECHASISTEMA,datetime(3),NO,,,
FBS_CAPTACIONESVISTA.CUENTAERRORPROCESO,FECHAMAQUINA,datetime(3),NO,,,
FBS_CAPTACIONESVISTA.CUENTAERRORPROCESO,CONCURRENCIA,timestamp(6),YES,,CURRENT_TIMESTAMP(6),DEFAULT_GENERATED on update CURRENT_TIMESTAMP(6)
FBS_CAPTACIONESVISTA.CUENTAMAESTRO,SECUENCIAL,int,NO,PRI,,auto_increment
FBS_CAPTACIONESVISTA.CUENTAMAESTRO,CODIGO,varchar(20),NO,UNI,,
FBS_CAPTACIONESVISTA.CUENTAMAESTRO,CODIGOTIPOCUENTA,varchar(20),NO,MUL,,
FBS_CAPTACIONESVISTA.CUENTAMAESTRO,CODIGOPRODUCTOVISTA,char(20),NO,MUL,,
FBS_CAPTACIONESVISTA.CUENTAMAESTRO,CODIGOESTADO,varchar(1),NO,MUL,,
FBS_CAPTACIONESVISTA.CUENTAMAESTRO,SECUENCIALMONEDA,int,NO,MUL,,
FBS_CAPTACIONESVISTA.CUENTAMAESTRO,SECUENCIALOFICINA,int,NO,MUL,,
FBS_CAPTACIONESVISTA.CUENTAMAESTRO,CODIGOUSUARIOOFICIAL,varchar(25),NO,MUL,,
FBS_CAPTACIONESVISTA.CUENTAMAESTRO,FECHASISTEMACREACION,datetime(3),NO,,,
FBS_CAPTACIONESVISTA.CUENTAMAESTRO,FECHAMAQUINACREACION,datetime(3),NO,,,
FBS_CAPTACIONESVISTA.CUENTAMAESTRO,NUMEROLIBRETA,int,NO,,,
FBS_CAPTACIONESVISTA.CUENTAMAESTRO,NUMEROLINEAIMPRIMELIBRETA,int,NO,,,
FBS_CAPTACIONESVISTA.CUENTAMAESTRO,ESANVERSO,tinyint unsigned,NO,,,
FBS_CAPTACIONESVISTA.CUENTAMAESTRO,TIENESEGUROACTIVO,tinyint unsigned,NO,,,
FBS_CAPTACIONESVISTA.CUENTAMAESTRO,BLOQUEADATRANSACCIONOPERATIVA,tinyint unsigned,NO,,,
FBS_CAPTACIONESVISTA.CUENTAMAESTRO,NUMEROVERIFICADOR,int,NO,,,
FBS_CAPTACIONESVISTA.CUENTAMAESTRO,TRABAJACONTALONARIO,tinyint unsigned,NO,,,
FBS_CAPTACIONESVISTA.CUENTAMAESTRO,FECHACORTE,datetime(3),NO,,,
FBS_CAPTACIONESVISTA.CUENTAMAESTRO,SECUENCIALCLIENTEPRINCIPAL,int,NO,MUL,,
FBS_CAPTACIONESVISTA.CUENTAMAESTRO,CODIGOORIGINAL,varchar(20),NO,UNI,,
FBS_CAPTACIONESVISTA.CUENTAMAESTRO,FECHAULTIMATRANSACCION,datetime(3),NO,,,
FBS_CAPTACIONESVISTA.CUENTAMAESTRO,SECMIGRA,int,YES,MUL,,
FBS_CAPTACIONESVISTA.CUENTAMAESTRO,CONCURRENCIA,timestamp(6),YES,,CURRENT_TIMESTAMP(6),DEFAULT_GENERATED on update CURRENT_TIMESTAMP(6)
FBS_CAPTACIONESVISTA.CUENTAMAESTRO_GRUPAL,SECUENCIALCUENTAMAESTRO,int,NO,PRI,,
FBS_CAPTACIONESVISTA.CUENTAMAESTRO_GRUPAL,ESCONJUNTA,tinyint unsigned,NO,,,
FBS_CAPTACIONESVISTA.CUENTAMAESTRO_GRUPAL,ESTAACTIVA,tinyint unsigned,NO,,,
FBS_CAPTACIONESVISTA.CUENTAMAESTRO_GRUPAL,NUMEROVERIFICADOR,int,NO,,,
FBS_CAPTACIONESVISTA.CUENTAMAESTRO_GRUPAL,CONCURRENCIA,timestamp(6),YES,,CURRENT_TIMESTAMP(6),DEFAULT_GENERATED on update CURRENT_TIMESTAMP(6)
FBS_CAPTACIONESVISTA.CUENTAMAESTRO_MANDATOJUDICIAL,SECUENCIALCUENTA,int,NO,PRI,,
FBS_CAPTACIONESVISTA.CUENTAMAESTRO_MANDATOJUDICIAL,CODIGOTIPOMANDATOJUDICIAL,char(2),NO,MUL,,
FBS_CAPTACIONESVISTA.CUENTAMAESTRO_MANDATOJUDICIAL,RESOLUCION,varchar(100),NO,,,
FBS_CAPTACIONESVISTA.CUENTAMAESTRO_MANDATOJUDICIAL,CONCURRENCIA,timestamp(6),YES,,CURRENT_TIMESTAMP(6),DEFAULT_GENERATED on update CURRENT_TIMESTAMP(6)
FBS_CAPTACIONESVISTA.CUENTAMAESTRO_PERSONALIZADO,SECUENCIALCUENTA,int,NO,PRI,,
FBS_CAPTACIONESVISTA.CUENTAMAESTRO_PERSONALIZADO,TIENESEGUROEXEQUIAL,tinyint unsigned,NO,,,
FBS_CAPTACIONESVISTA.CUENTAMAESTRO_PERSONALIZADO,CONCURRENCIA,timestamp(6),YES,,CURRENT_TIMESTAMP(6),DEFAULT_GENERATED on update CURRENT_TIMESTAMP(6)
FBS_CAPTACIONESVISTA.CUENTAMAESTRO_REGISTROMOVIL,SECUENCIALCUENTA,int,NO,PRI,,
FBS_CAPTACIONESVISTA.CUENTAMAESTRO_REGISTROMOVIL,CODIGOUSUARIO,varchar(25),NO,MUL,,
FBS_CAPTACIONESVISTA.CUENTAMAESTRO_REGISTROMOVIL,CONCURRENCIA,timestamp(6),YES,,CURRENT_TIMESTAMP(6),DEFAULT_GENERATED on update CURRENT_TIMESTAMP(6)
FBS_CAPTACIONESVISTA.CUENTAMAESTRO_TALONARIO,SECUENCIAL,int,NO,PRI,,auto_increment
FBS_CAPTACIONESVISTA.CUENTAMAESTRO_TALONARIO,SECUENCIALCUENTA,int,NO,MUL,,
FBS_CAPTACIONESVISTA.CUENTAMAESTRO_TALONARIO,NUMEROTALONARIO,varchar(50),NO,,,
FBS_CAPTACIONESVISTA.CUENTAMAESTRO_TALONARIO,NUMEROVERIFICADOR,int,NO,,,
FBS_CAPTACIONESVISTA.CUENTAMAESTRO_TALONARIO,CONCURRENCIA,timestamp(6),YES,,CURRENT_TIMESTAMP(6),DEFAULT_GENERATED on update CURRENT_TIMESTAMP(6)
FBS_CAPTACIONESVISTA.CUENTAMAESTRO_VALORAPERTURA,SECUENCIALCUENTAMAESTRO,int,NO,PRI,,
FBS_CAPTACIONESVISTA.CUENTAMAESTRO_VALORAPERTURA,VALORAPERTURA,"decimal(18,2)",NO,,,
FBS_CAPTACIONESVISTA.CUENTAMAESTRO_VALORAPERTURA,CONCURRENCIA,timestamp(6),YES,,CURRENT_TIMESTAMP(6),DEFAULT_GENERATED on update CURRENT_TIMESTAMP(6)
FBS_CAPTACIONESVISTA.CUENTAMOTIVONUEVALIBRETA,SECUENCIAL,int,NO,PRI,,auto_increment
FBS_CAPTACIONESVISTA.CUENTAMOTIVONUEVALIBRETA,CODIGOMOTIVONUEVALIBRETA,varchar(10),NO,MUL,,
FBS_CAPTACIONESVISTA.CUENTAMOTIVONUEVALIBRETA,SECUENCIALCUENTA,int,NO,MUL,,
FBS_CAPTACIONESVISTA.CUENTAMOTIVONUEVALIBRETA,FECHA,datetime(3),NO,,,
FBS_CAPTACIONESVISTA.CUENTAMOTIVONUEVALIBRETA,CODIGOLIBRETA,varchar(40),NO,,,
FBS_CAPTACIONESVISTA.CUENTAMOTIVONUEVALIBRETA,CONCURRENCIA,timestamp(6),YES,,CURRENT_TIMESTAMP(6),DEFAULT_GENERATED on update CURRENT_TIMESTAMP(6)
FBS_CAPTACIONESVISTA.CUENTAREAPERTURA,SECUENCIAL,int,NO,PRI,,auto_increment
FBS_CAPTACIONESVISTA.CUENTAREAPERTURA,SECUENCIALCUENTA,int,NO,MUL,,
FBS_CAPTACIONESVISTA.CUENTAREAPERTURA,FECHASISTEMA,datetime(3),NO,,,
FBS_CAPTACIONESVISTA.CUENTAREAPERTURA,FECHAMAQUINA,datetime(3),NO,,,
FBS_CAPTACIONESVISTA.CUENTAREAPERTURA,CODIGOUSUARIO,varchar(25),NO,MUL,,
FBS_CAPTACIONESVISTA.CUENTAREAPERTURA,NUMEROVERIFICADOR,int,NO,,,
FBS_CAPTACIONESVISTA.CUENTAREAPERTURA,VALORREAPERTURA,"decimal(18,2)",NO,,,
FBS_CAPTACIONESVISTA.CUENTAREAPERTURA,CONCURRENCIA,timestamp(6),YES,,CURRENT_TIMESTAMP(6),DEFAULT_GENERATED on update CURRENT_TIMESTAMP(6)
FBS_CAPTACIONESVISTA.CUENTARENOVACION,SECUENCIAL,int,NO,PRI,,auto_increment
FBS_CAPTACIONESVISTA.CUENTARENOVACION,SECUENCIALCUENTA,int,NO,MUL,,
FBS_CAPTACIONESVISTA.CUENTARENOVACION,CODIGOUSUARIO,varchar(25),NO,MUL,,
FBS_CAPTACIONESVISTA.CUENTARENOVACION,FECHASISTEMA,datetime(3),NO,,,
FBS_CAPTACIONESVISTA.CUENTARENOVACION,FECHAMAQUINA,datetime(3),NO,,,
FBS_CAPTACIONESVISTA.CUENTARENOVACION,CONCURRENCIA,timestamp(6),YES,,CURRENT_TIMESTAMP(6),DEFAULT_GENERATED on update CURRENT_TIMESTAMP(6)
FBS_CAPTACIONESVISTA.CUENTARETENCION,SECUENCIAL,int,NO,PRI,,auto_increment
FBS_CAPTACIONESVISTA.CUENTARETENCION,SECUENCIALCUENTA,int,NO,MUL,,
FBS_CAPTACIONESVISTA.CUENTARETENCION,FECHAEMISION,datetime(3),NO,MUL,,
FBS_CAPTACIONESVISTA.CUENTARETENCION,BASEIMPONIBLE,"decimal(18,2)",NO,,,
FBS_CAPTACIONESVISTA.CUENTARETENCION,MONTORENDIMIENTO,"decimal(18,2)",NO,,,
FBS_CAPTACIONESVISTA.CUENTARETENCION,PORCENTAJERENDIMIENTO,"decimal(18,2)",NO,,,
FBS_CAPTACIONESVISTA.CUENTARETENCION,VALORRETENIDO,"decimal(18,2)",NO,,,
FBS_CAPTACIONESVISTA.CUENTARETENCION,SECMIGRA,int,YES,,,
FBS_CAPTACIONESVISTA.CUENTARETENCION,CONCURRENCIA,timestamp(6),YES,,CURRENT_TIMESTAMP(6),DEFAULT_GENERATED on update CURRENT_TIMESTAMP(6)
FBS_CAPTACIONESVISTA.CUENTA_AHORROPROGCUENTADEBITO,SECUENCIAL,int,NO,PRI,,auto_increment
FBS_CAPTACIONESVISTA.CUENTA_AHORROPROGCUENTADEBITO,SECUENCIALCUENTAAHORROPROGRAMA,int,NO,MUL,,
FBS_CAPTACIONESVISTA.CUENTA_AHORROPROGCUENTADEBITO,SECUENCIALCUENTADEBITO,int,NO,MUL,,
FBS_CAPTACIONESVISTA.CUENTA_AHORROPROGCUENTADEBITO,VALORDEBITO,"decimal(18,2)",NO,,,
FBS_CAPTACIONESVISTA.CUENTA_AHORROPROGCUENTADEBITO,NUMEROVERIFICADOR,int,NO,,,
FBS_CAPTACIONESVISTA.CUENTA_AHORROPROGCUENTADEBITO,ESTAACTIVO,tinyint unsigned,NO,,,
FBS_CAPTACIONESVISTA.CUENTA_AHORROPROGCUENTADEBITO,CONCURRENCIA,timestamp(6),YES,,CURRENT_TIMESTAMP(6),DEFAULT_GENERATED on update CURRENT_TIMESTAMP(6)
FBS_CAPTACIONESVISTA.CUENTA_AHORROPROGRAMADO,SECUENCIALCUENTA,int,NO,PRI,,
FBS_CAPTACIONESVISTA.CUENTA_AHORROPROGRAMADO,DIACOBRO,int,NO,,,
FBS_CAPTACIONESVISTA.CUENTA_AHORROPROGRAMADO,VALORCOBRO,"decimal(18,2)",NO,,,
FBS_CAPTACIONESVISTA.CUENTA_AHORROPROGRAMADO,NUMERODIASCANCELACION,int,NO,,,
FBS_CAPTACIONESVISTA.CUENTA_AHORROPROGRAMADO,SERENOVAAUTOMATICAMENTE,tinyint unsigned,NO,,,
FBS_CAPTACIONESVISTA.CUENTA_AHORROPROGRAMADO,PORCENTAJETASA,"decimal(18,2)",NO,,,
FBS_CAPTACIONESVISTA.CUENTA_AHORROPROGRAMADO,NUMEROVERIFICADOR,int,NO,,,
FBS_CAPTACIONESVISTA.CUENTA_AHORROPROGRAMADO,NUMEROCUOTASIMPAGAS,int,NO,,,
FBS_CAPTACIONESVISTA.CUENTA_AHORROPROGRAMADO,FECHACANCELACION,datetime(3),NO,,,
FBS_CAPTACIONESVISTA.CUENTA_AHORROPROGRAMADO,CONDEBITOCUENTA,tinyint unsigned,NO,,,
FBS_CAPTACIONESVISTA.CUENTA_AHORROPROGRAMADO,CODIGOMOTIVOAPERTURA,varchar(20),NO,MUL,,
FBS_CAPTACIONESVISTA.CUENTA_AHORROPROGRAMADO,INTERESPAGADO,"decimal(18,2)",NO,,,
FBS_CAPTACIONESVISTA.CUENTA_AHORROPROGRAMADO,FRECUENCIAPAGO,int,NO,,,
FBS_CAPTACIONESVISTA.CUENTA_AHORROPROGRAMADO,NUMEROCUOTASIMPAGASTOTAL,int,NO,,,
FBS_CAPTACIONESVISTA.CUENTA_AHORROPROGRAMADO,CONCURRENCIA,timestamp(6),YES,,CURRENT_TIMESTAMP(6),DEFAULT_GENERATED on update CURRENT_TIMESTAMP(6)
FBS_CAPTACIONESVISTA.CUENTA_AHORROPROGRAMADOCUOTAS,SECUENCIAL,int,NO,PRI,,auto_increment
FBS_CAPTACIONESVISTA.CUENTA_AHORROPROGRAMADOCUOTAS,SECUENCIALCUENTAAHORROPROGRAMA,int,NO,MUL,,
FBS_CAPTACIONESVISTA.CUENTA_AHORROPROGRAMADOCUOTAS,NUMEROCUOTA,int,NO,,,
FBS_CAPTACIONESVISTA.CUENTA_AHORROPROGRAMADOCUOTAS,FECHAPAGO,datetime(3),NO,,,
FBS_CAPTACIONESVISTA.CUENTA_AHORROPROGRAMADOCUOTAS,CODIGOESTADOCUOTA,char(1),NO,,,
FBS_CAPTACIONESVISTA.CUENTA_AHORROPROGRAMADOCUOTAS,VALORVALCULADO,"decimal(18,2)",NO,,,
FBS_CAPTACIONESVISTA.CUENTA_AHORROPROGRAMADOCUOTAS,VALORPAGADO,"decimal(18,2)",NO,,,
FBS_CAPTACIONESVISTA.CUENTA_AHORROPROGRAMADOCUOTAS,ESTAACTIVO,tinyint unsigned,NO,,,
FBS_CAPTACIONESVISTA.CUENTA_AHORROPROGRAMADOCUOTAS,CONCURRENCIA,timestamp(6),YES,,CURRENT_TIMESTAMP(6),DEFAULT_GENERATED on update CURRENT_TIMESTAMP(6)
FBS_CAPTACIONESVISTA.CUENTA_APORTACION,SECUENCIALCUENTA,int,NO,PRI,,
FBS_CAPTACIONESVISTA.CUENTA_APORTACION,VALORCOBRO,"decimal(9,2)",NO,,,
FBS_CAPTACIONESVISTA.CUENTA_APORTACION,FECHAULTIMOPAGO,datetime(3),NO,,,
FBS_CAPTACIONESVISTA.CUENTA_APORTACION,CODIGOTIPO,char(10),NO,,,
FBS_CAPTACIONESVISTA.CUENTA_APORTACION,CONCURRENCIA,timestamp(6),YES,,CURRENT_TIMESTAMP(6),DEFAULT_GENERATED on update CURRENT_TIMESTAMP(6)
FBS_CAPTACIONESVISTA.CUENTA_CARALIBRETA,SECUENCIALCUENTA,int,NO,PRI,,
FBS_CAPTACIONESVISTA.CUENTA_CARALIBRETA,NUMEROCARALIBRETA,int,NO,,,
FBS_CAPTACIONESVISTA.CUENTA_CARALIBRETA,CONCURRENCIA,timestamp(6),YES,,CURRENT_TIMESTAMP(6),DEFAULT_GENERATED on update CURRENT_TIMESTAMP(6)
FBS_CAPTACIONESVISTA.CUENTA_CIERRE,SECUENCIALCUENTA,int,NO,PRI,,
FBS_CAPTACIONESVISTA.CUENTA_CIERRE,CODIGOUSUARIO,varchar(25),NO,MUL,,
FBS_CAPTACIONESVISTA.CUENTA_CIERRE,FECHASISTEMA,datetime(3),NO,,,
FBS_CAPTACIONESVISTA.CUENTA_CIERRE,FECHAMAQUINA,datetime(3),NO,,,
FBS_CAPTACIONESVISTA.CUENTA_CIERRE,ESTAACTIVO,tinyint unsigned,NO,,,
FBS_CAPTACIONESVISTA.CUENTA_CIERRE,NUMEROVERIFICADOR,int,NO,,,
FBS_CAPTACIONESVISTA.CUENTA_CIERRE,CONCURRENCIA,timestamp(6),YES,,CURRENT_TIMESTAMP(6),DEFAULT_GENERATED on update CURRENT_TIMESTAMP(6)
FBS_CAPTACIONESVISTA.CUENTA_CODIGOLIBRETA,SECUENCIALCUENTA,int,NO,PRI,,
FBS_CAPTACIONESVISTA.CUENTA_CODIGOLIBRETA,CODIGOLIBRETA,varchar(20),NO,,,
FBS_CAPTACIONESVISTA.CUENTA_CODIGOLIBRETA,NUMEROVERIFICADOR,int,NO,,,
FBS_CAPTACIONESVISTA.CUENTA_CODIGOLIBRETA,CONCURRENCIA,timestamp(6),YES,,CURRENT_TIMESTAMP(6),DEFAULT_GENERATED on update CURRENT_TIMESTAMP(6)
FBS_CAPTACIONESVISTA.DETALLEREMESAENVIO_MOVIMIENTO,SECUENCIALDETALLEREMESAENVIO,int,NO,PRI,,
FBS_CAPTACIONESVISTA.DETALLEREMESAENVIO_MOVIMIENTO,SECUENCIALCUENTADEBITA,int,NO,MUL,,
FBS_CAPTACIONESVISTA.DETALLEREMESAENVIO_MOVIMIENTO,DOCUMENTO,varchar(50),NO,,,
FBS_CAPTACIONESVISTA.DETALLEREMESAENVIO_MOVIMIENTO,CONCURRENCIA,timestamp(6),YES,,CURRENT_TIMESTAMP(6),DEFAULT_GENERATED on update CURRENT_TIMESTAMP(6)
FBS_CAPTACIONESVISTA.DETALLEREMESARECEP_MOVIMIENTO,SECUENCIALDETALLEREMESARECEP,int,NO,PRI,,
FBS_CAPTACIONESVISTA.DETALLEREMESARECEP_MOVIMIENTO,SECUENCIALCUENTAACREDITA,int,NO,MUL,,
FBS_CAPTACIONESVISTA.DETALLEREMESARECEP_MOVIMIENTO,DOCUMENTO,varchar(50),NO,,,
FBS_CAPTACIONESVISTA.DETALLEREMESARECEP_MOVIMIENTO,CONCURRENCIA,timestamp(6),YES,,CURRENT_TIMESTAMP(6),DEFAULT_GENERATED on update CURRENT_TIMESTAMP(6)
FBS_CAPTACIONESVISTA.EMPRESAPARA_TRANINTERBANCARIA,SECUENCIAL,int,NO,PRI,,auto_increment
FBS_CAPTACIONESVISTA.EMPRESAPARA_TRANINTERBANCARIA,SECUENCIALEMPRESA,int,NO,MUL,,
FBS_CAPTACIONESVISTA.EMPRESAPARA_TRANINTERBANCARIA,SECUENCIALMONEDA,int,NO,MUL,,
FBS_CAPTACIONESVISTA.EMPRESAPARA_TRANINTERBANCARIA,SECUENCIALCOMPCAUSALTRANSFER,int,NO,MUL,,
FBS_CAPTACIONESVISTA.EMPRESAPARA_TRANINTERBANCARIA,SECUENCIALMOTIVODEBITOAUT,int,NO,MUL,,
FBS_CAPTACIONESVISTA.EMPRESAPARA_TRANINTERBANCARIA,SECUENCIALMOTIVODEBITOAUTWEB,int,NO,MUL,,
FBS_CAPTACIONESVISTA.EMPRESAPARA_TRANINTERBANCARIA,NUMEROVERIFICADOR,int,NO,,,
FBS_CAPTACIONESVISTA.EMPRESAPARA_TRANINTERBANCARIA,CONCURRENCIA,timestamp(6),YES,,CURRENT_TIMESTAMP(6),DEFAULT_GENERATED on update CURRENT_TIMESTAMP(6)
FBS_CAPTACIONESVISTA.EMPRESA_CAJEROMULTISERVICEGENERACION,SECUENCIALEMPRESA,int,NO,PRI,,
FBS_CAPTACIONESVISTA.EMPRESA_CAJEROMULTISERVICEGENERACION,ULTIMONUMEROAUTORIZACION,int,NO,,,
FBS_CAPTACIONESVISTA.EMPRESA_CAJEROMULTISERVICEGENERACION,NUMEROVERIFICADOR,int,NO,,,
FBS_CAPTACIONESVISTA.EMPRESA_CAJEROMULTISERVICEGENERACION,CONCURRENCIA,timestamp(6),YES,,CURRENT_TIMESTAMP(6),DEFAULT_GENERATED on update CURRENT_TIMESTAMP(6)
FBS_CAPTACIONESVISTA.EMPRESA_PARAMETROCIERRECUENTA,SECUENCIALEMPRESA,int,NO,PRI,,
FBS_CAPTACIONESVISTA.EMPRESA_PARAMETROCIERRECUENTA,SECUENCIALTIPOBLOQUEO,int,NO,MUL,,
FBS_CAPTACIONESVISTA.EMPRESA_PARAMETROCIERRECUENTA,NUMEROVERIFICADOR,int,NO,,,
FBS_CAPTACIONESVISTA.EMPRESA_PARAMETROCIERRECUENTA,CONCURRENCIA,timestamp(6),YES,,CURRENT_TIMESTAMP(6),DEFAULT_GENERATED on update CURRENT_TIMESTAMP(6)
FBS_CAPTACIONESVISTA.EMPRESA_PARAMETROCODIGOLIBRETA,SECUENCIALEMPRESA,int,NO,PRI,,
FBS_CAPTACIONESVISTA.EMPRESA_PARAMETROCODIGOLIBRETA,INGRESACODIGO,tinyint unsigned,NO,,,
FBS_CAPTACIONESVISTA.EMPRESA_PARAMETROCODIGOLIBRETA,NUMEROVERIFICADOR,int,NO,,,
FBS_CAPTACIONESVISTA.EMPRESA_PARAMETROCODIGOLIBRETA,CONCURRENCIA,timestamp(6),YES,,CURRENT_TIMESTAMP(6),DEFAULT_GENERATED on update CURRENT_TIMESTAMP(6)
FBS_CAPTACIONESVISTA.EMPRESA_PARAMETROGENERACIONVIS,SECUENCIALEMPRESA,int,NO,PRI,,
FBS_CAPTACIONESVISTA.EMPRESA_PARAMETROGENERACIONVIS,SECUENCIALCUENTAACTUAL,int,NO,,,
FBS_CAPTACIONESVISTA.EMPRESA_PARAMETROGENERACIONVIS,NUMEROVERIFICADOR,int,NO,,,
FBS_CAPTACIONESVISTA.EMPRESA_PARAMETROGENERACIONVIS,CONCURRENCIA,timestamp(6),YES,,CURRENT_TIMESTAMP(6),DEFAULT_GENERATED on update CURRENT_TIMESTAMP(6)
FBS_CAPTACIONESVISTA.EMPRESA_PARAMETROIMPLIBRETA,SECUENCIALEMPRESA,int,NO,PRI,,
FBS_CAPTACIONESVISTA.EMPRESA_PARAMETROIMPLIBRETA,SECUENCIALMOTIVODEBITO,int,NO,MUL,,
FBS_CAPTACIONESVISTA.EMPRESA_PARAMETROIMPLIBRETA,NUMEROVERIFICADOR,int,NO,,,
FBS_CAPTACIONESVISTA.EMPRESA_PARAMETROIMPLIBRETA,CONCURRENCIA,timestamp(6),YES,,CURRENT_TIMESTAMP(6),DEFAULT_GENERATED on update CURRENT_TIMESTAMP(6)
FBS_CAPTACIONESVISTA.EMPRESA_PARAMETROIMPRDOCSVISTA,SECUENCIALEMPRESA,int,NO,PRI,,
FBS_CAPTACIONESVISTA.EMPRESA_PARAMETROIMPRDOCSVISTA,LIBRETACONJUNTA,tinyint unsigned,NO,,,
FBS_CAPTACIONESVISTA.EMPRESA_PARAMETROIMPRDOCSVISTA,NUMEROVERIFICADOR,int,NO,,,
FBS_CAPTACIONESVISTA.EMPRESA_PARAMETROIMPRDOCSVISTA,CONCURRENCIA,timestamp(6),YES,,CURRENT_TIMESTAMP(6),DEFAULT_GENERATED on update CURRENT_TIMESTAMP(6)
FBS_CAPTACIONESVISTA.EMPRESA_PARAMETROVALIDACIONES,SECUENCIALEMPRESA,int,NO,PRI,,
FBS_CAPTACIONESVISTA.EMPRESA_PARAMETROVALIDACIONES,VALORAHORROS,"decimal(18,2)",NO,,,
FBS_CAPTACIONESVISTA.EMPRESA_PARAMETROVALIDACIONES,VALORMAXIMOTRANSFERENCIA,"decimal(18,2)",NO,,,
FBS_CAPTACIONESVISTA.EMPRESA_PARAMETROVALIDACIONES,NUMEROVERIFICADOR,int,NO,,,
FBS_CAPTACIONESVISTA.EMPRESA_PARAMETROVALIDACIONES,NUMERODIASPERMITECOBRODIFERIDO,int,NO,,,
FBS_CAPTACIONESVISTA.EMPRESA_PARAMETROVALIDACIONES,RETIROMINIMOCHEQUE,"decimal(18,2)",NO,,,
FBS_CAPTACIONESVISTA.EMPRESA_PARAMETROVALIDACIONES,NUMEROSUELDOSBLOQUEOCTS,int,NO,,4,
FBS_CAPTACIONESVISTA.EMPRESA_PARAMETROVALIDACIONES,DIASDEGRACIAAHORROPROGRAMADO,int,NO,,,
FBS_CAPTACIONESVISTA.EMPRESA_PARAMETROVALIDACIONES,CONCURRENCIA,timestamp(6),YES,,CURRENT_TIMESTAMP(6),DEFAULT_GENERATED on update CURRENT_TIMESTAMP(6)
FBS_CAPTACIONESVISTA.EMPRESA_PARAMTRANCERT,SECUENCIALEMPRESA,int,NO,PRI,,
FBS_CAPTACIONESVISTA.EMPRESA_PARAMTRANCERT,SECUENCIALTRANSCOMAHO,int,NO,MUL,,
FBS_CAPTACIONESVISTA.EMPRESA_PARAMTRANCERT,SECUENCIALTRANSOBLIGCES,int,NO,MUL,,
FBS_CAPTACIONESVISTA.EMPRESA_PARAMTRANCERT,CONCURRENCIA,timestamp(6),YES,,CURRENT_TIMESTAMP(6),DEFAULT_GENERATED on update CURRENT_TIMESTAMP(6)
FBS_CAPTACIONESVISTA.EMPRESA_PARAMTRANCERT_AUXCTBL,SECUENCIALEMPRESAPARAMTRANCERT,int,NO,PRI,,
FBS_CAPTACIONESVISTA.EMPRESA_PARAMTRANCERT_AUXCTBL,SECUENCIALAUXILIARCONTABLE,int,NO,MUL,,
FBS_CAPTACIONESVISTA.EMPRESA_PARAMTRANCERT_AUXCTBL,CONCURRENCIA,timestamp(6),YES,,CURRENT_TIMESTAMP(6),DEFAULT_GENERATED on update CURRENT_TIMESTAMP(6)
FBS_CAPTACIONESVISTA.EMP_PARAMETROACREDITAUTILIDAD,SECUENCIALEMPRESA,int,NO,PRI,,
FBS_CAPTACIONESVISTA.EMP_PARAMETROACREDITAUTILIDAD,SECUENCIALTRANSACCION,int,NO,MUL,,
FBS_CAPTACIONESVISTA.EMP_PARAMETROACREDITAUTILIDAD,SECCOMPONENTECAUSALACREDITA,int,NO,MUL,,
FBS_CAPTACIONESVISTA.EMP_PARAMETROACREDITAUTILIDAD,CODIGOTIPOCUENTA,varchar(20),NO,MUL,,
FBS_CAPTACIONESVISTA.EMP_PARAMETROACREDITAUTILIDAD,NUMEROVERIFICADOR,int,NO,,,
FBS_CAPTACIONESVISTA.EMP_PARAMETROACREDITAUTILIDAD,CONCURRENCIA,timestamp(6),YES,,CURRENT_TIMESTAMP(6),DEFAULT_GENERATED on update CURRENT_TIMESTAMP(6)
FBS_CAPTACIONESVISTA.EMP_PARMCAJEROMULTISERVICE,SECUENCIALEMPRESA,int,NO,PRI,,
FBS_CAPTACIONESVISTA.EMP_PARMCAJEROMULTISERVICE,SECTRANSDEBCAJEROAUTOMATICO,int,NO,MUL,,
FBS_CAPTACIONESVISTA.EMP_PARMCAJEROMULTISERVICE,SECTRANSCREDCAJEROAUTOMATICO,int,NO,MUL,,
FBS_CAPTACIONESVISTA.EMP_PARMCAJEROMULTISERVICE,SECUENCIALCAUSALCAJEROLOCAL,int,NO,MUL,,
FBS_CAPTACIONESVISTA.EMP_PARMCAJEROMULTISERVICE,SECUENCIALCAUSALOTROSCAJEROS,int,NO,MUL,,
FBS_CAPTACIONESVISTA.EMP_PARMCAJEROMULTISERVICE,SECUENCIALCAUSALEXTERNO,int,NO,MUL,,
FBS_CAPTACIONESVISTA.EMP_PARMCAJEROMULTISERVICE,SECUENCIALCAUSALINTERNACIONAL,int,NO,MUL,,
FBS_CAPTACIONESVISTA.EMP_PARMCAJEROMULTISERVICE,SECUENCIALCAUSALCOMISIONCOOP,int,NO,MUL,,
FBS_CAPTACIONESVISTA.EMP_PARMCAJEROMULTISERVICE,SECUENCIALCAUSALCOMRETIROEXT,int,NO,MUL,,
FBS_CAPTACIONESVISTA.EMP_PARMCAJEROMULTISERVICE,SECUENCIALCAUSALCOMCONSULTCOOP,int,NO,MUL,,
FBS_CAPTACIONESVISTA.EMP_PARMCAJEROMULTISERVICE,SECUENCIALCAUSALDEBITOPOS,int,NO,MUL,,
FBS_CAPTACIONESVISTA.EMP_PARMCAJEROMULTISERVICE,COMISIONCONSULTACAJEROLOCAL,"decimal(18,2)",NO,,,
FBS_CAPTACIONESVISTA.EMP_PARMCAJEROMULTISERVICE,COMISIONCONSULTACAJEROEXTERNO,"decimal(18,2)",NO,,,
FBS_CAPTACIONESVISTA.EMP_PARMCAJEROMULTISERVICE,COMISIONCONSULTACAJEROINTERNACIONAL,"decimal(18,2)",NO,,,
FBS_CAPTACIONESVISTA.EMP_PARMCAJEROMULTISERVICE,COMISIONRETIROCAJEROLOCAL,"decimal(18,2)",NO,,,
FBS_CAPTACIONESVISTA.EMP_PARMCAJEROMULTISERVICE,COMISIONRETIROCAJEROEXTERNO,"decimal(18,2)",NO,,,
FBS_CAPTACIONESVISTA.EMP_PARMCAJEROMULTISERVICE,COMISIONRETIROCAJEROINTERNACIONAL,"decimal(18,2)",NO,,,
FBS_CAPTACIONESVISTA.EMP_PARMCAJEROMULTISERVICE,NUMEROVERIFICADOR,int,NO,,,
FBS_CAPTACIONESVISTA.EMP_PARMCAJEROMULTISERVICE,CONCURRENCIA,timestamp(6),YES,,CURRENT_TIMESTAMP(6),DEFAULT_GENERATED on update CURRENT_TIMESTAMP(6)
FBS_CAPTACIONESVISTA.EMP_PARMCAJMSERV_AUXCAJLOC,SECUENCIAL,int,NO,PRI,,auto_increment
FBS_CAPTACIONESVISTA.EMP_PARMCAJMSERV_AUXCAJLOC,SECEMPRESAPARMCAJMULTISERVICE,int,NO,MUL,,
FBS_CAPTACIONESVISTA.EMP_PARMCAJMSERV_AUXCAJLOC,SECUENCIALOFICINA,int,NO,MUL,,
FBS_CAPTACIONESVISTA.EMP_PARMCAJMSERV_AUXCAJLOC,SECUENCIALAUXILIARCONTABLE,int,NO,MUL,,
FBS_CAPTACIONESVISTA.EMP_PARMCAJMSERV_AUXCAJLOC,ESTAACTIVO,tinyint unsigned,NO,,,
FBS_CAPTACIONESVISTA.EMP_PARMCAJMSERV_AUXCAJLOC,NUMEROVERIFICADOR,int,NO,,,
FBS_CAPTACIONESVISTA.EMP_PARMCAJMSERV_AUXCAJLOC,CONCURRENCIA,timestamp(6),YES,,CURRENT_TIMESTAMP(6),DEFAULT_GENERATED on update CURRENT_TIMESTAMP(6)
FBS_CAPTACIONESVISTA.EMP_PARMCAJMSERV_AUXOTRCAJ,SECEMPRESAPARMCAJMULTISERVICE,int,NO,PRI,,
FBS_CAPTACIONESVISTA.EMP_PARMCAJMSERV_AUXOTRCAJ,SECUENCIALAUXILIARCONTABLE,int,NO,MUL,,
FBS_CAPTACIONESVISTA.EMP_PARMCAJMSERV_AUXOTRCAJ,ESTAACTIVO,tinyint unsigned,NO,,,
FBS_CAPTACIONESVISTA.EMP_PARMCAJMSERV_AUXOTRCAJ,NUMEROVERIFICADOR,int,NO,,,
FBS_CAPTACIONESVISTA.EMP_PARMCAJMSERV_AUXOTRCAJ,CONCURRENCIA,timestamp(6),YES,,CURRENT_TIMESTAMP(6),DEFAULT_GENERATED on update CURRENT_TIMESTAMP(6)
FBS_CAPTACIONESVISTA.EMP_PARMCAJMSER_AUXCOMICOOP,SECEMPRESAPARMCAJMULTISERVICE,int,NO,PRI,,
FBS_CAPTACIONESVISTA.EMP_PARMCAJMSER_AUXCOMICOOP,SECUENCIALAUXILIARCONTABLE,int,NO,MUL,,
FBS_CAPTACIONESVISTA.EMP_PARMCAJMSER_AUXCOMICOOP,ESTAACTIVO,tinyint unsigned,NO,,,
FBS_CAPTACIONESVISTA.EMP_PARMCAJMSER_AUXCOMICOOP,NUMEROVERIFICADOR,int,NO,,,
FBS_CAPTACIONESVISTA.EMP_PARMCAJMSER_AUXCOMICOOP,CONCURRENCIA,timestamp(6),YES,,CURRENT_TIMESTAMP(6),DEFAULT_GENERATED on update CURRENT_TIMESTAMP(6)
FBS_CAPTACIONESVISTA.ENVIO,SECUENCIAL,int,NO,PRI,,auto_increment
FBS_CAPTACIONESVISTA.ENVIO,FECHASISTEMA,datetime(3),NO,,,
FBS_CAPTACIONESVISTA.ENVIO,FECHAMAQUINA,datetime(3),NO,,,
FBS_CAPTACIONESVISTA.ENVIO,SECUENCIALCUENTACONTABLEBANCAR,int,NO,MUL,,
FBS_CAPTACIONESVISTA.ENVIO,CODIGOUSUARIO,varchar(25),NO,MUL,,
FBS_CAPTACIONESVISTA.ENVIO,DETALLE,varchar(250),NO,,,
FBS_CAPTACIONESVISTA.ENVIO,RECEPTADO,tinyint unsigned,NO,,,
FBS_CAPTACIONESVISTA.ENVIO,NUMEROVERIFICADOR,int,NO,,,
FBS_CAPTACIONESVISTA.ENVIO,CONCURRENCIA,timestamp(6),YES,,CURRENT_TIMESTAMP(6),DEFAULT_GENERATED on update CURRENT_TIMESTAMP(6)
FBS_CAPTACIONESVISTA.ENVIO_AUXILIARCONTABLE,SECUENCIALENVIO,int,NO,PRI,,
FBS_CAPTACIONESVISTA.ENVIO_AUXILIARCONTABLE,SECUENCIALAUXILIARCONTABLE,int,NO,MUL,,
FBS_CAPTACIONESVISTA.ENVIO_AUXILIARCONTABLE,CONCURRENCIA,timestamp(6),YES,,CURRENT_TIMESTAMP(6),DEFAULT_GENERATED on update CURRENT_TIMESTAMP(6)
FBS_CAPTACIONESVISTA.ESTADOCUENTA,CODIGO,varchar(1),NO,PRI,,
FBS_CAPTACIONESVISTA.ESTADOCUENTA,NOMBRE,varchar(20),NO,,,
FBS_CAPTACIONESVISTA.ESTADOCUENTA,ESTAACTIVO,tinyint unsigned,NO,,,
FBS_CAPTACIONESVISTA.ESTADOCUENTA,NUMEROVERIFICADOR,int,NO,,,
FBS_CAPTACIONESVISTA.ESTADOCUENTA,CONCURRENCIA,timestamp(6),YES,,CURRENT_TIMESTAMP(6),DEFAULT_GENERATED on update CURRENT_TIMESTAMP(6)
FBS_CAPTACIONESVISTA.ESTADOFINALORDENPAGOBCE,CODIGO,varchar(5),NO,PRI,,
FBS_CAPTACIONESVISTA.ESTADOFINALORDENPAGOBCE,NOMBRE,varchar(100),NO,,,
FBS_CAPTACIONESVISTA.ESTADOFINALORDENPAGOBCE,ESTAACTIVO,tinyint unsigned,NO,,,
FBS_CAPTACIONESVISTA.ESTADOFINALORDENPAGOBCE,NUMEROVERIFICADOR,int,NO,,,
FBS_CAPTACIONESVISTA.ESTADOFINALORDENPAGOBCE,CONCURRENCIA,timestamp(6),YES,,CURRENT_TIMESTAMP(6),DEFAULT_GENERATED on update CURRENT_TIMESTAMP(6)
FBS_CAPTACIONESVISTA.ESTADOSOLICITUDVISTA,CODIGO,varchar(1),NO,PRI,,
FBS_CAPTACIONESVISTA.ESTADOSOLICITUDVISTA,NOMBRE,varchar(50),NO,,,
FBS_CAPTACIONESVISTA.ESTADOSOLICITUDVISTA,SECUENCIALEMPRESA,int,NO,MUL,,
FBS_CAPTACIONESVISTA.ESTADOSOLICITUDVISTA,ESTAACTIVO,tinyint unsigned,NO,,,
FBS_CAPTACIONESVISTA.ESTADOSOLICITUDVISTA,NUMEROVERIFICADOR,int,NO,,,
FBS_CAPTACIONESVISTA.ESTADOSOLICITUDVISTA,CONCURRENCIA,timestamp(6),YES,,CURRENT_TIMESTAMP(6),DEFAULT_GENERATED on update CURRENT_TIMESTAMP(6)
FBS_CAPTACIONESVISTA.ESTADOTRANSFERENCIA,CODIGO,varchar(10),NO,PRI,,
FBS_CAPTACIONESVISTA.ESTADOTRANSFERENCIA,NOMBRE,varchar(100),NO,,,
FBS_CAPTACIONESVISTA.ESTADOTRANSFERENCIA,ESTAACTIVO,tinyint unsigned,NO,,,
FBS_CAPTACIONESVISTA.ESTADOTRANSFERENCIA,NUMEROVERIFICADOR,int,NO,,,
FBS_CAPTACIONESVISTA.ESTADOTRANSFERENCIA,CONCURRENCIA,timestamp(6),YES,,CURRENT_TIMESTAMP(6),DEFAULT_GENERATED on update CURRENT_TIMESTAMP(6)
FBS_CAPTACIONESVISTA.HISTORICOCAJERO,SECUENCIAL,int,NO,PRI,,auto_increment
FBS_CAPTACIONESVISTA.HISTORICOCAJERO,SECUENCIALEMPRESA,int,NO,MUL,,
FBS_CAPTACIONESVISTA.HISTORICOCAJERO,CODIGOCUENTA,varchar(50),NO,,,
FBS_CAPTACIONESVISTA.HISTORICOCAJERO,TIPOTRANSACCION,varchar(50),NO,,,
FBS_CAPTACIONESVISTA.HISTORICOCAJERO,LUGAR,varchar(50),NO,,,
FBS_CAPTACIONESVISTA.HISTORICOCAJERO,TARJETA,varchar(50),NO,,,
FBS_CAPTACIONESVISTA.HISTORICOCAJERO,MONTO,"decimal(18,2)",NO,,,
FBS_CAPTACIONESVISTA.HISTORICOCAJERO,CAJERO,varchar(50),NO,,,
FBS_CAPTACIONESVISTA.HISTORICOCAJERO,RED,varchar(50),NO,,,
FBS_CAPTACIONESVISTA.HISTORICOCAJERO,NUMEROTRANSACCION,"decimal(18,2)",NO,,,
FBS_CAPTACIONESVISTA.HISTORICOCAJERO,TASA,"decimal(18,2)",NO,,,
FBS_CAPTACIONESVISTA.HISTORICOCAJERO,IDMENSAJE,varchar(150),NO,,,
FBS_CAPTACIONESVISTA.HISTORICOCAJERO,CODIGOUSUARIO,varchar(25),NO,MUL,,
FBS_CAPTACIONESVISTA.HISTORICOCAJERO,CODIGOUSUARIOCAJERO,varchar(25),NO,MUL,,
FBS_CAPTACIONESVISTA.HISTORICOCAJERO,COMISION,"decimal(18,2)",NO,,,
FBS_CAPTACIONESVISTA.HISTORICOCAJERO,PROCESADO,tinyint unsigned,NO,,,
FBS_CAPTACIONESVISTA.HISTORICOCAJERO,REVERSADO,tinyint unsigned,NO,,,
FBS_CAPTACIONESVISTA.HISTORICOCAJERO,DOCUMENTO,varchar(50),NO,,,
FBS_CAPTACIONESVISTA.HISTORICOCAJERO,DOCUMENTOREVERSO,varchar(50),NO,,,
FBS_CAPTACIONESVISTA.HISTORICOCAJERO,DOCUMENTOCOMISION,varchar(50),NO,,,
FBS_CAPTACIONESVISTA.HISTORICOCAJERO,DOCUMENTOREVERSOCOMISION,varchar(50),NO,,,
FBS_CAPTACIONESVISTA.HISTORICOCAJERO,NUMEROAUTORIZACION,varchar(100),NO,,,
FBS_CAPTACIONESVISTA.HISTORICOCAJERO,RESPUESTA,varchar(1000),NO,,,
FBS_CAPTACIONESVISTA.HISTORICOCAJERO,FECHACAJERO,datetime(3),NO,,,
FBS_CAPTACIONESVISTA.HISTORICOCAJERO,FECHASISTEMA,datetime(3),NO,,,
FBS_CAPTACIONESVISTA.HISTORICOCAJERO,FECHAMAQUINA,datetime(3),NO,,,
FBS_CAPTACIONESVISTA.HISTORICOCAJERO,TIEMPOEJECUCION,int,NO,,,
FBS_CAPTACIONESVISTA.HISTORICOCAJERO,CONCURRENCIA,timestamp(6),YES,,CURRENT_TIMESTAMP(6),DEFAULT_GENERATED on update CURRENT_TIMESTAMP(6)
FBS_CAPTACIONESVISTA.HISTORICOCAJERO_DATOSFACTURA,SECUENCIALHISTORICOCAJERO,int,NO,PRI,,
FBS_CAPTACIONESVISTA.HISTORICOCAJERO_DATOSFACTURA,SECUENCIALDATOSFACTURA,int,NO,MUL,,
FBS_CAPTACIONESVISTA.HISTORICOCAJERO_DATOSFACTURA,CONCURRENCIA,timestamp(6),YES,,CURRENT_TIMESTAMP(6),DEFAULT_GENERATED on update CURRENT_TIMESTAMP(6)
FBS_CAPTACIONESVISTA.HISTORICOCUENTAESTADO,SECUENCIAL,int,NO,PRI,,auto_increment
FBS_CAPTACIONESVISTA.HISTORICOCUENTAESTADO,SECUENCIALCUENTA,int,NO,MUL,,
FBS_CAPTACIONESVISTA.HISTORICOCUENTAESTADO,CODIGOESTADOALTERADO,varchar(1),NO,MUL,,
FBS_CAPTACIONESVISTA.HISTORICOCUENTAESTADO,FECHASISTEMA,datetime(3),NO,,,
FBS_CAPTACIONESVISTA.HISTORICOCUENTAESTADO,FECHAMAQUINA,datetime(3),NO,,,
FBS_CAPTACIONESVISTA.HISTORICOCUENTAESTADO,CODIGOUSUARIOPROCESO,varchar(25),NO,MUL,,
FBS_CAPTACIONESVISTA.HISTORICOCUENTAESTADO,CONCURRENCIA,timestamp(6),YES,,CURRENT_TIMESTAMP(6),DEFAULT_GENERATED on update CURRENT_TIMESTAMP(6)
FBS_CAPTACIONESVISTA.HISTORICOCUENTAOFICINA,SECUENCIAL,int,NO,PRI,,auto_increment
FBS_CAPTACIONESVISTA.HISTORICOCUENTAOFICINA,SECUENCIALCUENTA,int,NO,MUL,,
FBS_CAPTACIONESVISTA.HISTORICOCUENTAOFICINA,SECUENCIALOFICINAALTERADA,int,NO,MUL,,
FBS_CAPTACIONESVISTA.HISTORICOCUENTAOFICINA,FECHASISTEMA,datetime(3),NO,,,
FBS_CAPTACIONESVISTA.HISTORICOCUENTAOFICINA,FECHAMAQUINA,datetime(3),NO,,,
FBS_CAPTACIONESVISTA.HISTORICOCUENTAOFICINA,CODIGOUSUARIOPROCESO,varchar(25),NO,MUL,,
FBS_CAPTACIONESVISTA.HISTORICOCUENTAOFICINA,CONCURRENCIA,timestamp(6),YES,,CURRENT_TIMESTAMP(6),DEFAULT_GENERATED on update CURRENT_TIMESTAMP(6)
FBS_CAPTACIONESVISTA.HISTORICOIMPCERTAPORTACIONCAMBIOESTADO,SECUENCIAL,int,NO,PRI,,auto_increment
FBS_CAPTACIONESVISTA.HISTORICOIMPCERTAPORTACIONCAMBIOESTADO,SECUENCIALHISTIMPRCERTAPORT,int,NO,MUL,,
FBS_CAPTACIONESVISTA.HISTORICOIMPCERTAPORTACIONCAMBIOESTADO,CODIGOUSUARIO,varchar(25),NO,MUL,,
FBS_CAPTACIONESVISTA.HISTORICOIMPCERTAPORTACIONCAMBIOESTADO,FECHASISTEMA,datetime,NO,,,
FBS_CAPTACIONESVISTA.HISTORICOIMPCERTAPORTACIONCAMBIOESTADO,FECHAMAQUINA,datetime(3),NO,,,
FBS_CAPTACIONESVISTA.HISTORICOIMPCERTAPORTACIONCAMBIOESTADO,CONCURRENCIA,timestamp(6),YES,,CURRENT_TIMESTAMP(6),DEFAULT_GENERATED on update CURRENT_TIMESTAMP(6)
FBS_CAPTACIONESVISTA.HISTORICOIMPRIMECERTIFICADOSAPORTACION,SECUENCIAL,int,NO,PRI,,auto_increment
FBS_CAPTACIONESVISTA.HISTORICOIMPRIMECERTIFICADOSAPORTACION,SECUENCIALCLIENTE,int,NO,MUL,,
FBS_CAPTACIONESVISTA.HISTORICOIMPRIMECERTIFICADOSAPORTACION,FECHASISTEMA,datetime,NO,,,
FBS_CAPTACIONESVISTA.HISTORICOIMPRIMECERTIFICADOSAPORTACION,FECHAMAQUINA,datetime(3),NO,,,
FBS_CAPTACIONESVISTA.HISTORICOIMPRIMECERTIFICADOSAPORTACION,SALDOCERTIFICADOS,"decimal(18,2)",NO,,,
FBS_CAPTACIONESVISTA.HISTORICOIMPRIMECERTIFICADOSAPORTACION,CODIGOUSUARIO,varchar(25),NO,MUL,,
FBS_CAPTACIONESVISTA.HISTORICOIMPRIMECERTIFICADOSAPORTACION,FECHACORTE,datetime(3),NO,,,
FBS_CAPTACIONESVISTA.HISTORICOIMPRIMECERTIFICADOSAPORTACION,DOCUMENTOFISICO,varchar(10),NO,,,
FBS_CAPTACIONESVISTA.HISTORICOIMPRIMECERTIFICADOSAPORTACION,NUMEROCERTIFICADOS,int,NO,,,
FBS_CAPTACIONESVISTA.HISTORICOIMPRIMECERTIFICADOSAPORTACION,VALORTIPOCUENTAAPERTURA,"decimal(18,2)",NO,,,
FBS_CAPTACIONESVISTA.HISTORICOIMPRIMECERTIFICADOSAPORTACION,ESTAACTIVO,tinyint unsigned,NO,,,
FBS_CAPTACIONESVISTA.HISTORICOIMPRIMECERTIFICADOSAPORTACION,CONCURRENCIA,timestamp(6),YES,,CURRENT_TIMESTAMP(6),DEFAULT_GENERATED on update CURRENT_TIMESTAMP(6)
FBS_CAPTACIONESVISTA.HISTORICOVENTANILLACOMPARTIDABCE,SECUENCIAL,int,NO,PRI,,auto_increment
FBS_CAPTACIONESVISTA.HISTORICOVENTANILLACOMPARTIDABCE,IDENTIFICACIONTIPOOPERACION,varchar(100),NO,,,
FBS_CAPTACIONESVISTA.HISTORICOVENTANILLACOMPARTIDABCE,ENTIDADORDENANTE,varchar(100),NO,,,
FBS_CAPTACIONESVISTA.HISTORICOVENTANILLACOMPARTIDABCE,IDENTIFICADORTRANSACCION,varchar(100),NO,,,
FBS_CAPTACIONESVISTA.HISTORICOVENTANILLACOMPARTIDABCE,IDENTIFICADORPUNTOAPUNTO,varchar(100),NO,,,
FBS_CAPTACIONESVISTA.HISTORICOVENTANILLACOMPARTIDABCE,MONTO,"decimal(18,2)",NO,,,
FBS_CAPTACIONESVISTA.HISTORICOVENTANILLACOMPARTIDABCE,ESDEPOSITO,tinyint unsigned,NO,,,
FBS_CAPTACIONESVISTA.HISTORICOVENTANILLACOMPARTIDABCE,ESTRANSFERENCIA,tinyint unsigned,NO,,,
FBS_CAPTACIONESVISTA.HISTORICOVENTANILLACOMPARTIDABCE,IDENTIFICACIONORDENANTE,varchar(50),NO,,,
FBS_CAPTACIONESVISTA.HISTORICOVENTANILLACOMPARTIDABCE,NOMBREORDENANTE,varchar(500),NO,,,
FBS_CAPTACIONESVISTA.HISTORICOVENTANILLACOMPARTIDABCE,CUENTAORDENANTE,varchar(50),NO,,,
FBS_CAPTACIONESVISTA.HISTORICOVENTANILLACOMPARTIDABCE,CODIGOTIPOCUENTAORDENANTE,varchar(10),NO,,,
FBS_CAPTACIONESVISTA.HISTORICOVENTANILLACOMPARTIDABCE,IDENTIFICACIONBENEFICIARIO,varchar(50),NO,,,
FBS_CAPTACIONESVISTA.HISTORICOVENTANILLACOMPARTIDABCE,NOMBREBENEFICIARIO,varchar(500),NO,,,
FBS_CAPTACIONESVISTA.HISTORICOVENTANILLACOMPARTIDABCE,CUENTABENEFICIARIO,varchar(50),NO,,,
FBS_CAPTACIONESVISTA.HISTORICOVENTANILLACOMPARTIDABCE,CODIGOTIPOCUENTABENEFICIARIO,varchar(10),NO,,,
FBS_CAPTACIONESVISTA.HISTORICOVENTANILLACOMPARTIDABCE,PROCESADO,tinyint unsigned,NO,,,
FBS_CAPTACIONESVISTA.HISTORICOVENTANILLACOMPARTIDABCE,CODIGOERROR,char(20),NO,,,
FBS_CAPTACIONESVISTA.HISTORICOVENTANILLACOMPARTIDABCE,MENSAJE,varchar(1000),NO,,,
FBS_CAPTACIONESVISTA.HISTORICOVENTANILLACOMPARTIDABCE,DOCUMENTO,char(50),NO,,,
FBS_CAPTACIONESVISTA.HISTORICOVENTANILLACOMPARTIDABCE,DOCUMENTOCOMISION,char(50),NO,,,
FBS_CAPTACIONESVISTA.HISTORICOVENTANILLACOMPARTIDABCE,REVERSADO,tinyint unsigned,NO,,,
FBS_CAPTACIONESVISTA.HISTORICOVENTANILLACOMPARTIDABCE,ESDEBITO,tinyint unsigned,NO,,,
FBS_CAPTACIONESVISTA.HISTORICOVENTANILLACOMPARTIDABCE,VALORCOMISION,"decimal(18,2)",NO,,,
FBS_CAPTACIONESVISTA.HISTORICOVENTANILLACOMPARTIDABCE,DOCUMENTOREVERSO,varchar(50),NO,,,
FBS_CAPTACIONESVISTA.HISTORICOVENTANILLACOMPARTIDABCE,DOCUMENTOREVERSOCOMISION,varchar(50),NO,,,
FBS_CAPTACIONESVISTA.HISTORICOVENTANILLACOMPARTIDABCE,IDENTIFICACIONREVERSO,varchar(100),NO,MUL,,
FBS_CAPTACIONESVISTA.HISTORICOVENTANILLACOMPARTIDABCE,ENTIDADORDENANTEREVERSO,varchar(100),NO,,,
FBS_CAPTACIONESVISTA.HISTORICOVENTANILLACOMPARTIDABCE,ENTIDADINFORMAREVERSO,varchar(100),NO,,,
FBS_CAPTACIONESVISTA.HISTORICOVENTANILLACOMPARTIDABCE,CODIGOREVERSO,varchar(50),NO,,,
FBS_CAPTACIONESVISTA.HISTORICOVENTANILLACOMPARTIDABCE,MENSAJEREVERSO,varchar(200),NO,,,
FBS_CAPTACIONESVISTA.HISTORICOVENTANILLACOMPARTIDABCE,FECHASISTEMA,datetime(3),NO,,,
FBS_CAPTACIONESVISTA.HISTORICOVENTANILLACOMPARTIDABCE,FECHAMAQUINA,datetime(3),NO,,,
FBS_CAPTACIONESVISTA.HISTORICOVENTANILLACOMPARTIDABCE,CONCURRENCIA,timestamp(6),YES,,CURRENT_TIMESTAMP(6),DEFAULT_GENERATED on update CURRENT_TIMESTAMP(6)
FBS_CAPTACIONESVISTA.INFODEPMOVILCONCILIACION,SECUENCIAL,int,NO,PRI,,auto_increment
FBS_CAPTACIONESVISTA.INFODEPMOVILCONCILIACION,CODIGOUSUARIOPROCESA,varchar(25),NO,MUL,,
FBS_CAPTACIONESVISTA.INFODEPMOVILCONCILIACION,FECHASISTEMA,datetime(3),NO,,,
FBS_CAPTACIONESVISTA.INFODEPMOVILCONCILIACION,FECHAMAQUINA,datetime(3),NO,,,
FBS_CAPTACIONESVISTA.INFODEPMOVILCONCILIACION,NUMEROVERIFICADOR,int,NO,,,
FBS_CAPTACIONESVISTA.INFODEPMOVILCONCILIACION,CONCURRENCIA,timestamp(6),YES,,CURRENT_TIMESTAMP(6),DEFAULT_GENERATED on update CURRENT_TIMESTAMP(6)
FBS_CAPTACIONESVISTA.INFODEPMOVILCONCILIACIONDET,SECUENCIAL,int,NO,PRI,,auto_increment
FBS_CAPTACIONESVISTA.INFODEPMOVILCONCILIACIONDET,SECUENCIALINFODEPMOVILCONCILIA,int,NO,MUL,,
FBS_CAPTACIONESVISTA.INFODEPMOVILCONCILIACIONDET,SECUENCIALINFODEPOSITOMOVIL,int,NO,MUL,,
FBS_CAPTACIONESVISTA.INFODEPMOVILCONCILIACIONDET,CONCURRENCIA,timestamp(6),YES,,CURRENT_TIMESTAMP(6),DEFAULT_GENERATED on update CURRENT_TIMESTAMP(6)
FBS_CAPTACIONESVISTA.INFORMACIONDEPOSITOMOVIL,SECUENCIAL,int,NO,PRI,,auto_increment
FBS_CAPTACIONESVISTA.INFORMACIONDEPOSITOMOVIL,DOCUMENTO,varchar(50),NO,,,
FBS_CAPTACIONESVISTA.INFORMACIONDEPOSITOMOVIL,SECUENCIALCLIENTE,int,NO,MUL,,
FBS_CAPTACIONESVISTA.INFORMACIONDEPOSITOMOVIL,SECUENCIALCUENTA,int,NO,MUL,,
FBS_CAPTACIONESVISTA.INFORMACIONDEPOSITOMOVIL,SECUENCIALCOMPONENTECAUSAL,int,NO,MUL,,
FBS_CAPTACIONESVISTA.INFORMACIONDEPOSITOMOVIL,VALOR,"decimal(18,2)",NO,,,
FBS_CAPTACIONESVISTA.INFORMACIONDEPOSITOMOVIL,CODIGOUSUARIOINGRESO,varchar(25),NO,MUL,,
FBS_CAPTACIONESVISTA.INFORMACIONDEPOSITOMOVIL,FECHASISTEMA,datetime(3),NO,,,
FBS_CAPTACIONESVISTA.INFORMACIONDEPOSITOMOVIL,FECHAMAQUINA,datetime(3),NO,,,
FBS_CAPTACIONESVISTA.INFORMACIONDEPOSITOMOVIL,PROCESADO,tinyint unsigned,NO,,,
FBS_CAPTACIONESVISTA.INFORMACIONDEPOSITOMOVIL,NUMEROVERIFICADOR,int,NO,,,
FBS_CAPTACIONESVISTA.INFORMACIONDEPOSITOMOVIL,CONCURRENCIA,timestamp(6),YES,,CURRENT_TIMESTAMP(6),DEFAULT_GENERATED on update CURRENT_TIMESTAMP(6)
FBS_CAPTACIONESVISTA.INFORMACIONDEPOSITOMOVIL_AUXCON,SECUENCIALINFODEPOSITOMOVIL,int,NO,PRI,,
FBS_CAPTACIONESVISTA.INFORMACIONDEPOSITOMOVIL_AUXCON,SECUENCIALAUXILIARCONTABLE,int,NO,MUL,,
FBS_CAPTACIONESVISTA.INFORMACIONDEPOSITOMOVIL_AUXCON,CONCURRENCIA,timestamp(6),YES,,CURRENT_TIMESTAMP(6),DEFAULT_GENERATED on update CURRENT_TIMESTAMP(6)
FBS_CAPTACIONESVISTA.INFORMACIONTRANSFERENCIAMOVIL,SECUENCIAL,int,NO,PRI,,auto_increment
FBS_CAPTACIONESVISTA.INFORMACIONTRANSFERENCIAMOVIL,DOCUMENTO,varchar(50),NO,,,
FBS_CAPTACIONESVISTA.INFORMACIONTRANSFERENCIAMOVIL,SECUENCIALCUENTAORIGEN,int,NO,MUL,,
FBS_CAPTACIONESVISTA.INFORMACIONTRANSFERENCIAMOVIL,SECUENCIALCUENTADESTINO,int,NO,MUL,,
FBS_CAPTACIONESVISTA.INFORMACIONTRANSFERENCIAMOVIL,VALOR,"decimal(18,2)",NO,,,
FBS_CAPTACIONESVISTA.INFORMACIONTRANSFERENCIAMOVIL,CODIGOUSUARIOINGRESO,varchar(25),NO,MUL,,
FBS_CAPTACIONESVISTA.INFORMACIONTRANSFERENCIAMOVIL,FECHASISTEMA,datetime(3),NO,,,
FBS_CAPTACIONESVISTA.INFORMACIONTRANSFERENCIAMOVIL,FECHAMAQUINA,datetime(3),NO,,,
FBS_CAPTACIONESVISTA.INFORMACIONTRANSFERENCIAMOVIL,NUMEROVERIFICADOR,int,NO,,,
FBS_CAPTACIONESVISTA.INFORMACIONTRANSFERENCIAMOVIL,CONCURRENCIA,timestamp(6),YES,,CURRENT_TIMESTAMP(6),DEFAULT_GENERATED on update CURRENT_TIMESTAMP(6)
FBS_CAPTACIONESVISTA.INSTITUCIONCONVENIO,SECUENCIAL,int,NO,PRI,,auto_increment
FBS_CAPTACIONESVISTA.INSTITUCIONCONVENIO,NOMBRE,varchar(25),NO,,,
FBS_CAPTACIONESVISTA.INSTITUCIONCONVENIO,SECUENCIALCOMPONENTECAUSAL,int,NO,MUL,,
FBS_CAPTACIONESVISTA.INSTITUCIONCONVENIO,SECUENCIALAUXILIARCONTABLE,int,NO,,,
FBS_CAPTACIONESVISTA.INSTITUCIONCONVENIO,SECUENCIALCUENTAMAESTRO,int,NO,MUL,,
FBS_CAPTACIONESVISTA.INSTITUCIONCONVENIO,SECUENCIALTRANSACCIONDEBITO,int,NO,MUL,,
FBS_CAPTACIONESVISTA.INSTITUCIONCONVENIO,SECUENCIALTRANSACCIONCREDITO,int,NO,MUL,,
FBS_CAPTACIONESVISTA.INSTITUCIONCONVENIO,SECUENCIALTRANSACCIONCOMISION,int,NO,MUL,,
FBS_CAPTACIONESVISTA.INSTITUCIONCONVENIO,ESCONVENIOPALIC,tinyint unsigned,NO,,,
FBS_CAPTACIONESVISTA.INSTITUCIONCONVENIO,ESTAACTIVO,tinyint unsigned,NO,,,
FBS_CAPTACIONESVISTA.INSTITUCIONCONVENIO,NUMEROVERIFICADOR,int,NO,,,
FBS_CAPTACIONESVISTA.INSTITUCIONCONVENIO,CONCURRENCIA,timestamp(6),YES,,CURRENT_TIMESTAMP(6),DEFAULT_GENERATED on update CURRENT_TIMESTAMP(6)
FBS_CAPTACIONESVISTA.INSTITUCIONTRANSFERENCIA,SECUENCIAL,int,NO,PRI,,auto_increment
FBS_CAPTACIONESVISTA.INSTITUCIONTRANSFERENCIA,NOMBRE,varchar(250),NO,,,
FBS_CAPTACIONESVISTA.INSTITUCIONTRANSFERENCIA,CODIGOTIPOINSTITUCIONTRANSFER,varchar(5),NO,MUL,,
FBS_CAPTACIONESVISTA.INSTITUCIONTRANSFERENCIA,NUMEROCUENTABCE,varchar(10),NO,,,
FBS_CAPTACIONESVISTA.INSTITUCIONTRANSFERENCIA,ESTAACTIVO,tinyint unsigned,NO,,,
FBS_CAPTACIONESVISTA.INSTITUCIONTRANSFERENCIA,NUMEROVERIFICADOR,int,NO,,,
FBS_CAPTACIONESVISTA.INSTITUCIONTRANSFERENCIA,CONCURRENCIA,timestamp(6),YES,,CURRENT_TIMESTAMP(6),DEFAULT_GENERATED on update CURRENT_TIMESTAMP(6)
FBS_CAPTACIONESVISTA.LOGCAJERO,SECUENCIAL,int,NO,PRI,,auto_increment
FBS_CAPTACIONESVISTA.LOGCAJERO,CODIGOCUENTA,varchar(50),NO,,,
FBS_CAPTACIONESVISTA.LOGCAJERO,TIPOTRANSACCION,varchar(50),NO,,,
FBS_CAPTACIONESVISTA.LOGCAJERO,LUGAR,varchar(50),NO,,,
FBS_CAPTACIONESVISTA.LOGCAJERO,MONTO,"decimal(18,2)",NO,,,
FBS_CAPTACIONESVISTA.LOGCAJERO,CAJERO,varchar(50),NO,,,
FBS_CAPTACIONESVISTA.LOGCAJERO,RED,varchar(50),NO,,,
FBS_CAPTACIONESVISTA.LOGCAJERO,IDMENSAJE,varchar(150),NO,,,
FBS_CAPTACIONESVISTA.LOGCAJERO,CODIGOUSUARIO,varchar(25),NO,MUL,,
FBS_CAPTACIONESVISTA.LOGCAJERO,CODIGORESPUESTA,varchar(25),NO,,,
FBS_CAPTACIONESVISTA.LOGCAJERO,RESPUESTA,varchar(1000),NO,,,
FBS_CAPTACIONESVISTA.LOGCAJERO,FECHACAJERO,datetime(3),NO,,,
FBS_CAPTACIONESVISTA.LOGCAJERO,FECHASISTEMA,datetime(3),NO,,,
FBS_CAPTACIONESVISTA.LOGCAJERO,FECHAMAQUINA,datetime(3),NO,,,
FBS_CAPTACIONESVISTA.LOGCAJERO,TIEMPOEJECUCION,int,NO,,,
FBS_CAPTACIONESVISTA.LOGCAJERO,CONCURRENCIA,timestamp(6),YES,,CURRENT_TIMESTAMP(6),DEFAULT_GENERATED on update CURRENT_TIMESTAMP(6)
FBS_CAPTACIONESVISTA.METACAPTACIONESVISTA,SECUENCIAL,int,NO,PRI,,auto_increment
FBS_CAPTACIONESVISTA.METACAPTACIONESVISTA,SECUENCIALOFICINA,int,NO,MUL,,
FBS_CAPTACIONESVISTA.METACAPTACIONESVISTA,CODIGOTIPOCUENTA,varchar(20),NO,MUL,,
FBS_CAPTACIONESVISTA.METACAPTACIONESVISTA,CODIGOUSUARIO,varchar(25),NO,MUL,,
FBS_CAPTACIONESVISTA.METACAPTACIONESVISTA,MES,int,NO,,,
FBS_CAPTACIONESVISTA.METACAPTACIONESVISTA,ANIO,int,NO,,,
FBS_CAPTACIONESVISTA.METACAPTACIONESVISTA,NUMERO,int,NO,,,
FBS_CAPTACIONESVISTA.METACAPTACIONESVISTA,NUMEROACTIVACIONES,int,NO,,,
FBS_CAPTACIONESVISTA.METACAPTACIONESVISTA,NUMEROREAPERTURAS,int,NO,,,
FBS_CAPTACIONESVISTA.METACAPTACIONESVISTA,MONTO,"decimal(18,2)",NO,,,
FBS_CAPTACIONESVISTA.METACAPTACIONESVISTA,COMENTARIO,varchar(200),NO,,,
FBS_CAPTACIONESVISTA.METACAPTACIONESVISTA,ESTAACTIVO,tinyint unsigned,NO,,,
FBS_CAPTACIONESVISTA.METACAPTACIONESVISTA,NUMEROVERIFICADOR,int,NO,,,
FBS_CAPTACIONESVISTA.METACAPTACIONESVISTA,CONCURRENCIA,timestamp(6),YES,,CURRENT_TIMESTAMP(6),DEFAULT_GENERATED on update CURRENT_TIMESTAMP(6)
FBS_CAPTACIONESVISTA.MOTINUEVALIBRE_MOTIDEBITOAUTOM,CODIGOMOTIVONUEVALIBRETA,varchar(10),NO,PRI,,
FBS_CAPTACIONESVISTA.MOTINUEVALIBRE_MOTIDEBITOAUTOM,SECUENCIALMOTIVODEBITOAUTOMATI,int,NO,MUL,,
FBS_CAPTACIONESVISTA.MOTINUEVALIBRE_MOTIDEBITOAUTOM,CONCURRENCIA,timestamp(6),YES,,CURRENT_TIMESTAMP(6),DEFAULT_GENERATED on update CURRENT_TIMESTAMP(6)
FBS_CAPTACIONESVISTA.MOTIVOANULACIONSOLVTACERT,SECUENCIAL,int,NO,PRI,,auto_increment
FBS_CAPTACIONESVISTA.MOTIVOANULACIONSOLVTACERT,NOMBRE,varchar(100),NO,,,
FBS_CAPTACIONESVISTA.MOTIVOANULACIONSOLVTACERT,ESTAACTIVO,tinyint unsigned,NO,,,
FBS_CAPTACIONESVISTA.MOTIVOANULACIONSOLVTACERT,SECUENCIALEMPRESA,int,NO,MUL,,
FBS_CAPTACIONESVISTA.MOTIVOANULACIONSOLVTACERT,NUMEROVERIFICADOR,int,NO,,,
FBS_CAPTACIONESVISTA.MOTIVOANULACIONSOLVTACERT,CONCURRENCIA,timestamp(6),YES,,CURRENT_TIMESTAMP(6),DEFAULT_GENERATED on update CURRENT_TIMESTAMP(6)
FBS_CAPTACIONESVISTA.MOTIVOCIERRE,SECUENCIAL,int,NO,PRI,,auto_increment
FBS_CAPTACIONESVISTA.MOTIVOCIERRE,NOMBRE,varchar(50),NO,,,
FBS_CAPTACIONESVISTA.MOTIVOCIERRE,ESTAACTIVO,tinyint unsigned,NO,,,
FBS_CAPTACIONESVISTA.MOTIVOCIERRE,SECUENCIALEMPRESA,int,NO,MUL,,
FBS_CAPTACIONESVISTA.MOTIVOCIERRE,NUMEROVERIFICADOR,int,NO,,,
FBS_CAPTACIONESVISTA.MOTIVOCIERRE,VALIDAPRESTAMO,tinyint unsigned,NO,,,
FBS_CAPTACIONESVISTA.MOTIVOCIERRE,CONCURRENCIA,timestamp(6),YES,,CURRENT_TIMESTAMP(6),DEFAULT_GENERATED on update CURRENT_TIMESTAMP(6)
FBS_CAPTACIONESVISTA.MOTIVODEBITOAUTOMATICO,SECUENCIAL,int,NO,PRI,,auto_increment
FBS_CAPTACIONESVISTA.MOTIVODEBITOAUTOMATICO,CODIGO,varchar(20),NO,MUL,,
FBS_CAPTACIONESVISTA.MOTIVODEBITOAUTOMATICO,SECUENCIALEMPRESA,int,NO,MUL,,
FBS_CAPTACIONESVISTA.MOTIVODEBITOAUTOMATICO,DESCRIPCION,varchar(50),NO,,,
FBS_CAPTACIONESVISTA.MOTIVODEBITOAUTOMATICO,CODIGOTIPOCUENTADEBITO,varchar(20),NO,MUL,,
FBS_CAPTACIONESVISTA.MOTIVODEBITOAUTOMATICO,ESTAACTIVO,tinyint unsigned,NO,,,
FBS_CAPTACIONESVISTA.MOTIVODEBITOAUTOMATICO,NUMEROVERIFICADOR,int,NO,,,
FBS_CAPTACIONESVISTA.MOTIVODEBITOAUTOMATICO,GENERACOBRODIFERIDO,tinyint unsigned,NO,,,
FBS_CAPTACIONESVISTA.MOTIVODEBITOAUTOMATICO,PERMITECOBROPARCIAL,tinyint unsigned,NO,,,
FBS_CAPTACIONESVISTA.MOTIVODEBITOAUTOMATICO,CONCURRENCIA,timestamp(6),YES,,CURRENT_TIMESTAMP(6),DEFAULT_GENERATED on update CURRENT_TIMESTAMP(6)
FBS_CAPTACIONESVISTA.MOTIVODEBITOAUTOMATICOVALOR,SECUENCIAL,int,NO,PRI,,auto_increment
FBS_CAPTACIONESVISTA.MOTIVODEBITOAUTOMATICOVALOR,SECUENCIALMOTIVODEBITOAUT,int,NO,MUL,,
FBS_CAPTACIONESVISTA.MOTIVODEBITOAUTOMATICOVALOR,VALORDEBITO,"decimal(18,2)",NO,,,
FBS_CAPTACIONESVISTA.MOTIVODEBITOAUTOMATICOVALOR,SECUENCIALCOMPONENTECAUSALDEB,int,NO,MUL,,
FBS_CAPTACIONESVISTA.MOTIVODEBITOAUTOMATICOVALOR,ESTAACTIVO,tinyint unsigned,NO,,,
FBS_CAPTACIONESVISTA.MOTIVODEBITOAUTOMATICOVALOR,NUMEROVERIFICADOR,int,NO,,,
FBS_CAPTACIONESVISTA.MOTIVODEBITOAUTOMATICOVALOR,SECUENCIALMONEDA,int,NO,MUL,,
FBS_CAPTACIONESVISTA.MOTIVODEBITOAUTOMATICOVALOR,ESPORCENTAJE,tinyint unsigned,NO,,0,
FBS_CAPTACIONESVISTA.MOTIVODEBITOAUTOMATICOVALOR,CONCURRENCIA,timestamp(6),YES,,CURRENT_TIMESTAMP(6),DEFAULT_GENERATED on update CURRENT_TIMESTAMP(6)
FBS_CAPTACIONESVISTA.MOTIVODEBITOAUTVALOR_AUXCBLE,SECUENCIALMOTIVODEBITOAUTVALOR,int,NO,PRI,,
FBS_CAPTACIONESVISTA.MOTIVODEBITOAUTVALOR_AUXCBLE,SECUENCIALAUXILIARCONTABLE,int,NO,MUL,,
FBS_CAPTACIONESVISTA.MOTIVODEBITOAUTVALOR_AUXCBLE,ESTAACTIVO,tinyint unsigned,NO,,,
FBS_CAPTACIONESVISTA.MOTIVODEBITOAUTVALOR_AUXCBLE,NUMEROVERIFICADOR,int,NO,,,
FBS_CAPTACIONESVISTA.MOTIVODEBITOAUTVALOR_AUXCBLE,CONCURRENCIA,timestamp(6),YES,,CURRENT_TIMESTAMP(6),DEFAULT_GENERATED on update CURRENT_TIMESTAMP(6)
FBS_CAPTACIONESVISTA.MOTIVODEVOLUCIONCERTIFICADOS,SECUENCIAL,int,NO,PRI,,auto_increment
FBS_CAPTACIONESVISTA.MOTIVODEVOLUCIONCERTIFICADOS,NOMBRE,varchar(1),NO,,,
FBS_CAPTACIONESVISTA.MOTIVODEVOLUCIONCERTIFICADOS,ESTAACTIVO,tinyint unsigned,NO,,,
FBS_CAPTACIONESVISTA.MOTIVODEVOLUCIONCERTIFICADOS,SECUENCIALEMPRESA,int,NO,MUL,,
FBS_CAPTACIONESVISTA.MOTIVODEVOLUCIONCERTIFICADOS,NUMEROVERIFICADOR,int,NO,,,
FBS_CAPTACIONESVISTA.MOTIVODEVOLUCIONCERTIFICADOS,BLOQUEAVALORES,tinyint unsigned,NO,,,
FBS_CAPTACIONESVISTA.MOTIVODEVOLUCIONCERTIFICADOS,CONCURRENCIA,timestamp(6),YES,,CURRENT_TIMESTAMP(6),DEFAULT_GENERATED on update CURRENT_TIMESTAMP(6)
FBS_CAPTACIONESVISTA.MOTIVONUEVALIBRETA,CODIGO,varchar(10),NO,PRI,,
FBS_CAPTACIONESVISTA.MOTIVONUEVALIBRETA,MOTIVO,varchar(100),NO,,,
FBS_CAPTACIONESVISTA.MOTIVONUEVALIBRETA,IMPRIMESOLICITUD,tinyint unsigned,NO,,,
FBS_CAPTACIONESVISTA.MOTIVONUEVALIBRETA,PIDECODIGOLIBRETA,tinyint unsigned,NO,,,
FBS_CAPTACIONESVISTA.MOTIVONUEVALIBRETA,ESAPERTURA,tinyint unsigned,NO,,,
FBS_CAPTACIONESVISTA.MOTIVONUEVALIBRETA,ESTAACTIVO,tinyint unsigned,NO,,,
FBS_CAPTACIONESVISTA.MOTIVONUEVALIBRETA,CONCURRENCIA,timestamp(6),YES,,CURRENT_TIMESTAMP(6),DEFAULT_GENERATED on update CURRENT_TIMESTAMP(6)
FBS_CAPTACIONESVISTA.MOTIVOPROTESTO,CODIGO,varchar(20),NO,PRI,,
FBS_CAPTACIONESVISTA.MOTIVOPROTESTO,SECUENCIALEMPRESA,int,NO,MUL,,
FBS_CAPTACIONESVISTA.MOTIVOPROTESTO,NOMBRE,varchar(100),NO,,,
FBS_CAPTACIONESVISTA.MOTIVOPROTESTO,ESTAACTIVO,tinyint unsigned,NO,,,
FBS_CAPTACIONESVISTA.MOTIVOPROTESTO,NUMEROVERIFICADOR,int,NO,,,
FBS_CAPTACIONESVISTA.MOTIVOPROTESTO,CONCURRENCIA,timestamp(6),YES,,CURRENT_TIMESTAMP(6),DEFAULT_GENERATED on update CURRENT_TIMESTAMP(6)
FBS_CAPTACIONESVISTA.MOTIVOTRANCERTIFICADOS,SECUENCIAL,int,NO,PRI,,auto_increment
FBS_CAPTACIONESVISTA.MOTIVOTRANCERTIFICADOS,NOMBRE,varchar(50),NO,,,
FBS_CAPTACIONESVISTA.MOTIVOTRANCERTIFICADOS,ESTAACTIVO,tinyint unsigned,NO,,,
FBS_CAPTACIONESVISTA.MOTIVOTRANCERTIFICADOS,SECUENCIALEMPRESA,int,NO,MUL,,
FBS_CAPTACIONESVISTA.MOTIVOTRANCERTIFICADOS,NUMEROVERIFICADOR,int,NO,,,
FBS_CAPTACIONESVISTA.MOTIVOTRANCERTIFICADOS,BLOQUEAVALORES,tinyint unsigned,NO,,,
FBS_CAPTACIONESVISTA.MOTIVOTRANCERTIFICADOS,DIASVIGENCIASOLICITUDES,int,NO,,,
FBS_CAPTACIONESVISTA.MOTIVOTRANCERTIFICADOS,CONCURRENCIA,timestamp(6),YES,,CURRENT_TIMESTAMP(6),DEFAULT_GENERATED on update CURRENT_TIMESTAMP(6)
FBS_CAPTACIONESVISTA.MOVACREDITACIONUTILIDAD,DOCUMENTO,varchar(50),NO,PRI,,
FBS_CAPTACIONESVISTA.MOVACREDITACIONUTILIDAD,SECUENCIALCUENTA,int,NO,MUL,,
FBS_CAPTACIONESVISTA.MOVACREDITACIONUTILIDAD,SECUENCIALCUENTACOMPACRED,int,NO,MUL,,
FBS_CAPTACIONESVISTA.MOVACREDITACIONUTILIDAD,SECUENCIALCOMPONENTEACRED,int,NO,MUL,,
FBS_CAPTACIONESVISTA.MOVACREDITACIONUTILIDAD,SECUENCIALCUENTARETENCION,int,NO,,,
FBS_CAPTACIONESVISTA.MOVACREDITACIONUTILIDAD,SECUENCIALOFICINACONTABLE,int,NO,MUL,,
FBS_CAPTACIONESVISTA.MOVACREDITACIONUTILIDAD,SECUENCIALOFICINA,int,NO,MUL,,
FBS_CAPTACIONESVISTA.MOVACREDITACIONUTILIDAD,SECUENCIALMONEDA,int,NO,MUL,,
FBS_CAPTACIONESVISTA.MOVACREDITACIONUTILIDAD,CODIGOESTADO,varchar(1),NO,,,
FBS_CAPTACIONESVISTA.MOVACREDITACIONUTILIDAD,SALDOCUENTA,"decimal(18,6)",NO,,,
FBS_CAPTACIONESVISTA.MOVACREDITACIONUTILIDAD,VALORUTILIDAD,"decimal(18,6)",NO,,,
FBS_CAPTACIONESVISTA.MOVACREDITACIONUTILIDAD,SALDOCOMPONENTEACRED,"decimal(18,6)",NO,,,
FBS_CAPTACIONESVISTA.MOVACREDITACIONUTILIDAD,VALORRETENCION,"decimal(18,6)",NO,,,
FBS_CAPTACIONESVISTA.MOVACREDITACIONUTILIDAD,PORCENTAJERETENCION,"decimal(9,2)",NO,,,
FBS_CAPTACIONESVISTA.MOVACREDITACIONUTILIDAD,CONCURRENCIA,timestamp(6),YES,,CURRENT_TIMESTAMP(6),DEFAULT_GENERATED on update CURRENT_TIMESTAMP(6)
FBS_CAPTACIONESVISTA.MOVACREDITACIONUTILIDADPRESTAMO,DOCUMENTO,varchar(50),NO,PRI,,
FBS_CAPTACIONESVISTA.MOVACREDITACIONUTILIDADPRESTAMO,SECUENCIALCUENTA,int,NO,MUL,,
FBS_CAPTACIONESVISTA.MOVACREDITACIONUTILIDADPRESTAMO,SECUENCIALCUENTACOMPACRED,int,NO,MUL,,
FBS_CAPTACIONESVISTA.MOVACREDITACIONUTILIDADPRESTAMO,SECUENCIALCOMPONENTEACRED,int,NO,MUL,,
FBS_CAPTACIONESVISTA.MOVACREDITACIONUTILIDADPRESTAMO,SECUENCIALCUENTARETENCION,int,NO,,,
FBS_CAPTACIONESVISTA.MOVACREDITACIONUTILIDADPRESTAMO,SECUENCIALOFICINACONTABLE,int,NO,MUL,,
FBS_CAPTACIONESVISTA.MOVACREDITACIONUTILIDADPRESTAMO,SECUENCIALOFICINA,int,NO,MUL,,
FBS_CAPTACIONESVISTA.MOVACREDITACIONUTILIDADPRESTAMO,SECUENCIALMONEDA,int,NO,MUL,,
FBS_CAPTACIONESVISTA.MOVACREDITACIONUTILIDADPRESTAMO,CODIGOESTADO,varchar(1),NO,,,
FBS_CAPTACIONESVISTA.MOVACREDITACIONUTILIDADPRESTAMO,SALDOCUENTA,"decimal(18,6)",NO,,,
FBS_CAPTACIONESVISTA.MOVACREDITACIONUTILIDADPRESTAMO,VALORUTILIDAD,"decimal(18,6)",NO,,,
FBS_CAPTACIONESVISTA.MOVACREDITACIONUTILIDADPRESTAMO,SALDOCOMPONENTEACRED,"decimal(18,6)",NO,,,
FBS_CAPTACIONESVISTA.MOVACREDITACIONUTILIDADPRESTAMO,VALORRETENCION,"decimal(18,6)",NO,,,
FBS_CAPTACIONESVISTA.MOVACREDITACIONUTILIDADPRESTAMO,PORCENTAJERETENCION,"decimal(9,2)",NO,,,
FBS_CAPTACIONESVISTA.MOVACREDITACIONUTILIDADPRESTAMO,SALDOCOMPONENTEACREDFINAL,"decimal(18,6)",YES,,,
FBS_CAPTACIONESVISTA.MOVACREDITACIONUTILIDADPRESTAMO,SALDOCUENTAFINAL,"decimal(18,6)",YES,,,
FBS_CAPTACIONESVISTA.MOVACREDITACIONUTILIDADPRESTAMO,CONCURRENCIA,timestamp(6),YES,,CURRENT_TIMESTAMP(6),DEFAULT_GENERATED on update CURRENT_TIMESTAMP(6)
FBS_CAPTACIONESVISTA.MOVCONTROL_CAMBIOOFICINAVISTA,SECUENCIALMOVIMIENTOCONTROL,int,NO,PRI,,
FBS_CAPTACIONESVISTA.MOVCONTROL_CAMBIOOFICINAVISTA,SECUENCIALCUENTACOMPVISTA,int,NO,MUL,,
FBS_CAPTACIONESVISTA.MOVCONTROL_CAMBIOOFICINAVISTA,SECUENCIALCUENTACONTABLE,int,NO,MUL,,
FBS_CAPTACIONESVISTA.MOVCONTROL_CAMBIOOFICINAVISTA,CONCURRENCIA,timestamp(6),YES,,CURRENT_TIMESTAMP(6),DEFAULT_GENERATED on update CURRENT_TIMESTAMP(6)
FBS_CAPTACIONESVISTA.MOVCONTROL_PROVISIONINTERESVIS,SECUENCIALMOVIMIENTOCONTROL,int,NO,PRI,,
FBS_CAPTACIONESVISTA.MOVCONTROL_PROVISIONINTERESVIS,SECUENCIALCUENTACOMPONENTEVIS,int,NO,MUL,,
FBS_CAPTACIONESVISTA.MOVCONTROL_PROVISIONINTERESVIS,SECUENCIALCUENTACONTABLE,int,NO,MUL,,
FBS_CAPTACIONESVISTA.MOVCONTROL_PROVISIONINTERESVIS,ESTACONTABILIZADO,tinyint(1),NO,MUL,,
FBS_CAPTACIONESVISTA.MOVCONTROL_PROVISIONINTERESVIS,CONCURRENCIA,timestamp(6),YES,,CURRENT_TIMESTAMP(6),DEFAULT_GENERATED on update CURRENT_TIMESTAMP(6)
FBS_CAPTACIONESVISTA.MOVCTACOMP_VISTA_BLOQUEO,SECUENCIALMOVCTACOMP_VISTA,int,NO,PRI,,
FBS_CAPTACIONESVISTA.MOVCTACOMP_VISTA_BLOQUEO,SECUENCIALSOLICITUDBLOQUEO,int,NO,MUL,,
FBS_CAPTACIONESVISTA.MOVCTACOMP_VISTA_BLOQUEO,CONCURRENCIA,timestamp(6),YES,,CURRENT_TIMESTAMP(6),DEFAULT_GENERATED on update CURRENT_TIMESTAMP(6)
FBS_CAPTACIONESVISTA.MOVCTACOMP_VISTA_BLOQUEO_CANC,SECMOVCTACOMP_VISTA_BLOQ,int,NO,PRI,,
FBS_CAPTACIONESVISTA.MOVCTACOMP_VISTA_BLOQUEO_CANC,SECMOVCTACOMP_VISTA_CANC,int,NO,PRI,,
FBS_CAPTACIONESVISTA.MOVCTACOMP_VISTA_BLOQUEO_CANC,CONCURRENCIA,timestamp(6),YES,,CURRENT_TIMESTAMP(6),DEFAULT_GENERATED on update CURRENT_TIMESTAMP(6)
FBS_CAPTACIONESVISTA.MOVDET_CTAMAESTRODOCTALONARIO,SECUENCIALMOVIMIENTODETALLE,int,NO,PRI,,
FBS_CAPTACIONESVISTA.MOVDET_CTAMAESTRODOCTALONARIO,SECUENCIALCTAMAESTRODOCTALONAR,int,NO,MUL,,
FBS_CAPTACIONESVISTA.MOVDET_CTAMAESTRODOCTALONARIO,NUMEROVERIFICADOR,int,NO,,,
FBS_CAPTACIONESVISTA.MOVDET_CTAMAESTRODOCTALONARIO,CONCURRENCIA,timestamp(6),YES,,CURRENT_TIMESTAMP(6),DEFAULT_GENERATED on update CURRENT_TIMESTAMP(6)
FBS_CAPTACIONESVISTA.MOVHISTORICODOCUMENTOTALONARIO,SECUENCIAL,int,NO,PRI,,auto_increment
FBS_CAPTACIONESVISTA.MOVHISTORICODOCUMENTOTALONARIO,SECUENCIALCTAMAESTRODOCTALONARIO,int,NO,MUL,,
FBS_CAPTACIONESVISTA.MOVHISTORICODOCUMENTOTALONARIO,ESTADO,varchar(100),NO,,,
FBS_CAPTACIONESVISTA.MOVHISTORICODOCUMENTOTALONARIO,CODIGOUSUARIO,varchar(25),NO,MUL,,
FBS_CAPTACIONESVISTA.MOVHISTORICODOCUMENTOTALONARIO,FECHASISTEMA,datetime(3),NO,,,
FBS_CAPTACIONESVISTA.MOVHISTORICODOCUMENTOTALONARIO,FECHAMAQUINA,datetime(3),NO,,,
FBS_CAPTACIONESVISTA.MOVHISTORICODOCUMENTOTALONARIO,CONCEPTO,varchar(100),NO,,,
FBS_CAPTACIONESVISTA.MOVHISTORICODOCUMENTOTALONARIO,NUMEROVERIFICADOR,int,NO,,,
FBS_CAPTACIONESVISTA.MOVHISTORICODOCUMENTOTALONARIO,CONCURRENCIA,timestamp(6),YES,,CURRENT_TIMESTAMP(6),DEFAULT_GENERATED on update CURRENT_TIMESTAMP(6)
FBS_CAPTACIONESVISTA.MOVIMIENTOCONTROL_RETENCION,SECUENCIALMOVIMIENTOCONTROL,int,NO,PRI,,
FBS_CAPTACIONESVISTA.MOVIMIENTOCONTROL_RETENCION,SECUENCIALCUENTACONTABLE,int,NO,MUL,,
FBS_CAPTACIONESVISTA.MOVIMIENTOCONTROL_RETENCION,SECUENCIALCUENTA,int,NO,MUL,,
FBS_CAPTACIONESVISTA.MOVIMIENTOCONTROL_RETENCION,CONCURRENCIA,timestamp(6),YES,,CURRENT_TIMESTAMP(6),DEFAULT_GENERATED on update CURRENT_TIMESTAMP(6)
FBS_CAPTACIONESVISTA.MOVIMIENTOCUENTACOMP_VISTA,SECUENCIAL,int,NO,PRI,,auto_increment
FBS_CAPTACIONESVISTA.MOVIMIENTOCUENTACOMP_VISTA,SECUENCIALMOVIMIENTODETALLE,int,NO,MUL,,
FBS_CAPTACIONESVISTA.MOVIMIENTOCUENTACOMP_VISTA,SECUENCIALCUENTA,int,NO,MUL,,
FBS_CAPTACIONESVISTA.MOVIMIENTOCUENTACOMP_VISTA,SECUENCIALCOMPONENTEVISTA,int,NO,MUL,,
FBS_CAPTACIONESVISTA.MOVIMIENTOCUENTACOMP_VISTA,CODIGOTIPOMOVIMIENTO,varchar(15),NO,,,
FBS_CAPTACIONESVISTA.MOVIMIENTOCUENTACOMP_VISTA,VALOR,"decimal(18,2)",NO,,,
FBS_CAPTACIONESVISTA.MOVIMIENTOCUENTACOMP_VISTA,SALDO,"decimal(18,2)",NO,,,
FBS_CAPTACIONESVISTA.MOVIMIENTOCUENTACOMP_VISTA,SALDOCUENTA,"decimal(18,2)",NO,,,
FBS_CAPTACIONESVISTA.MOVIMIENTOCUENTACOMP_VISTA,CONCURRENCIA,timestamp(6),YES,,CURRENT_TIMESTAMP(6),DEFAULT_GENERATED on update CURRENT_TIMESTAMP(6)
FBS_CAPTACIONESVISTA.MOVIMIENTOCUENTACOMP_VISTA,ESPORREVERSOFECHAVALOR,tinyint,YES,,,
FBS_CAPTACIONESVISTA.MOVIMIENTODETALLECUENTA_AHPCUOT,SECUENCIAL,int,NO,PRI,,auto_increment
FBS_CAPTACIONESVISTA.MOVIMIENTODETALLECUENTA_AHPCUOT,SECUENCIALMOVIMIENTODETALLE,int,NO,MUL,,
FBS_CAPTACIONESVISTA.MOVIMIENTODETALLECUENTA_AHPCUOT,SECUENCIALCUENTA_AHPCUOTAS,int,NO,MUL,,
FBS_CAPTACIONESVISTA.MOVIMIENTODETALLECUENTA_AHPCUOT,VALOR,"decimal(18,2)",NO,,,
FBS_CAPTACIONESVISTA.MOVIMIENTODETALLECUENTA_AHPCUOT,CONCURRENCIA,timestamp(6),YES,,CURRENT_TIMESTAMP(6),DEFAULT_GENERATED on update CURRENT_TIMESTAMP(6)
FBS_CAPTACIONESVISTA.MOVIMIENTODETALLE_CUENTA,SECUENCIALMOVIMIENTODETALLE,int,NO,PRI,,
FBS_CAPTACIONESVISTA.MOVIMIENTODETALLE_CUENTA,SECUENCIALCUENTA,int,NO,MUL,,
FBS_CAPTACIONESVISTA.MOVIMIENTODETALLE_CUENTA,SALDOCUENTA,"decimal(18,2)",NO,,,
FBS_CAPTACIONESVISTA.MOVIMIENTODETALLE_CUENTA,CODIGOESTADOCUENTA,varchar(1),NO,MUL,,
FBS_CAPTACIONESVISTA.MOVIMIENTODETALLE_CUENTA,SECUENCIALTRANSACCION,int,NO,MUL,,
FBS_CAPTACIONESVISTA.MOVIMIENTODETALLE_CUENTA,VALOR,"decimal(18,2)",NO,,,
FBS_CAPTACIONESVISTA.MOVIMIENTODETALLE_CUENTA,SECUENCIALMOVIMIENTO,int,NO,MUL,,
FBS_CAPTACIONESVISTA.MOVIMIENTODETALLE_CUENTA,FECHA,datetime(3),NO,,,
FBS_CAPTACIONESVISTA.MOVIMIENTODETALLE_CUENTA,CONCURRENCIA,timestamp(6),YES,,CURRENT_TIMESTAMP(6),DEFAULT_GENERATED on update CURRENT_TIMESTAMP(6)
FBS_CAPTACIONESVISTA.MOVIMIENTOIMPRESION,SECUENCIAL,int,NO,PRI,,auto_increment
FBS_CAPTACIONESVISTA.MOVIMIENTOIMPRESION,FECHA,datetime(3),NO,,,
FBS_CAPTACIONESVISTA.MOVIMIENTOIMPRESION,DEPOSITOS,varchar(50),NO,,,
FBS_CAPTACIONESVISTA.MOVIMIENTOIMPRESION,RETIROS,varchar(50),NO,,,
FBS_CAPTACIONESVISTA.MOVIMIENTOIMPRESION,SALDO,varchar(50),NO,,,
FBS_CAPTACIONESVISTA.MOVIMIENTOIMPRESION,TRANSACCION,varchar(500),NO,,,
FBS_CAPTACIONESVISTA.MOVIMIENTOIMPRESION,SECUENCIALCLIENTE,int,NO,MUL,,
FBS_CAPTACIONESVISTA.MOVIMIENTOIMPRESION,SECUENCIALCUENTA,int,NO,MUL,,
FBS_CAPTACIONESVISTA.MOVIMIENTOIMPRESION,OPERADOR,varchar(30),NO,,,
FBS_CAPTACIONESVISTA.MOVIMIENTOIMPRESION,ESTAIMPRESA,tinyint unsigned,NO,,,
FBS_CAPTACIONESVISTA.MOVIMIENTOIMPRESION,NUMEOVERIFICADOR,int,NO,,,
FBS_CAPTACIONESVISTA.MOVIMIENTOIMPRESION,EFECTIVO,varchar(50),NO,,,
FBS_CAPTACIONESVISTA.MOVIMIENTOIMPRESION,CHEQUE,varchar(50),NO,,,
FBS_CAPTACIONESVISTA.MOVIMIENTOIMPRESION,SALDODISPONIBLE,varchar(50),NO,,,
FBS_CAPTACIONESVISTA.MOVIMIENTOIMPRESION,SALDOOBLIGATORIOS,varchar(50),NO,,,
FBS_CAPTACIONESVISTA.MOVIMIENTOIMPRESION,VALORTRANSACCION,varchar(50),NO,,,
FBS_CAPTACIONESVISTA.MOVIMIENTOIMPRESION,ESLINEARENDFINANC,tinyint unsigned,NO,,,
FBS_CAPTACIONESVISTA.MOVIMIENTOIMPRESION,DETALLERENDFINANC,varchar(1000),NO,,,
FBS_CAPTACIONESVISTA.MOVIMIENTOIMPRESION,SIGLASTRANSACCION,varchar(16),NO,,,
FBS_CAPTACIONESVISTA.MOVIMIENTOIMPRESION,DOCUMENTO,varchar(50),NO,,,
FBS_CAPTACIONESVISTA.MOVIMIENTOIMPRESION,DOCUMENTOORIGINAL,varchar(50),NO,,,
FBS_CAPTACIONESVISTA.MOVIMIENTOIMPRESION,CONCURRENCIA,timestamp(6),YES,,CURRENT_TIMESTAMP(6),DEFAULT_GENERATED on update CURRENT_TIMESTAMP(6)
FBS_CAPTACIONESVISTA.MOVIMIENTOTRANSINSCONVPALICNOPROCESADO,SECUENCIAL,int,NO,PRI,,auto_increment
FBS_CAPTACIONESVISTA.MOVIMIENTOTRANSINSCONVPALICNOPROCESADO,SECUENCIALINSTITUCIONCONVENIO,int,NO,MUL,,
FBS_CAPTACIONESVISTA.MOVIMIENTOTRANSINSCONVPALICNOPROCESADO,SECUENCIALTRANSACCION,int,NO,MUL,,
FBS_CAPTACIONESVISTA.MOVIMIENTOTRANSINSCONVPALICNOPROCESADO,SECUENCIALCUENTAMAESTRO,int,NO,MUL,,
FBS_CAPTACIONESVISTA.MOVIMIENTOTRANSINSCONVPALICNOPROCESADO,MONTOSEGURO,"decimal(18,2)",NO,,,
FBS_CAPTACIONESVISTA.MOVIMIENTOTRANSINSCONVPALICNOPROCESADO,MONTOCOMISION,"decimal(18,2)",NO,,,
FBS_CAPTACIONESVISTA.MOVIMIENTOTRANSINSCONVPALICNOPROCESADO,CONCEPTOTIPOSERVICIO,varchar(100),NO,,,
FBS_CAPTACIONESVISTA.MOVIMIENTOTRANSINSCONVPALICNOPROCESADO,FECHASISTEMA,datetime(3),NO,,,
FBS_CAPTACIONESVISTA.MOVIMIENTOTRANSINSCONVPALICNOPROCESADO,FECHAMAQUINA,datetime(3),NO,,,
FBS_CAPTACIONESVISTA.MOVIMIENTOTRANSINSCONVPALICNOPROCESADO,CODIGOUSUARIO,varchar(25),NO,MUL,,
FBS_CAPTACIONESVISTA.MOVIMIENTOTRANSINSCONVPALICNOPROCESADO,CONCURRENCIA,timestamp(6),YES,,CURRENT_TIMESTAMP(6),DEFAULT_GENERATED on update CURRENT_TIMESTAMP(6)
FBS_CAPTACIONESVISTA.MOVIMIENTOTRANSINSTITUCIONCONVPALIC,SECUENCIAL,int,NO,PRI,,auto_increment
FBS_CAPTACIONESVISTA.MOVIMIENTOTRANSINSTITUCIONCONVPALIC,SECUENCIALINSTITUCIONCONVENIO,int,NO,MUL,,
FBS_CAPTACIONESVISTA.MOVIMIENTOTRANSINSTITUCIONCONVPALIC,SECUENCIALTRANSACCION,int,NO,MUL,,
FBS_CAPTACIONESVISTA.MOVIMIENTOTRANSINSTITUCIONCONVPALIC,SECUENCIALCUENTAMAESTRO,int,NO,MUL,,
FBS_CAPTACIONESVISTA.MOVIMIENTOTRANSINSTITUCIONCONVPALIC,MONTOSEGURO,"decimal(18,2)",NO,,,
FBS_CAPTACIONESVISTA.MOVIMIENTOTRANSINSTITUCIONCONVPALIC,MONTOCOMISION,"decimal(18,2)",NO,,,
FBS_CAPTACIONESVISTA.MOVIMIENTOTRANSINSTITUCIONCONVPALIC,CONCEPTOTIPOSERVICIO,varchar(100),NO,,,
FBS_CAPTACIONESVISTA.MOVIMIENTOTRANSINSTITUCIONCONVPALIC,FECHASISTEMA,datetime(3),NO,,,
FBS_CAPTACIONESVISTA.MOVIMIENTOTRANSINSTITUCIONCONVPALIC,FECHAMAQUINA,datetime(3),NO,,,
FBS_CAPTACIONESVISTA.MOVIMIENTOTRANSINSTITUCIONCONVPALIC,CODIGOUSUARIO,varchar(25),NO,MUL,,
FBS_CAPTACIONESVISTA.MOVIMIENTOTRANSINSTITUCIONCONVPALIC,DOCUMENTO,varchar(50),NO,,,
FBS_CAPTACIONESVISTA.MOVIMIENTOTRANSINSTITUCIONCONVPALIC,ESTACOMPENSADO,tinyint unsigned,NO,,,
FBS_CAPTACIONESVISTA.MOVIMIENTOTRANSINSTITUCIONCONVPALIC,ESTACOMPENSADOCOMISION,tinyint unsigned,NO,,,
FBS_CAPTACIONESVISTA.MOVIMIENTOTRANSINSTITUCIONCONVPALIC,NUMEROVERIFICADOR,int,NO,,,
FBS_CAPTACIONESVISTA.MOVIMIENTOTRANSINSTITUCIONCONVPALIC,CONCURRENCIA,timestamp(6),YES,,CURRENT_TIMESTAMP(6),DEFAULT_GENERATED on update CURRENT_TIMESTAMP(6)
FBS_CAPTACIONESVISTA.MOVIMIENTO_MOTIVODEBITOAUT,SECUENCIALMOVIMIENTO,int,NO,PRI,,
FBS_CAPTACIONESVISTA.MOVIMIENTO_MOTIVODEBITOAUT,SECUENCIALMOTIVODEBITOAUT,int,NO,MUL,,
FBS_CAPTACIONESVISTA.MOVIMIENTO_MOTIVODEBITOAUT,CONCURRENCIA,timestamp(6),YES,,CURRENT_TIMESTAMP(6),DEFAULT_GENERATED on update CURRENT_TIMESTAMP(6)
FBS_CAPTACIONESVISTA.MOVTRANSINSTITUCIONCONVPALIC_COMPENSACION,SECUENCIAL,int,NO,PRI,,auto_increment
FBS_CAPTACIONESVISTA.MOVTRANSINSTITUCIONCONVPALIC_COMPENSACION,SECUENCIALMOVIMIENTOTRANSINSTITUCIONCONVPALIC,int,NO,MUL,,
FBS_CAPTACIONESVISTA.MOVTRANSINSTITUCIONCONVPALIC_COMPENSACION,DOCUMENTOCOMPENSACION,varchar(50),NO,,,
FBS_CAPTACIONESVISTA.MOVTRANSINSTITUCIONCONVPALIC_COMPENSACION,MONTO,"decimal(18,2)",NO,,,
FBS_CAPTACIONESVISTA.MOVTRANSINSTITUCIONCONVPALIC_COMPENSACION,ESCOMISION,tinyint unsigned,NO,,,
FBS_CAPTACIONESVISTA.MOVTRANSINSTITUCIONCONVPALIC_COMPENSACION,CONCURRENCIA,timestamp(6),YES,,CURRENT_TIMESTAMP(6),DEFAULT_GENERATED on update CURRENT_TIMESTAMP(6)
FBS_CAPTACIONESVISTA.OFICINA_PARAMETROLIBRETA,SECUENCIALOFICINA,int,NO,PRI,,
FBS_CAPTACIONESVISTA.OFICINA_PARAMETROLIBRETA,ULTIMONUMEROLIBRETA,int,NO,,,
FBS_CAPTACIONESVISTA.OFICINA_PARAMETROLIBRETA,NUMEROVERIFICADOR,int,NO,,,
FBS_CAPTACIONESVISTA.OFICINA_PARAMETROLIBRETA,CONCURRENCIA,timestamp(6),YES,,CURRENT_TIMESTAMP(6),DEFAULT_GENERATED on update CURRENT_TIMESTAMP(6)
FBS_CAPTACIONESVISTA.PARAMETROCALCULOUTILIDAD,SECUENCIAL,int,NO,PRI,,auto_increment
FBS_CAPTACIONESVISTA.PARAMETROCALCULOUTILIDAD,PERIODOCALCULO,int,NO,,,
FBS_CAPTACIONESVISTA.PARAMETROCALCULOUTILIDAD,FECHACALCULO,datetime(3),NO,,,
FBS_CAPTACIONESVISTA.PARAMETROCALCULOUTILIDAD,PORCENTAJEAPORTE,"decimal(9,2)",NO,,,
FBS_CAPTACIONESVISTA.PARAMETROCALCULOUTILIDAD,VALORDISTRIBUIRAPORTE,"decimal(18,2)",NO,,,
FBS_CAPTACIONESVISTA.PARAMETROCALCULOUTILIDAD,ESTAPROCESADO,tinyint unsigned,NO,,0,
FBS_CAPTACIONESVISTA.PARAMETROCALCULOUTILIDAD,TOTALINTERESGENERADO,"decimal(18,2)",NO,,,
FBS_CAPTACIONESVISTA.PARAMETROCALCULOUTILIDAD,CONCURRENCIA,timestamp(6),YES,,CURRENT_TIMESTAMP(6),DEFAULT_GENERATED on update CURRENT_TIMESTAMP(6)
FBS_CAPTACIONESVISTA.PARAMETROCUENTACHEQUERA,SECUENCIAL,int,NO,PRI,,auto_increment
FBS_CAPTACIONESVISTA.PARAMETROCUENTACHEQUERA,PROGRAMA,varchar(50),NO,MUL,,
FBS_CAPTACIONESVISTA.PARAMETROCUENTACHEQUERA,ESREVERSO,tinyint unsigned,NO,,,
FBS_CAPTACIONESVISTA.PARAMETROCUENTACHEQUERA,ORIGEN,varchar(50),NO,,,
FBS_CAPTACIONESVISTA.PARAMETROCUENTACHEQUERA,NOMBRE,varchar(50),NO,,,
FBS_CAPTACIONESVISTA.PARAMETROCUENTACHEQUERA,ESDEBITO,tinyint unsigned,NO,,,
FBS_CAPTACIONESVISTA.PARAMETROCUENTACHEQUERA,CONCURRENCIA,timestamp(6),YES,,CURRENT_TIMESTAMP(6),DEFAULT_GENERATED on update CURRENT_TIMESTAMP(6)
FBS_CAPTACIONESVISTA.PEDIDOIMPRESION,SECUENCIAL,int,NO,PRI,,auto_increment
FBS_CAPTACIONESVISTA.PEDIDOIMPRESION,SECUENCIALEMPRESA,int,NO,MUL,,
FBS_CAPTACIONESVISTA.PEDIDOIMPRESION,NUMEROPEDIDO,int,NO,MUL,,
FBS_CAPTACIONESVISTA.PEDIDOIMPRESION,CODIGOUSUARIO,varchar(25),NO,MUL,,
FBS_CAPTACIONESVISTA.PEDIDOIMPRESION,FECHASISTEMA,datetime(3),NO,,,
FBS_CAPTACIONESVISTA.PEDIDOIMPRESION,FECHAMAQUINA,datetime(3),NO,,,
FBS_CAPTACIONESVISTA.PEDIDOIMPRESION,ENVIADO,tinyint unsigned,NO,,,
FBS_CAPTACIONESVISTA.PEDIDOIMPRESION,RECIBIDO,tinyint unsigned,NO,,,
FBS_CAPTACIONESVISTA.PEDIDOIMPRESION,NUMEROVERIFICADOR,int,NO,,,
FBS_CAPTACIONESVISTA.PEDIDOIMPRESION,CONCURRENCIA,timestamp(6),YES,,CURRENT_TIMESTAMP(6),DEFAULT_GENERATED on update CURRENT_TIMESTAMP(6)
FBS_CAPTACIONESVISTA.PEDIDOIMPRESIONCUENTATALONARIO,SECUENCIAL,int,NO,PRI,,auto_increment
FBS_CAPTACIONESVISTA.PEDIDOIMPRESIONCUENTATALONARIO,SECUENCIALPEDIDOIMPRESION,int,NO,MUL,,
FBS_CAPTACIONESVISTA.PEDIDOIMPRESIONCUENTATALONARIO,SECUENCIALCUENTATALONARIO,int,NO,MUL,,
FBS_CAPTACIONESVISTA.PEDIDOIMPRESIONCUENTATALONARIO,CODIGOESTADOPEDIDOTALONARIO,varchar(20),NO,,,
FBS_CAPTACIONESVISTA.PEDIDOIMPRESIONCUENTATALONARIO,NUMEROVERIFICADOR,int,NO,,,
FBS_CAPTACIONESVISTA.PEDIDOIMPRESIONCUENTATALONARIO,ORDENINICIAL,int,NO,,,
FBS_CAPTACIONESVISTA.PEDIDOIMPRESIONCUENTATALONARIO,ORDENFINAL,int,NO,,,
FBS_CAPTACIONESVISTA.PEDIDOIMPRESIONCUENTATALONARIO,CONCURRENCIA,timestamp(6),YES,,CURRENT_TIMESTAMP(6),DEFAULT_GENERATED on update CURRENT_TIMESTAMP(6)
FBS_CAPTACIONESVISTA.PEDIDOIMPRESION_ENVIO,SECUENCIALPEDIDOIMPRESION,int,NO,PRI,,
FBS_CAPTACIONESVISTA.PEDIDOIMPRESION_ENVIO,CODIGOUSUARIO,varchar(25),NO,MUL,,
FBS_CAPTACIONESVISTA.PEDIDOIMPRESION_ENVIO,FECHASISTEMA,datetime(3),NO,,,
FBS_CAPTACIONESVISTA.PEDIDOIMPRESION_ENVIO,FECHAMAQUINA,datetime(3),NO,,,
FBS_CAPTACIONESVISTA.PEDIDOIMPRESION_ENVIO,NUMEROVERIFICADOR,int,NO,,,
FBS_CAPTACIONESVISTA.PEDIDOIMPRESION_ENVIO,CONCURRENCIA,timestamp(6),YES,,CURRENT_TIMESTAMP(6),DEFAULT_GENERATED on update CURRENT_TIMESTAMP(6)
FBS_CAPTACIONESVISTA.PEDIDOIMPRESION_RECEPCION,SECUENCIALPEDIDOIMPRESION,int,NO,PRI,,
FBS_CAPTACIONESVISTA.PEDIDOIMPRESION_RECEPCION,CODIGOUSUARIO,varchar(25),NO,MUL,,
FBS_CAPTACIONESVISTA.PEDIDOIMPRESION_RECEPCION,FECHASISTEMA,datetime(3),NO,,,
FBS_CAPTACIONESVISTA.PEDIDOIMPRESION_RECEPCION,FECHAMAQUINA,datetime(3),NO,,,
FBS_CAPTACIONESVISTA.PEDIDOIMPRESION_RECEPCION,NUMEROVERIFICADOR,int,NO,,,
FBS_CAPTACIONESVISTA.PEDIDOIMPRESION_RECEPCION,CONCURRENCIA,timestamp(6),YES,,CURRENT_TIMESTAMP(6),DEFAULT_GENERATED on update CURRENT_TIMESTAMP(6)
FBS_CAPTACIONESVISTA.PERIODOACREDITACIONINTERES,CODIGO,varchar(20),NO,PRI,,
FBS_CAPTACIONESVISTA.PERIODOACREDITACIONINTERES,NOMBRE,varchar(100),NO,,,
FBS_CAPTACIONESVISTA.PERIODOACREDITACIONINTERES,NUMERODIAS,int,NO,,,
FBS_CAPTACIONESVISTA.PERIODOACREDITACIONINTERES,ESTAACTIVA,tinyint unsigned,NO,,,
FBS_CAPTACIONESVISTA.PERIODOACREDITACIONINTERES,NUMEROVERIFICADOR,int,NO,,,
FBS_CAPTACIONESVISTA.PERIODOACREDITACIONINTERES,ESALVENCIMIENTO,tinyint unsigned,NO,,,
FBS_CAPTACIONESVISTA.PERIODOACREDITACIONINTERES,PARAAHORROPROGRAMADO,tinyint unsigned,NO,,,
FBS_CAPTACIONESVISTA.PERIODOACREDITACIONINTERES,CONCURRENCIA,timestamp(6),YES,,CURRENT_TIMESTAMP(6),DEFAULT_GENERATED on update CURRENT_TIMESTAMP(6)
FBS_CAPTACIONESVISTA.PERIODOACREDITACIONINTERESMES,SECUENCIAL,int,NO,PRI,,auto_increment
FBS_CAPTACIONESVISTA.PERIODOACREDITACIONINTERESMES,CODIGOPERIODOACREDINT,varchar(20),NO,MUL,,
FBS_CAPTACIONESVISTA.PERIODOACREDITACIONINTERESMES,MES,int,NO,,,
FBS_CAPTACIONESVISTA.PERIODOACREDITACIONINTERESMES,ESTAACTIVO,tinyint unsigned,NO,,,
FBS_CAPTACIONESVISTA.PERIODOACREDITACIONINTERESMES,NUMEROVERIFICADOR,int,NO,,,
FBS_CAPTACIONESVISTA.PERIODOACREDITACIONINTERESMES,CONCURRENCIA,timestamp(6),YES,,CURRENT_TIMESTAMP(6),DEFAULT_GENERATED on update CURRENT_TIMESTAMP(6)
FBS_CAPTACIONESVISTA.PERSONAREFIEREPRODUCTOEMPVISTA,SECUENCIAL,int,NO,PRI,,auto_increment
FBS_CAPTACIONESVISTA.PERSONAREFIEREPRODUCTOEMPVISTA,SECUENCIALPERSONA,int,NO,MUL,,
FBS_CAPTACIONESVISTA.PERSONAREFIEREPRODUCTOEMPVISTA,CODIGOPRODUCTO,char(20),NO,MUL,,
FBS_CAPTACIONESVISTA.PERSONAREFIEREPRODUCTOEMPVISTA,CODIGOUSUARIOREFIERE,varchar(25),NO,MUL,,
FBS_CAPTACIONESVISTA.PERSONAREFIEREPRODUCTOEMPVISTA,FECHASISTEMA,datetime(3),NO,,,
FBS_CAPTACIONESVISTA.PERSONAREFIEREPRODUCTOEMPVISTA,FECHAMAQUINA,datetime(3),NO,,,
FBS_CAPTACIONESVISTA.PERSONAREFIEREPRODUCTOEMPVISTA,NUMEROVERIFICADOR,int,NO,,,
FBS_CAPTACIONESVISTA.PERSONAREFIEREPRODUCTOEMPVISTA,CONCURRENCIA,timestamp(6),YES,,CURRENT_TIMESTAMP(6),DEFAULT_GENERATED on update CURRENT_TIMESTAMP(6)
FBS_CAPTACIONESVISTA.PERSONAREFIEREPRODUCTOVISTA,SECUENCIAL,int,NO,PRI,,auto_increment
FBS_CAPTACIONESVISTA.PERSONAREFIEREPRODUCTOVISTA,SECUENCIALPERSONA,int,NO,MUL,,
FBS_CAPTACIONESVISTA.PERSONAREFIEREPRODUCTOVISTA,CODIGOPRODUCTO,char(20),NO,MUL,,
FBS_CAPTACIONESVISTA.PERSONAREFIEREPRODUCTOVISTA,NOMBREPERSONAREFIERE,varchar(200),NO,,,
FBS_CAPTACIONESVISTA.PERSONAREFIEREPRODUCTOVISTA,FECHASISTEMA,datetime(3),NO,,,
FBS_CAPTACIONESVISTA.PERSONAREFIEREPRODUCTOVISTA,FECHAMAQUINA,datetime(3),NO,,,
FBS_CAPTACIONESVISTA.PERSONAREFIEREPRODUCTOVISTA,NUMEROVERIFICADOR,int,NO,,,
FBS_CAPTACIONESVISTA.PERSONAREFIEREPRODUCTOVISTA,CONCURRENCIA,timestamp(6),YES,,CURRENT_TIMESTAMP(6),DEFAULT_GENERATED on update CURRENT_TIMESTAMP(6)
FBS_CAPTACIONESVISTA.PRODUCTO_VISTATIPOCUENTA,SECUENCIAL,int,NO,PRI,,auto_increment
FBS_CAPTACIONESVISTA.PRODUCTO_VISTATIPOCUENTA,CODIGOPRODUCTOVISTA,char(20),NO,MUL,,
FBS_CAPTACIONESVISTA.PRODUCTO_VISTATIPOCUENTA,CODIGOTIPOCUENTA,varchar(20),NO,MUL,,
FBS_CAPTACIONESVISTA.PRODUCTO_VISTATIPOCUENTA,ESTAACTIVO,tinyint unsigned,NO,,,
FBS_CAPTACIONESVISTA.PRODUCTO_VISTATIPOCUENTA,NUMEROVERIFICADOR,int,NO,,,
FBS_CAPTACIONESVISTA.PRODUCTO_VISTATIPOCUENTA,CONCURRENCIA,timestamp(6),YES,,CURRENT_TIMESTAMP(6),DEFAULT_GENERATED on update CURRENT_TIMESTAMP(6)
FBS_CAPTACIONESVISTA.RANGOORDENESRETIRO,SECUENCIAL,int,NO,PRI,,auto_increment
FBS_CAPTACIONESVISTA.RANGOORDENESRETIRO,NUMEROORDENESRETIRO,int,NO,,,
FBS_CAPTACIONESVISTA.RANGOORDENESRETIRO,SECUENCIALMONEDA,int,NO,MUL,,
FBS_CAPTACIONESVISTA.RANGOORDENESRETIRO,VALORADEBITAR,"decimal(18,2)",NO,,,
FBS_CAPTACIONESVISTA.RANGOORDENESRETIRO,ESTAACTIVO,tinyint unsigned,NO,,,
FBS_CAPTACIONESVISTA.RANGOORDENESRETIRO,NUMEROVERIFICADOR,int,NO,,,
FBS_CAPTACIONESVISTA.RANGOORDENESRETIRO,CONCURRENCIA,timestamp(6),YES,,CURRENT_TIMESTAMP(6),DEFAULT_GENERATED on update CURRENT_TIMESTAMP(6)
FBS_CAPTACIONESVISTA.RANGOSALDOPROMEDIO,SECUENCIAL,int,NO,PRI,,auto_increment
FBS_CAPTACIONESVISTA.RANGOSALDOPROMEDIO,CODIGOTIPOCUENTA,varchar(20),NO,MUL,,
FBS_CAPTACIONESVISTA.RANGOSALDOPROMEDIO,SECUENCIALMONEDA,int,NO,MUL,,
FBS_CAPTACIONESVISTA.RANGOSALDOPROMEDIO,MONTOMINIMO,"decimal(18,2)",NO,,,
FBS_CAPTACIONESVISTA.RANGOSALDOPROMEDIO,MONTOMAXIMO,"decimal(18,2)",NO,,,
FBS_CAPTACIONESVISTA.RANGOSALDOPROMEDIO,DESCRIPCION,varchar(100),NO,,,
FBS_CAPTACIONESVISTA.RANGOSALDOPROMEDIO,ESTAACTIVO,tinyint unsigned,NO,,,
FBS_CAPTACIONESVISTA.RANGOSALDOPROMEDIO,NUMEROVERIFICADOR,int,NO,,,
FBS_CAPTACIONESVISTA.RANGOSALDOPROMEDIO,CONCURRENCIA,timestamp(6),YES,,CURRENT_TIMESTAMP(6),DEFAULT_GENERATED on update CURRENT_TIMESTAMP(6)
FBS_CAPTACIONESVISTA.REGISTROFIRMA,SECUENCIAL,int,NO,PRI,,auto_increment
FBS_CAPTACIONESVISTA.REGISTROFIRMA,SECUENCIALCUENTA,int,NO,MUL,,
FBS_CAPTACIONESVISTA.REGISTROFIRMA,CODIGOTIPOREGISTROFIRMA,varchar(3),NO,MUL,,
FBS_CAPTACIONESVISTA.REGISTROFIRMA,DESCRIPCION,varchar(250),NO,,,
FBS_CAPTACIONESVISTA.REGISTROFIRMA,ESTAACTIVO,tinyint unsigned,NO,,,
FBS_CAPTACIONESVISTA.REGISTROFIRMA,NUMEROVERIFICADOR,int,NO,,,
FBS_CAPTACIONESVISTA.REGISTROFIRMA,SECMIGRA,int,YES,,,
FBS_CAPTACIONESVISTA.REGISTROFIRMA,CONCURRENCIA,timestamp(6),YES,,CURRENT_TIMESTAMP(6),DEFAULT_GENERATED on update CURRENT_TIMESTAMP(6)
FBS_CAPTACIONESVISTA.REGISTROFIRMAPERSONA,SECUENCIAL,int,NO,PRI,,auto_increment
FBS_CAPTACIONESVISTA.REGISTROFIRMAPERSONA,SECUENCIALREGISTROFIRMA,int,NO,MUL,,
FBS_CAPTACIONESVISTA.REGISTROFIRMAPERSONA,SECUENCIALPERSONAFIRMANTE,int,NO,MUL,,
FBS_CAPTACIONESVISTA.REGISTROFIRMAPERSONA,DESCRIPCION,varchar(250),NO,,,
FBS_CAPTACIONESVISTA.REGISTROFIRMAPERSONA,ESTAACTIVO,tinyint unsigned,NO,,,
FBS_CAPTACIONESVISTA.REGISTROFIRMAPERSONA,NUMEROVERIFICADOR,int,NO,,,
FBS_CAPTACIONESVISTA.REGISTROFIRMAPERSONA,CONCURRENCIA,timestamp(6),YES,,CURRENT_TIMESTAMP(6),DEFAULT_GENERATED on update CURRENT_TIMESTAMP(6)
FBS_CAPTACIONESVISTA.REGISTROFIRMASELLO,SECUENCIAL,int,NO,PRI,,auto_increment
FBS_CAPTACIONESVISTA.REGISTROFIRMASELLO,SECUENCIALREGISTROFIRMA,int,NO,MUL,,
FBS_CAPTACIONESVISTA.REGISTROFIRMASELLO,DESCRIPCION,varchar(200),NO,,,
FBS_CAPTACIONESVISTA.REGISTROFIRMASELLO,ESTAACTIVO,tinyint unsigned,NO,,,
FBS_CAPTACIONESVISTA.REGISTROFIRMASELLO,NUMEROVERIFICADOR,int,NO,,,
FBS_CAPTACIONESVISTA.REGISTROFIRMASELLO,CONCURRENCIA,timestamp(6),YES,,CURRENT_TIMESTAMP(6),DEFAULT_GENERATED on update CURRENT_TIMESTAMP(6)
FBS_CAPTACIONESVISTA.SALDOPROMEDIO,SECUENCIAL,int,NO,PRI,,auto_increment
FBS_CAPTACIONESVISTA.SALDOPROMEDIO,SECUENCIALCUENTA,int,NO,MUL,,
FBS_CAPTACIONESVISTA.SALDOPROMEDIO,FECHA,datetime(3),NO,,,
FBS_CAPTACIONESVISTA.SALDOPROMEDIO,SALDOCALCULADO,"decimal(18,2)",NO,,,
FBS_CAPTACIONESVISTA.SALDOPROMEDIO,SALDOFINAL,"decimal(18,2)",NO,,,
FBS_CAPTACIONESVISTA.SALDOPROMEDIO,CONCURRENCIA,timestamp(6),YES,,CURRENT_TIMESTAMP(6),DEFAULT_GENERATED on update CURRENT_TIMESTAMP(6)
FBS_CAPTACIONESVISTA.SALDOTOTALDIARIOVISTA,SECUENCIAL,int,NO,PRI,,auto_increment
FBS_CAPTACIONESVISTA.SALDOTOTALDIARIOVISTA,CODIGOTIPOCUENTA,varchar(20),NO,MUL,,
FBS_CAPTACIONESVISTA.SALDOTOTALDIARIOVISTA,CODIGOPRODUCTOVISTA,char(20),NO,MUL,,
FBS_CAPTACIONESVISTA.SALDOTOTALDIARIOVISTA,SECUENCIALCOMPONENTEVISTA,int,NO,MUL,,
FBS_CAPTACIONESVISTA.SALDOTOTALDIARIOVISTA,SECUENCIALOFICINA,int,NO,MUL,,
FBS_CAPTACIONESVISTA.SALDOTOTALDIARIOVISTA,FECHACIERRE,datetime(3),NO,,,
FBS_CAPTACIONESVISTA.SALDOTOTALDIARIOVISTA,SALDOACTIVAS,"decimal(18,2)",NO,,,
FBS_CAPTACIONESVISTA.SALDOTOTALDIARIOVISTA,SALDOINACTIVAS,"decimal(18,2)",NO,,,
FBS_CAPTACIONESVISTA.SALDOTOTALDIARIOVISTA,NUMEROVERIFICADOR,int,NO,,,
FBS_CAPTACIONESVISTA.SALDOTOTALDIARIOVISTA,CONCURRENCIA,timestamp(6),YES,,CURRENT_TIMESTAMP(6),DEFAULT_GENERATED on update CURRENT_TIMESTAMP(6)
FBS_CAPTACIONESVISTA.SOLICITPRECANCEAHORROPROCAMEST,SECUENCIAL,int,NO,PRI,,auto_increment
FBS_CAPTACIONESVISTA.SOLICITPRECANCEAHORROPROCAMEST,SECUENCIALSOLPRECANCELACION,int,NO,MUL,,
FBS_CAPTACIONESVISTA.SOLICITPRECANCEAHORROPROCAMEST,CODIGOUSUARIO,varchar(25),NO,MUL,,
FBS_CAPTACIONESVISTA.SOLICITPRECANCEAHORROPROCAMEST,FECHASISTEMA,datetime(3),NO,,,
FBS_CAPTACIONESVISTA.SOLICITPRECANCEAHORROPROCAMEST,FECHAMAQUINA,datetime(3),NO,,,
FBS_CAPTACIONESVISTA.SOLICITPRECANCEAHORROPROCAMEST,CODIGOESTADOSOLPRECANCELACION,varchar(30),NO,,,
FBS_CAPTACIONESVISTA.SOLICITPRECANCEAHORROPROCAMEST,CONCURRENCIA,timestamp(6),YES,,CURRENT_TIMESTAMP(6),DEFAULT_GENERATED on update CURRENT_TIMESTAMP(6)
FBS_CAPTACIONESVISTA.SOLICITPRECANCELACIONAHORROPRO,SECUENCIAL,int,NO,PRI,,auto_increment
FBS_CAPTACIONESVISTA.SOLICITPRECANCELACIONAHORROPRO,SECUENCIALCUENTAAHORROPROGRAMA,int,NO,MUL,,
FBS_CAPTACIONESVISTA.SOLICITPRECANCELACIONAHORROPRO,CASTIGOTASA,"decimal(18,2)",NO,,,
FBS_CAPTACIONESVISTA.SOLICITPRECANCELACIONAHORROPRO,CODIGOUSUARIO,varchar(25),NO,MUL,,
FBS_CAPTACIONESVISTA.SOLICITPRECANCELACIONAHORROPRO,FECHASISTEMA,datetime(3),NO,,,
FBS_CAPTACIONESVISTA.SOLICITPRECANCELACIONAHORROPRO,FECHAMAQUINA,datetime(3),NO,,,
FBS_CAPTACIONESVISTA.SOLICITPRECANCELACIONAHORROPRO,CODIGOESTADOSOLPRECANCELACION,varchar(30),NO,,,
FBS_CAPTACIONESVISTA.SOLICITPRECANCELACIONAHORROPRO,NUMEROVERIFICADOR,int,NO,,,
FBS_CAPTACIONESVISTA.SOLICITPRECANCELACIONAHORROPRO,SECUENCIALMOTIVOCIERRE,int,NO,MUL,,
FBS_CAPTACIONESVISTA.SOLICITPRECANCELACIONAHORROPRO,CONCURRENCIA,timestamp(6),YES,,CURRENT_TIMESTAMP(6),DEFAULT_GENERATED on update CURRENT_TIMESTAMP(6)
FBS_CAPTACIONESVISTA.SOLICITUDACTIVACION,SECUENCIAL,int,NO,PRI,,auto_increment
FBS_CAPTACIONESVISTA.SOLICITUDACTIVACION,SECUENCIALCUENTA,int,NO,MUL,,
FBS_CAPTACIONESVISTA.SOLICITUDACTIVACION,CODIGOUSUARIO,varchar(25),NO,MUL,,
FBS_CAPTACIONESVISTA.SOLICITUDACTIVACION,FECHASISTEMA,datetime(3),NO,,,
FBS_CAPTACIONESVISTA.SOLICITUDACTIVACION,FECHAMAQUINA,datetime(3),NO,,,
FBS_CAPTACIONESVISTA.SOLICITUDACTIVACION,NUMEROVERIFICADOR,int,NO,,,
FBS_CAPTACIONESVISTA.SOLICITUDACTIVACION,CODIGOESTADOSOLACTIVACION,varchar(15),NO,,,
FBS_CAPTACIONESVISTA.SOLICITUDACTIVACION,CONCURRENCIA,timestamp(6),YES,,CURRENT_TIMESTAMP(6),DEFAULT_GENERATED on update CURRENT_TIMESTAMP(6)
FBS_CAPTACIONESVISTA.SOLICITUDACTIVACIONCAMBIOEST,SECUENCIAL,int,NO,PRI,,auto_increment
FBS_CAPTACIONESVISTA.SOLICITUDACTIVACIONCAMBIOEST,SECUENCIALSOLICITUDACTIVACION,int,NO,MUL,,
FBS_CAPTACIONESVISTA.SOLICITUDACTIVACIONCAMBIOEST,CODIGOUSUARIO,varchar(25),NO,MUL,,
FBS_CAPTACIONESVISTA.SOLICITUDACTIVACIONCAMBIOEST,FECHASISTEMA,datetime(3),NO,,,
FBS_CAPTACIONESVISTA.SOLICITUDACTIVACIONCAMBIOEST,FECHAMAQUINA,datetime(3),NO,,,
FBS_CAPTACIONESVISTA.SOLICITUDACTIVACIONCAMBIOEST,CODIGOESTADOSOLACTIVACION,varchar(15),NO,,,
FBS_CAPTACIONESVISTA.SOLICITUDACTIVACIONCAMBIOEST,CONCURRENCIA,timestamp(6),YES,,CURRENT_TIMESTAMP(6),DEFAULT_GENERATED on update CURRENT_TIMESTAMP(6)
FBS_CAPTACIONESVISTA.SOLICITUDACTIVACION_DOCDEBITO,SECUENCIALSOLICITUDACTIVACION,int,NO,PRI,,
FBS_CAPTACIONESVISTA.SOLICITUDACTIVACION_DOCDEBITO,DOCUMENTOMOVIMIENTODEBITO,varchar(50),NO,,,
FBS_CAPTACIONESVISTA.SOLICITUDACTIVACION_DOCDEBITO,CONCURRENCIA,timestamp(6),YES,,CURRENT_TIMESTAMP(6),DEFAULT_GENERATED on update CURRENT_TIMESTAMP(6)
FBS_CAPTACIONESVISTA.SOLICITUDACTIVACION_ORDEN,SECUENCIALSOLICITUDACTIVACION,int,NO,PRI,,
FBS_CAPTACIONESVISTA.SOLICITUDACTIVACION_ORDEN,SECUENCIALORDEN,int,NO,MUL,,
FBS_CAPTACIONESVISTA.SOLICITUDACTIVACION_ORDEN,CONCURRENCIA,timestamp(6),YES,,CURRENT_TIMESTAMP(6),DEFAULT_GENERATED on update CURRENT_TIMESTAMP(6)
FBS_CAPTACIONESVISTA.SOLICITUDBLOQUEO,SECUENCIAL,int,NO,PRI,,auto_increment
FBS_CAPTACIONESVISTA.SOLICITUDBLOQUEO,SECUENCIALCUENTA,int,NO,MUL,,
FBS_CAPTACIONESVISTA.SOLICITUDBLOQUEO,CODIGOUSUARIO,varchar(25),NO,MUL,,
FBS_CAPTACIONESVISTA.SOLICITUDBLOQUEO,SECUENCIALOFICINA,int,NO,MUL,,
FBS_CAPTACIONESVISTA.SOLICITUDBLOQUEO,FECHASISTEMA,datetime(3),NO,,,
FBS_CAPTACIONESVISTA.SOLICITUDBLOQUEO,FECHAMAQUINA,datetime(3),NO,,,
FBS_CAPTACIONESVISTA.SOLICITUDBLOQUEO,VALOR,"decimal(18,2)",NO,,,
FBS_CAPTACIONESVISTA.SOLICITUDBLOQUEO,SECUENCIALTIPOBLOQUEO,int,NO,MUL,,
FBS_CAPTACIONESVISTA.SOLICITUDBLOQUEO,TASA,"decimal(18,2)",NO,,,
FBS_CAPTACIONESVISTA.SOLICITUDBLOQUEO,NUMERODIAS,int,NO,,,
FBS_CAPTACIONESVISTA.SOLICITUDBLOQUEO,CODIGOESTADOSOLICITUDBLOQUEO,varchar(20),NO,,,
FBS_CAPTACIONESVISTA.SOLICITUDBLOQUEO,NUMEROVERIFICADOR,int,NO,,,
FBS_CAPTACIONESVISTA.SOLICITUDBLOQUEO,COMENTARIOBLOQUEO,varchar(200),NO,,,
FBS_CAPTACIONESVISTA.SOLICITUDBLOQUEO,SECMIGRA,int,YES,,,
FBS_CAPTACIONESVISTA.SOLICITUDBLOQUEO,CONCURRENCIA,timestamp(6),YES,,CURRENT_TIMESTAMP(6),DEFAULT_GENERATED on update CURRENT_TIMESTAMP(6)
FBS_CAPTACIONESVISTA.SOLICITUDBLOQUEOCAMBIOESTADO,SECUENCIAL,int,NO,PRI,,auto_increment
FBS_CAPTACIONESVISTA.SOLICITUDBLOQUEOCAMBIOESTADO,SECUENCIALSOLICITUDBLOQUEO,int,NO,MUL,,
FBS_CAPTACIONESVISTA.SOLICITUDBLOQUEOCAMBIOESTADO,CODIGOUSUARIO,varchar(25),NO,MUL,,
FBS_CAPTACIONESVISTA.SOLICITUDBLOQUEOCAMBIOESTADO,FECHASISTEMA,datetime(3),NO,,,
FBS_CAPTACIONESVISTA.SOLICITUDBLOQUEOCAMBIOESTADO,FECHAMAQUINA,datetime(3),NO,,,
FBS_CAPTACIONESVISTA.SOLICITUDBLOQUEOCAMBIOESTADO,CODIGOESTADOSOLICITUDBLOQUEO,varchar(20),NO,,,
FBS_CAPTACIONESVISTA.SOLICITUDBLOQUEOCAMBIOESTADO,CONCURRENCIA,timestamp(6),YES,,CURRENT_TIMESTAMP(6),DEFAULT_GENERATED on update CURRENT_TIMESTAMP(6)
FBS_CAPTACIONESVISTA.SOLICITUDBLOQUEOCUENTCLIENPROV,SECUENCIAL,int,NO,PRI,,auto_increment
FBS_CAPTACIONESVISTA.SOLICITUDBLOQUEOCUENTCLIENPROV,SECUENCIALSOLICITUDBLOQUEO,int,NO,MUL,,
FBS_CAPTACIONESVISTA.SOLICITUDBLOQUEOCUENTCLIENPROV,SECUENCIALCUENTACLIENTEPROVIDE,int,NO,MUL,,
FBS_CAPTACIONESVISTA.SOLICITUDBLOQUEOCUENTCLIENPROV,CONCURRENCIA,timestamp(6),YES,,CURRENT_TIMESTAMP(6),DEFAULT_GENERATED on update CURRENT_TIMESTAMP(6)
FBS_CAPTACIONESVISTA.SOLICITUDCAMBIOTIPOAPORTECUENTA,SECUENCIAL,int,NO,PRI,,auto_increment
FBS_CAPTACIONESVISTA.SOLICITUDCAMBIOTIPOAPORTECUENTA,SECUENCIALCLIENTE,int,NO,MUL,,
FBS_CAPTACIONESVISTA.SOLICITUDCAMBIOTIPOAPORTECUENTA,SECUENCIALCUENTA,int,NO,MUL,,
FBS_CAPTACIONESVISTA.SOLICITUDCAMBIOTIPOAPORTECUENTA,CODIGOTIPOANTERIOR,char(10),NO,,,
FBS_CAPTACIONESVISTA.SOLICITUDCAMBIOTIPOAPORTECUENTA,CODIGOTIPONUEVO,char(10),NO,,,
FBS_CAPTACIONESVISTA.SOLICITUDCAMBIOTIPOAPORTECUENTA,CODIGOUSUARIO,varchar(25),NO,MUL,,
FBS_CAPTACIONESVISTA.SOLICITUDCAMBIOTIPOAPORTECUENTA,ESTADO,varchar(25),NO,,,
FBS_CAPTACIONESVISTA.SOLICITUDCAMBIOTIPOAPORTECUENTA,SECUENCIALOFICINA,int,NO,MUL,,
FBS_CAPTACIONESVISTA.SOLICITUDCAMBIOTIPOAPORTECUENTA,FECHASISTEMA,datetime(3),NO,,,
FBS_CAPTACIONESVISTA.SOLICITUDCAMBIOTIPOAPORTECUENTA,FECHAMAQUINA,datetime(3),NO,,,
FBS_CAPTACIONESVISTA.SOLICITUDCAMBIOTIPOAPORTECUENTA,NUMEROVERIFICADOR,int,NO,,,
FBS_CAPTACIONESVISTA.SOLICITUDCAMBIOTIPOAPORTECUENTA,CONCURRENCIA,timestamp(6),YES,,CURRENT_TIMESTAMP(6),DEFAULT_GENERATED on update CURRENT_TIMESTAMP(6)
FBS_CAPTACIONESVISTA.SOLICITUDCIERRE,SECUENCIAL,int,NO,PRI,,auto_increment
FBS_CAPTACIONESVISTA.SOLICITUDCIERRE,SECUENCIALCLIENTE,int,NO,MUL,,
FBS_CAPTACIONESVISTA.SOLICITUDCIERRE,VALORCIERRE,"decimal(18,2)",NO,,,
FBS_CAPTACIONESVISTA.SOLICITUDCIERRE,SECUENCIALMOTIVO,int,NO,MUL,,
FBS_CAPTACIONESVISTA.SOLICITUDCIERRE,CODIGOESTADOSOLICITUDCIERRE,varchar(20),NO,,,
FBS_CAPTACIONESVISTA.SOLICITUDCIERRE,CODIGOUSUARIO,varchar(25),NO,MUL,,
FBS_CAPTACIONESVISTA.SOLICITUDCIERRE,SECUENCIALOFICINA,int,NO,MUL,,
FBS_CAPTACIONESVISTA.SOLICITUDCIERRE,FECHASISTEMA,datetime(3),NO,,,
FBS_CAPTACIONESVISTA.SOLICITUDCIERRE,FECHAMAQUINA,datetime(3),NO,,,
FBS_CAPTACIONESVISTA.SOLICITUDCIERRE,ESTAIMPRESA,tinyint unsigned,NO,,,
FBS_CAPTACIONESVISTA.SOLICITUDCIERRE,ESENEFECTIVO,tinyint unsigned,NO,,,
FBS_CAPTACIONESVISTA.SOLICITUDCIERRE,ESTAIMPRESALIQUIDACION,tinyint unsigned,NO,,,
FBS_CAPTACIONESVISTA.SOLICITUDCIERRE,NUMEROVERIFICADOR,int,NO,,,
FBS_CAPTACIONESVISTA.SOLICITUDCIERRE,CONCURRENCIA,timestamp(6),YES,,CURRENT_TIMESTAMP(6),DEFAULT_GENERATED on update CURRENT_TIMESTAMP(6)
FBS_CAPTACIONESVISTA.SOLICITUDCIERRECAMBIOESTADO,SECUENCIAL,int,NO,PRI,,auto_increment
FBS_CAPTACIONESVISTA.SOLICITUDCIERRECAMBIOESTADO,SECUENCIALSOLICITUDCIERRE,int,NO,MUL,,
FBS_CAPTACIONESVISTA.SOLICITUDCIERRECAMBIOESTADO,CODIGOUSUARIO,varchar(25),NO,MUL,,
FBS_CAPTACIONESVISTA.SOLICITUDCIERRECAMBIOESTADO,FECHASISTEMA,datetime(3),NO,,,
FBS_CAPTACIONESVISTA.SOLICITUDCIERRECAMBIOESTADO,FECHAMAQUINA,datetime(3),NO,,,
FBS_CAPTACIONESVISTA.SOLICITUDCIERRECAMBIOESTADO,CODIGOESTADOSOLICITUDCIERRE,varchar(20),NO,,,
FBS_CAPTACIONESVISTA.SOLICITUDCIERRECAMBIOESTADO,CONCURRENCIA,timestamp(6),YES,,CURRENT_TIMESTAMP(6),DEFAULT_GENERATED on update CURRENT_TIMESTAMP(6)
FBS_CAPTACIONESVISTA.SOLICITUDCIERRECUENTA,SECUENCIAL,int,NO,PRI,,auto_increment
FBS_CAPTACIONESVISTA.SOLICITUDCIERRECUENTA,SECUENCIALSOLICITUDCIERRE,int,NO,MUL,,
FBS_CAPTACIONESVISTA.SOLICITUDCIERRECUENTA,SECUENCIALCUENTA,int,NO,MUL,,
FBS_CAPTACIONESVISTA.SOLICITUDCIERRECUENTA,SALDOCUENTA,"decimal(18,2)",NO,,,
FBS_CAPTACIONESVISTA.SOLICITUDCIERRECUENTA,CONCURRENCIA,timestamp(6),YES,,CURRENT_TIMESTAMP(6),DEFAULT_GENERATED on update CURRENT_TIMESTAMP(6)
FBS_CAPTACIONESVISTA.SOLICITUDCIERRE_ACTA,SECUENCIALSOLICITUDCIERRE,int,NO,PRI,,
FBS_CAPTACIONESVISTA.SOLICITUDCIERRE_ACTA,RESOLUCION,varchar(50),NO,,,
FBS_CAPTACIONESVISTA.SOLICITUDCIERRE_ACTA,NUMEROACTA,varchar(50),NO,,,
FBS_CAPTACIONESVISTA.SOLICITUDCIERRE_ACTA,CONCURRENCIA,timestamp(6),YES,,CURRENT_TIMESTAMP(6),DEFAULT_GENERATED on update CURRENT_TIMESTAMP(6)
FBS_CAPTACIONESVISTA.SOLICITUDCIERRE_ORDEN,SECUENCIALSOLICITUDCIERRE,int,NO,PRI,,
FBS_CAPTACIONESVISTA.SOLICITUDCIERRE_ORDEN,SECUENCIALORDEN,int,NO,MUL,,
FBS_CAPTACIONESVISTA.SOLICITUDCIERRE_ORDEN,CONCURRENCIA,timestamp(6),YES,,CURRENT_TIMESTAMP(6),DEFAULT_GENERATED on update CURRENT_TIMESTAMP(6)
FBS_CAPTACIONESVISTA.SOLICITUDDESBLOQUEO,SECUENCIAL,int,NO,PRI,,auto_increment
FBS_CAPTACIONESVISTA.SOLICITUDDESBLOQUEO,SECUENCIALCUENTA,int,NO,MUL,,
FBS_CAPTACIONESVISTA.SOLICITUDDESBLOQUEO,SECUENCIALSOLICITUDBLOQUEO,int,NO,MUL,,
FBS_CAPTACIONESVISTA.SOLICITUDDESBLOQUEO,CODIGOUSUARIO,varchar(25),NO,MUL,,
FBS_CAPTACIONESVISTA.SOLICITUDDESBLOQUEO,SECUENCIALOFICINA,int,NO,MUL,,
FBS_CAPTACIONESVISTA.SOLICITUDDESBLOQUEO,FECHASISTEMA,datetime(3),NO,,,
FBS_CAPTACIONESVISTA.SOLICITUDDESBLOQUEO,FECHAMAQUINA,datetime(3),NO,,,
FBS_CAPTACIONESVISTA.SOLICITUDDESBLOQUEO,VALOR,"decimal(18,2)",NO,,,
FBS_CAPTACIONESVISTA.SOLICITUDDESBLOQUEO,COMENTARIODESBLOQUEO,varchar(200),NO,,,
FBS_CAPTACIONESVISTA.SOLICITUDDESBLOQUEO,CODIGOESTADOSOLDESBLOQUEO,varchar(40),NO,,,
FBS_CAPTACIONESVISTA.SOLICITUDDESBLOQUEO,NUMEROVERIFICADOR,int,NO,,,
FBS_CAPTACIONESVISTA.SOLICITUDDESBLOQUEO,CONCURRENCIA,timestamp(6),YES,,CURRENT_TIMESTAMP(6),DEFAULT_GENERATED on update CURRENT_TIMESTAMP(6)
FBS_CAPTACIONESVISTA.SOLICITUDDESBLOQUEOCAMBIOEST,SECUENCIAL,int,NO,PRI,,auto_increment
FBS_CAPTACIONESVISTA.SOLICITUDDESBLOQUEOCAMBIOEST,SECUENCIALSOLICITUDDESBLOQUEO,int,NO,MUL,,
FBS_CAPTACIONESVISTA.SOLICITUDDESBLOQUEOCAMBIOEST,CODIGOUSUARIO,varchar(25),NO,MUL,,
FBS_CAPTACIONESVISTA.SOLICITUDDESBLOQUEOCAMBIOEST,FECHASISTEMA,datetime(3),NO,,,
FBS_CAPTACIONESVISTA.SOLICITUDDESBLOQUEOCAMBIOEST,FECHAMAQUINA,datetime(3),NO,,,
FBS_CAPTACIONESVISTA.SOLICITUDDESBLOQUEOCAMBIOEST,CODIGOESTADOSOLDESBLOQUEO,varchar(40),NO,,,
FBS_CAPTACIONESVISTA.SOLICITUDDESBLOQUEOCAMBIOEST,CONCURRENCIA,timestamp(6),YES,,CURRENT_TIMESTAMP(6),DEFAULT_GENERATED on update CURRENT_TIMESTAMP(6)
FBS_CAPTACIONESVISTA.SOLICITUDTRANCERTCAMBIOEST,SECUENCIAL,int,NO,PRI,,auto_increment
FBS_CAPTACIONESVISTA.SOLICITUDTRANCERTCAMBIOEST,SECUENCIALSOLICITUDTRANCERT,int,NO,MUL,,
FBS_CAPTACIONESVISTA.SOLICITUDTRANCERTCAMBIOEST,CODIGOUSUARIO,varchar(25),NO,MUL,,
FBS_CAPTACIONESVISTA.SOLICITUDTRANCERTCAMBIOEST,FECHASISTEMA,datetime(3),NO,,,
FBS_CAPTACIONESVISTA.SOLICITUDTRANCERTCAMBIOEST,FECHAMAQUINA,datetime(3),NO,,,
FBS_CAPTACIONESVISTA.SOLICITUDTRANCERTCAMBIOEST,CODIGOESTADOSOLTRANCERT,varchar(20),NO,,,
FBS_CAPTACIONESVISTA.SOLICITUDTRANCERTCAMBIOEST,CONCURRENCIA,timestamp(6),YES,,CURRENT_TIMESTAMP(6),DEFAULT_GENERATED on update CURRENT_TIMESTAMP(6)
FBS_CAPTACIONESVISTA.SOLICITUDTRANCERTCOMAHO,SECUENCIALSOLICITUDTRANCERT,int,NO,PRI,,
FBS_CAPTACIONESVISTA.SOLICITUDTRANCERTCOMAHO,SECUENCIALCTACOMPVISTAACRED,int,NO,MUL,,
FBS_CAPTACIONESVISTA.SOLICITUDTRANCERTCOMAHO,MONTOTRANSACCION,"decimal(18,2)",NO,,,
FBS_CAPTACIONESVISTA.SOLICITUDTRANCERTCOMAHO,CONCURRENCIA,timestamp(6),YES,,CURRENT_TIMESTAMP(6),DEFAULT_GENERATED on update CURRENT_TIMESTAMP(6)
FBS_CAPTACIONESVISTA.SOLICITUDTRANCERTIFICADOS,SECUENCIAL,int,NO,PRI,,auto_increment
FBS_CAPTACIONESVISTA.SOLICITUDTRANCERTIFICADOS,SECUENCIALCLIENTE,int,NO,MUL,,
FBS_CAPTACIONESVISTA.SOLICITUDTRANCERTIFICADOS,SECUENCIALMOTIVO,int,NO,MUL,,
FBS_CAPTACIONESVISTA.SOLICITUDTRANCERTIFICADOS,DESCRIPCION,varchar(250),NO,,,
FBS_CAPTACIONESVISTA.SOLICITUDTRANCERTIFICADOS,CODIGOESTADOSOLTRANCERT,varchar(20),NO,,,
FBS_CAPTACIONESVISTA.SOLICITUDTRANCERTIFICADOS,ESCIERRE,tinyint unsigned,NO,,,
FBS_CAPTACIONESVISTA.SOLICITUDTRANCERTIFICADOS,CODIGOUSUARIO,varchar(25),NO,MUL,,
FBS_CAPTACIONESVISTA.SOLICITUDTRANCERTIFICADOS,SECUENCIALOFICINA,int,NO,MUL,,
FBS_CAPTACIONESVISTA.SOLICITUDTRANCERTIFICADOS,FECHASISTEMA,datetime(3),NO,,,
FBS_CAPTACIONESVISTA.SOLICITUDTRANCERTIFICADOS,FECHAMAQUINA,datetime(3),NO,,,
FBS_CAPTACIONESVISTA.SOLICITUDTRANCERTIFICADOS,NUMEROVERIFICADOR,int,NO,,,
FBS_CAPTACIONESVISTA.SOLICITUDTRANCERTIFICADOS,CONCURRENCIA,timestamp(6),YES,,CURRENT_TIMESTAMP(6),DEFAULT_GENERATED on update CURRENT_TIMESTAMP(6)
FBS_CAPTACIONESVISTA.SOLICITUDTRANCERTOBLIGCES,SECUENCIALSOLICITUDTRANCERT,int,NO,PRI,,
FBS_CAPTACIONESVISTA.SOLICITUDTRANCERTOBLIGCES,SECUENCIALCTACOMPVISTADEST,int,NO,MUL,,
FBS_CAPTACIONESVISTA.SOLICITUDTRANCERTOBLIGCES,MONTOTRANSACCION,"decimal(18,2)",NO,,,
FBS_CAPTACIONESVISTA.SOLICITUDTRANCERTOBLIGCES,CONCURRENCIA,timestamp(6),YES,,CURRENT_TIMESTAMP(6),DEFAULT_GENERATED on update CURRENT_TIMESTAMP(6)
FBS_CAPTACIONESVISTA.SOLICITUDTRANSFERENCIACUENTA,SECUENCIAL,int,NO,PRI,,auto_increment
FBS_CAPTACIONESVISTA.SOLICITUDTRANSFERENCIACUENTA,SECUENCIALCUENTADEBITA,int,NO,MUL,,
FBS_CAPTACIONESVISTA.SOLICITUDTRANSFERENCIACUENTA,SECUENCIALCUENTACREDITA,int,NO,MUL,,
FBS_CAPTACIONESVISTA.SOLICITUDTRANSFERENCIACUENTA,CONCEPTOTRANSFERENCIA,varchar(100),NO,,,
FBS_CAPTACIONESVISTA.SOLICITUDTRANSFERENCIACUENTA,VALOR,"decimal(18,2)",NO,,,
FBS_CAPTACIONESVISTA.SOLICITUDTRANSFERENCIACUENTA,CODIGOUSUARIO,varchar(25),NO,MUL,,
FBS_CAPTACIONESVISTA.SOLICITUDTRANSFERENCIACUENTA,FECHASISTEMA,datetime(3),NO,,,
FBS_CAPTACIONESVISTA.SOLICITUDTRANSFERENCIACUENTA,FECHAMAQUINA,datetime(3),NO,,,
FBS_CAPTACIONESVISTA.SOLICITUDTRANSFERENCIACUENTA,NUMEROVERIFICADOR,int,NO,,,
FBS_CAPTACIONESVISTA.SOLICITUDTRANSFERENCIACUENTA,CONCURRENCIA,timestamp(6),YES,,CURRENT_TIMESTAMP(6),DEFAULT_GENERATED on update CURRENT_TIMESTAMP(6)
FBS_CAPTACIONESVISTA.SOLICITUDTRANSVERICAMBIOESTADO,SECUENCIAL,int,NO,PRI,,auto_increment
FBS_CAPTACIONESVISTA.SOLICITUDTRANSVERICAMBIOESTADO,SECUENCIALSOLICITUDTRANSVERIF,int,NO,MUL,,
FBS_CAPTACIONESVISTA.SOLICITUDTRANSVERICAMBIOESTADO,CODIGOESTADOTRANORIGEN,varchar(50),NO,,,
FBS_CAPTACIONESVISTA.SOLICITUDTRANSVERICAMBIOESTADO,CODIGOESTADOTRANDESTINO,varchar(50),NO,,,
FBS_CAPTACIONESVISTA.SOLICITUDTRANSVERICAMBIOESTADO,CODIGOUSUARIOPROCESA,varchar(25),NO,MUL,,
FBS_CAPTACIONESVISTA.SOLICITUDTRANSVERICAMBIOESTADO,FECHASISTEMA,datetime(3),NO,,,
FBS_CAPTACIONESVISTA.SOLICITUDTRANSVERICAMBIOESTADO,FECHAMAQUINA,datetime(3),NO,,,
FBS_CAPTACIONESVISTA.SOLICITUDTRANSVERICAMBIOESTADO,CONCURRENCIA,timestamp(6),YES,,CURRENT_TIMESTAMP(6),DEFAULT_GENERATED on update CURRENT_TIMESTAMP(6)
FBS_CAPTACIONESVISTA.SOLICITUDTRANSVERIFICACION,SECUENCIAL,int,NO,PRI,,auto_increment
FBS_CAPTACIONESVISTA.SOLICITUDTRANSVERIFICACION,SECUENCIALCLIENTE,int,NO,MUL,,
FBS_CAPTACIONESVISTA.SOLICITUDTRANSVERIFICACION,SECUENCIALCUENTA,int,NO,MUL,,
FBS_CAPTACIONESVISTA.SOLICITUDTRANSVERIFICACION,SECUENCIALMONEDA,int,NO,MUL,,
FBS_CAPTACIONESVISTA.SOLICITUDTRANSVERIFICACION,SECUENCIALTRANSACCION,int,NO,MUL,,
FBS_CAPTACIONESVISTA.SOLICITUDTRANSVERIFICACION,SECUENCIALOFICINA,int,NO,MUL,,
FBS_CAPTACIONESVISTA.SOLICITUDTRANSVERIFICACION,CODIGOESTADOTRANSACCION,varchar(50),NO,,,
FBS_CAPTACIONESVISTA.SOLICITUDTRANSVERIFICACION,FECHASISTEMAINGRESO,datetime(3),NO,,,
FBS_CAPTACIONESVISTA.SOLICITUDTRANSVERIFICACION,FECHAMAQUINAINGRESO,datetime(3),NO,,,
FBS_CAPTACIONESVISTA.SOLICITUDTRANSVERIFICACION,CODIGOUSUARIOINGRESO,varchar(25),NO,MUL,,
FBS_CAPTACIONESVISTA.SOLICITUDTRANSVERIFICACION,MOTIVOANULACION,varchar(200),NO,,,
FBS_CAPTACIONESVISTA.SOLICITUDTRANSVERIFICACION,CONCURRENCIA,timestamp(6),YES,,CURRENT_TIMESTAMP(6),DEFAULT_GENERATED on update CURRENT_TIMESTAMP(6)
FBS_CAPTACIONESVISTA.SOLICITUDTRANSVERIFICACIONDET,SECUENCIAL,int,NO,PRI,,auto_increment
FBS_CAPTACIONESVISTA.SOLICITUDTRANSVERIFICACIONDET,SECUENCIALSOLICITUDTRANSVERIF,int,NO,MUL,,
FBS_CAPTACIONESVISTA.SOLICITUDTRANSVERIFICACIONDET,SECUENCIALCOMPONENTECAUSAL,int,NO,MUL,,
FBS_CAPTACIONESVISTA.SOLICITUDTRANSVERIFICACIONDET,SECUENCIALAUXILIARCONTABLE,int,NO,,,
FBS_CAPTACIONESVISTA.SOLICITUDTRANSVERIFICACIONDET,CONCEPTO,varchar(200),NO,,,
FBS_CAPTACIONESVISTA.SOLICITUDTRANSVERIFICACIONDET,DOCUMENTO,varchar(100),NO,,,
FBS_CAPTACIONESVISTA.SOLICITUDTRANSVERIFICACIONDET,VALOR,"decimal(18,2)",NO,,,
FBS_CAPTACIONESVISTA.SOLICITUDTRANSVERIFICACIONDET,CONCURRENCIA,timestamp(6),YES,,CURRENT_TIMESTAMP(6),DEFAULT_GENERATED on update CURRENT_TIMESTAMP(6)
FBS_CAPTACIONESVISTA.SOLICITUDVTACERHISTORICOAPROB,SECUENCIAL,int,NO,PRI,,auto_increment
FBS_CAPTACIONESVISTA.SOLICITUDVTACERHISTORICOAPROB,FECHASISTEMA,datetime(3),NO,,,
FBS_CAPTACIONESVISTA.SOLICITUDVTACERHISTORICOAPROB,FECHAMAQUINA,datetime(3),NO,,,
FBS_CAPTACIONESVISTA.SOLICITUDVTACERHISTORICOAPROB,COMENTARIO,varchar(50),NO,,,
FBS_CAPTACIONESVISTA.SOLICITUDVTACERHISTORICOAPROB,CONCURRENCIA,timestamp(6),YES,,CURRENT_TIMESTAMP(6),DEFAULT_GENERATED on update CURRENT_TIMESTAMP(6)
FBS_CAPTACIONESVISTA.SOLICITUDVTACERTAHO,SECUENCIAL,int,NO,PRI,,auto_increment
FBS_CAPTACIONESVISTA.SOLICITUDVTACERTAHO,SECUENCIALSOLICITUDVTACERT,int,NO,MUL,,
FBS_CAPTACIONESVISTA.SOLICITUDVTACERTAHO,SECUENCIALCTACOMPVISTADEB,int,NO,MUL,,
FBS_CAPTACIONESVISTA.SOLICITUDVTACERTAHO,SECUENCIALCTACOMPVISTAACR,int,NO,MUL,,
FBS_CAPTACIONESVISTA.SOLICITUDVTACERTAHO,MONTOTRANSACCION,"decimal(18,2)",NO,,,
FBS_CAPTACIONESVISTA.SOLICITUDVTACERTAHO,SECUENCIALMOVIMIENTO,int,NO,MUL,,
FBS_CAPTACIONESVISTA.SOLICITUDVTACERTAHO,FECHATRANSACCION,datetime(3),NO,,,
FBS_CAPTACIONESVISTA.SOLICITUDVTACERTAHO,SECUENCIALMOVIMIENTOCERTAPORT,int,NO,,,
FBS_CAPTACIONESVISTA.SOLICITUDVTACERTAHO,CONCURRENCIA,timestamp(6),YES,,CURRENT_TIMESTAMP(6),DEFAULT_GENERATED on update CURRENT_TIMESTAMP(6)
FBS_CAPTACIONESVISTA.SOLICITUDVTACERTCAMBIOEST,SECUENCIAL,int,NO,PRI,,auto_increment
FBS_CAPTACIONESVISTA.SOLICITUDVTACERTCAMBIOEST,SECUENCIALSOLICITUDVTACERT,int,NO,MUL,,
FBS_CAPTACIONESVISTA.SOLICITUDVTACERTCAMBIOEST,CODIGOUSUARIO,varchar(25),NO,MUL,,
FBS_CAPTACIONESVISTA.SOLICITUDVTACERTCAMBIOEST,FECHASISTEMA,datetime(3),NO,,,
FBS_CAPTACIONESVISTA.SOLICITUDVTACERTCAMBIOEST,FECHAMAQUINA,datetime(3),NO,,,
FBS_CAPTACIONESVISTA.SOLICITUDVTACERTCAMBIOEST,CODIGOESTADOSOLTRANCERT,varchar(40),NO,,,
FBS_CAPTACIONESVISTA.SOLICITUDVTACERTCAMBIOEST,COMENTARIO,varchar(500),NO,,,
FBS_CAPTACIONESVISTA.SOLICITUDVTACERTCAMBIOEST,CONCURRENCIA,timestamp(6),YES,,CURRENT_TIMESTAMP(6),DEFAULT_GENERATED on update CURRENT_TIMESTAMP(6)
FBS_CAPTACIONESVISTA.SOLICITUDVTACERTIFICADOS,SECUENCIAL,int,NO,PRI,,auto_increment
FBS_CAPTACIONESVISTA.SOLICITUDVTACERTIFICADOS,SECUENCIALCLIENTE,int,NO,MUL,,
FBS_CAPTACIONESVISTA.SOLICITUDVTACERTIFICADOS,SECUENCIALMOTIVO,int,NO,MUL,,
FBS_CAPTACIONESVISTA.SOLICITUDVTACERTIFICADOS,MONTOVENTA,"decimal(18,2)",NO,,,
FBS_CAPTACIONESVISTA.SOLICITUDVTACERTIFICADOS,DESCRIPCION,varchar(500),NO,,,
FBS_CAPTACIONESVISTA.SOLICITUDVTACERTIFICADOS,CODIGOESTADOSOLTRANCERT,varchar(40),NO,,,
FBS_CAPTACIONESVISTA.SOLICITUDVTACERTIFICADOS,CODIGOUSUARIO,varchar(25),NO,MUL,,
FBS_CAPTACIONESVISTA.SOLICITUDVTACERTIFICADOS,SECUENCIALOFICINA,int,NO,MUL,,
FBS_CAPTACIONESVISTA.SOLICITUDVTACERTIFICADOS,FECHASISTEMA,datetime(3),NO,,,
FBS_CAPTACIONESVISTA.SOLICITUDVTACERTIFICADOS,FECHAMAQUINA,datetime(3),NO,,,
FBS_CAPTACIONESVISTA.SOLICITUDVTACERTIFICADOS,NUMEROVERIFICADOR,int,NO,,,
FBS_CAPTACIONESVISTA.SOLICITUDVTACERTIFICADOS,MONTOVENDIDO,"decimal(18,2)",NO,,,
FBS_CAPTACIONESVISTA.SOLICITUDVTACERTIFICADOS,CONCURRENCIA,timestamp(6),YES,,CURRENT_TIMESTAMP(6),DEFAULT_GENERATED on update CURRENT_TIMESTAMP(6)
FBS_CAPTACIONESVISTA.SOLICITUD_CUENTATALONARIO,SECUENCIAL,int,NO,PRI,,auto_increment
FBS_CAPTACIONESVISTA.SOLICITUD_CUENTATALONARIO,SECUENCIALCTAMAESTROTALONARIO,int,NO,MUL,,
FBS_CAPTACIONESVISTA.SOLICITUD_CUENTATALONARIO,SECUENCIALRANGOORDENESRETIRO,int,NO,MUL,,
FBS_CAPTACIONESVISTA.SOLICITUD_CUENTATALONARIO,FECHASISTEMA,datetime(3),NO,,,
FBS_CAPTACIONESVISTA.SOLICITUD_CUENTATALONARIO,FECHAMAQUINA,datetime(3),NO,,,
FBS_CAPTACIONESVISTA.SOLICITUD_CUENTATALONARIO,CODIGOUSUARIO,varchar(25),NO,MUL,,
FBS_CAPTACIONESVISTA.SOLICITUD_CUENTATALONARIO,NUMEROVERIFICADOR,int,NO,,,
FBS_CAPTACIONESVISTA.SOLICITUD_CUENTATALONARIO,CHEQUEINICIO,int,NO,,,
FBS_CAPTACIONESVISTA.SOLICITUD_CUENTATALONARIO,CHEQUEFIN,int,NO,,,
FBS_CAPTACIONESVISTA.SOLICITUD_CUENTATALONARIO,CONCURRENCIA,timestamp(6),YES,,CURRENT_TIMESTAMP(6),DEFAULT_GENERATED on update CURRENT_TIMESTAMP(6)
FBS_CAPTACIONESVISTA.SOLICITVTACERHISTORICOAPRBDET,SECUENCIAL,int,NO,PRI,,auto_increment
FBS_CAPTACIONESVISTA.SOLICITVTACERHISTORICOAPRBDET,SECUENCIALSOLICITVTACERHISTAPR,int,NO,MUL,,
FBS_CAPTACIONESVISTA.SOLICITVTACERHISTORICOAPRBDET,SECUENCIALSOLICITUDVTACER,int,NO,UNI,,
FBS_CAPTACIONESVISTA.SOLICITVTACERHISTORICOAPRBDET,CONCURRENCIA,timestamp(6),YES,,CURRENT_TIMESTAMP(6),DEFAULT_GENERATED on update CURRENT_TIMESTAMP(6)
FBS_CAPTACIONESVISTA.TIPOBLOQUEO,SECUENCIAL,int,NO,PRI,,auto_increment
FBS_CAPTACIONESVISTA.TIPOBLOQUEO,NOMBRE,varchar(50),NO,,,
FBS_CAPTACIONESVISTA.TIPOBLOQUEO,SIGLAS,varchar(3),NO,,,
FBS_CAPTACIONESVISTA.TIPOBLOQUEO,DESCRIPCION,varchar(250),NO,,,
FBS_CAPTACIONESVISTA.TIPOBLOQUEO,DESBLOQUEOAUTOMATICO,tinyint unsigned,NO,,,
FBS_CAPTACIONESVISTA.TIPOBLOQUEO,ESBLOQUEOTOTAL,tinyint unsigned,NO,,,
FBS_CAPTACIONESVISTA.TIPOBLOQUEO,REQUIEREAUTORIZACION,tinyint unsigned,NO,,,
FBS_CAPTACIONESVISTA.TIPOBLOQUEO,ESTAACTIVO,tinyint unsigned,NO,,,
FBS_CAPTACIONESVISTA.TIPOBLOQUEO,NUMEROVERIFICADOR,int,NO,,,
FBS_CAPTACIONESVISTA.TIPOBLOQUEO,PARAPROVIDENCIAJUDICIAL,tinyint unsigned,NO,,,
FBS_CAPTACIONESVISTA.TIPOBLOQUEO,ESGARANTIAPRESTAMO,tinyint unsigned,NO,,,
FBS_CAPTACIONESVISTA.TIPOBLOQUEO,CONCURRENCIA,timestamp(6),YES,,CURRENT_TIMESTAMP(6),DEFAULT_GENERATED on update CURRENT_TIMESTAMP(6)
FBS_CAPTACIONESVISTA.TIPOBLOQUEOEMPRESA,SECUENCIAL,int,NO,PRI,,auto_increment
FBS_CAPTACIONESVISTA.TIPOBLOQUEOEMPRESA,SECUENCIALEMPRESA,int,NO,MUL,,
FBS_CAPTACIONESVISTA.TIPOBLOQUEOEMPRESA,SECUENCIALTIPOBLOQUEO,int,NO,MUL,,
FBS_CAPTACIONESVISTA.TIPOBLOQUEOEMPRESA,ESTAACTIVO,tinyint unsigned,NO,,,
FBS_CAPTACIONESVISTA.TIPOBLOQUEOEMPRESA,NUMEROVERIFICADOR,int,NO,,,
FBS_CAPTACIONESVISTA.TIPOBLOQUEOEMPRESA,CONCURRENCIA,timestamp(6),YES,,CURRENT_TIMESTAMP(6),DEFAULT_GENERATED on update CURRENT_TIMESTAMP(6)
FBS_CAPTACIONESVISTA.TIPOCANCELACIONCUENTA,CODIGO,char(1),NO,PRI,,
FBS_CAPTACIONESVISTA.TIPOCANCELACIONCUENTA,NOMBRE,varchar(50),NO,,,
FBS_CAPTACIONESVISTA.TIPOCANCELACIONCUENTA,ACREDITAENCUENTA,tinyint unsigned,NO,,,
FBS_CAPTACIONESVISTA.TIPOCANCELACIONCUENTA,RENUEVAAUTOMATICAMENTE,tinyint unsigned,NO,,,
FBS_CAPTACIONESVISTA.TIPOCANCELACIONCUENTA,ESTAACTIVO,tinyint unsigned,NO,,,
FBS_CAPTACIONESVISTA.TIPOCANCELACIONCUENTA,CONCURRENCIA,timestamp(6),YES,,CURRENT_TIMESTAMP(6),DEFAULT_GENERATED on update CURRENT_TIMESTAMP(6)
FBS_CAPTACIONESVISTA.TIPOCOMPONENTEVISTA,SECUENCIAL,int,NO,PRI,,auto_increment
FBS_CAPTACIONESVISTA.TIPOCOMPONENTEVISTA,NOMBRE,varchar(50),NO,,,
FBS_CAPTACIONESVISTA.TIPOCOMPONENTEVISTA,VISTA,varchar(100),NO,,,
FBS_CAPTACIONESVISTA.TIPOCOMPONENTEVISTA,PRESENTADORNUEVO,varchar(100),NO,,,
FBS_CAPTACIONESVISTA.TIPOCOMPONENTEVISTA,PRESENTADOREDICION,varchar(100),NO,,,
FBS_CAPTACIONESVISTA.TIPOCOMPONENTEVISTA,ESPARAPERSONAJURIDICACONFINESLUCRO,tinyint unsigned,NO,,,
FBS_CAPTACIONESVISTA.TIPOCOMPONENTEVISTA,ESTAACTIVO,tinyint unsigned,NO,,,
FBS_CAPTACIONESVISTA.TIPOCOMPONENTEVISTA,NUMEROVERIFICADOR,int,NO,,,
FBS_CAPTACIONESVISTA.TIPOCOMPONENTEVISTA,CONCURRENCIA,timestamp(6),YES,,CURRENT_TIMESTAMP(6),DEFAULT_GENERATED on update CURRENT_TIMESTAMP(6)
FBS_CAPTACIONESVISTA.TIPOCTACOMP_CAUAPE_CTAPORCOBRAR,SECTIPOCTACOMPCAUSALAPERTURA,int,NO,PRI,,
FBS_CAPTACIONESVISTA.TIPOCTACOMP_CAUAPE_CTAPORCOBRAR,SECUENCIALTIPORUBROPORCOBRAR,int,NO,MUL,,
FBS_CAPTACIONESVISTA.TIPOCTACOMP_CAUAPE_CTAPORCOBRAR,CONCURRENCIA,timestamp(6),YES,,CURRENT_TIMESTAMP(6),DEFAULT_GENERATED on update CURRENT_TIMESTAMP(6)
FBS_CAPTACIONESVISTA.TIPOCTACOMP_CAUAPE_VALORUNICO,SECTIPOCTACOMPCAUSALAPERTURA,int,NO,PRI,,
FBS_CAPTACIONESVISTA.TIPOCTACOMP_CAUAPE_VALORUNICO,VALORUNICOAPERTURA,"decimal(18,2)",NO,,,
FBS_CAPTACIONESVISTA.TIPOCTACOMP_CAUAPE_VALORUNICO,CONCURRENCIA,timestamp(6),YES,,CURRENT_TIMESTAMP(6),DEFAULT_GENERATED on update CURRENT_TIMESTAMP(6)
FBS_CAPTACIONESVISTA.TIPOCTACOMP_VISTA_APEVALMINIMO,SECUENCIALTIPOCUENTACOMPVISTA,int,NO,PRI,,
FBS_CAPTACIONESVISTA.TIPOCTACOMP_VISTA_APEVALMINIMO,VALORSOCIOMENORAPERTURA,"decimal(18,2)",NO,,,
FBS_CAPTACIONESVISTA.TIPOCTACOMP_VISTA_APEVALMINIMO,NUMEROVERIFICADOR,int,NO,,,
FBS_CAPTACIONESVISTA.TIPOCTACOMP_VISTA_APEVALMINIMO,VALORSOCIOMAYORAPERTURA,"decimal(18,2)",NO,,0.00,
FBS_CAPTACIONESVISTA.TIPOCTACOMP_VISTA_APEVALMINIMO,VALORSOCIOJURIDICOAPERTURA,"decimal(18,2)",NO,,,
FBS_CAPTACIONESVISTA.TIPOCTACOMP_VISTA_APEVALMINIMO,CANTIDADAPORTESMENOREDAD,int,NO,,,
FBS_CAPTACIONESVISTA.TIPOCTACOMP_VISTA_APEVALMINIMO,CANTIDADAPORTESMAYOREDAD,int,NO,,,
FBS_CAPTACIONESVISTA.TIPOCTACOMP_VISTA_APEVALMINIMO,CANTIDADAPORTESJURIDICA,int,NO,,,
FBS_CAPTACIONESVISTA.TIPOCTACOMP_VISTA_APEVALMINIMO,CONCURRENCIA,timestamp(6),YES,,CURRENT_TIMESTAMP(6),DEFAULT_GENERATED on update CURRENT_TIMESTAMP(6)
FBS_CAPTACIONESVISTA.TIPOCUENTA,CODIGO,varchar(20),NO,PRI,,
FBS_CAPTACIONESVISTA.TIPOCUENTA,NOMBRE,varchar(50),NO,,,
FBS_CAPTACIONESVISTA.TIPOCUENTA,SIGLAS,varchar(3),NO,,,
FBS_CAPTACIONESVISTA.TIPOCUENTA,ESOPERATIVO,tinyint unsigned,NO,,,
FBS_CAPTACIONESVISTA.TIPOCUENTA,SECUENCIALEMPRESA,int,NO,MUL,,
FBS_CAPTACIONESVISTA.TIPOCUENTA,ACEPTAMULTICUENTA,tinyint unsigned,NO,,,
FBS_CAPTACIONESVISTA.TIPOCUENTA,PROVISIONAINTERES,tinyint unsigned,NO,,,
FBS_CAPTACIONESVISTA.TIPOCUENTA,SALDOMINIMO,"decimal(18,2)",NO,,,
FBS_CAPTACIONESVISTA.TIPOCUENTA,NUMEROVERIFICADOR,int,NO,,,
FBS_CAPTACIONESVISTA.TIPOCUENTA,ESAHORROPROGRAMADO,tinyint unsigned,NO,,,
FBS_CAPTACIONESVISTA.TIPOCUENTA,ACEPTATALONARIO,tinyint unsigned,NO,,,
FBS_CAPTACIONESVISTA.TIPOCUENTA,ESENCAJE,tinyint unsigned,NO,,,
FBS_CAPTACIONESVISTA.TIPOCUENTA,COLOR,int,NO,,,
FBS_CAPTACIONESVISTA.TIPOCUENTA,ESAPORTACION,tinyint unsigned,NO,,,
FBS_CAPTACIONESVISTA.TIPOCUENTA,ESTAACTIVO,tinyint unsigned,NO,,,
FBS_CAPTACIONESVISTA.TIPOCUENTA,ESMANDATOJUDICIAL,tinyint unsigned,NO,,,
FBS_CAPTACIONESVISTA.TIPOCUENTA,ESCTS,tinyint unsigned,NO,,,
FBS_CAPTACIONESVISTA.TIPOCUENTA,CONCURRENCIA,timestamp(6),YES,,CURRENT_TIMESTAMP(6),DEFAULT_GENERATED on update CURRENT_TIMESTAMP(6)
FBS_CAPTACIONESVISTA.TIPOCUENTACAUSALDEBITOTALONARIO,CODIGOTIPOCUENTA,varchar(20),NO,PRI,,
FBS_CAPTACIONESVISTA.TIPOCUENTACAUSALDEBITOTALONARIO,SECUENCIALCOMPCAUSALVISTA,int,NO,MUL,,
FBS_CAPTACIONESVISTA.TIPOCUENTACAUSALDEBITOTALONARIO,NUMEROVERIFICADOR,int,NO,,,
FBS_CAPTACIONESVISTA.TIPOCUENTACAUSALDEBITOTALONARIO,CONCURRENCIA,timestamp(6),YES,,CURRENT_TIMESTAMP(6),DEFAULT_GENERATED on update CURRENT_TIMESTAMP(6)
FBS_CAPTACIONESVISTA.TIPOCUENTACOMPONENTE_VISTA,SECUENCIAL,int,NO,PRI,,auto_increment
FBS_CAPTACIONESVISTA.TIPOCUENTACOMPONENTE_VISTA,CODIGOTIPOCUENTA,varchar(20),NO,MUL,,
FBS_CAPTACIONESVISTA.TIPOCUENTACOMPONENTE_VISTA,SECUENCIALCOMPONENTEVISTA,int,NO,MUL,,
FBS_CAPTACIONESVISTA.TIPOCUENTACOMPONENTE_VISTA,ESTAACTIVA,tinyint unsigned,NO,,,
FBS_CAPTACIONESVISTA.TIPOCUENTACOMPONENTE_VISTA,NUMEROVERIFICADOR,int,NO,,,
FBS_CAPTACIONESVISTA.TIPOCUENTACOMPONENTE_VISTA,CONCURRENCIA,timestamp(6),YES,,CURRENT_TIMESTAMP(6),DEFAULT_GENERATED on update CURRENT_TIMESTAMP(6)
FBS_CAPTACIONESVISTA.TIPOCUENTACOMP_CAUSALAPERTURA,SECUENCIAL,int,NO,PRI,,auto_increment
FBS_CAPTACIONESVISTA.TIPOCUENTACOMP_CAUSALAPERTURA,CODIGOTIPOCUENTA,varchar(20),NO,MUL,,
FBS_CAPTACIONESVISTA.TIPOCUENTACOMP_CAUSALAPERTURA,SECUENCIALCOMPONENTECAUSAL,int,NO,MUL,,
FBS_CAPTACIONESVISTA.TIPOCUENTACOMP_CAUSALAPERTURA,NOMBREMETODO,varchar(50),NO,,,
FBS_CAPTACIONESVISTA.TIPOCUENTACOMP_CAUSALAPERTURA,ESOPCIONAL,tinyint unsigned,NO,,,
FBS_CAPTACIONESVISTA.TIPOCUENTACOMP_CAUSALAPERTURA,ESTAACTIVO,tinyint unsigned,NO,,,
FBS_CAPTACIONESVISTA.TIPOCUENTACOMP_CAUSALAPERTURA,NUMEROVERIFICADOR,int,NO,,,
FBS_CAPTACIONESVISTA.TIPOCUENTACOMP_CAUSALAPERTURA,ESCUENTAPORCOBRAR,tinyint unsigned,NO,,0,
FBS_CAPTACIONESVISTA.TIPOCUENTACOMP_CAUSALAPERTURA,CONCURRENCIA,timestamp(6),YES,,CURRENT_TIMESTAMP(6),DEFAULT_GENERATED on update CURRENT_TIMESTAMP(6)
FBS_CAPTACIONESVISTA.TIPOCUENTARANGOEDAD,SECUENCIAL,int,NO,PRI,,auto_increment
FBS_CAPTACIONESVISTA.TIPOCUENTARANGOEDAD,CODIGOTIPOCUENTA,varchar(20),NO,MUL,,
FBS_CAPTACIONESVISTA.TIPOCUENTARANGOEDAD,CODIGORANGOEDAD,varchar(10),NO,MUL,,
FBS_CAPTACIONESVISTA.TIPOCUENTARANGOEDAD,ESTAACTIVO,tinyint unsigned,NO,,,
FBS_CAPTACIONESVISTA.TIPOCUENTARANGOEDAD,NUMEROVERIFICADOR,int,NO,,,
FBS_CAPTACIONESVISTA.TIPOCUENTARANGOEDAD,CONCURRENCIA,timestamp(6),YES,,CURRENT_TIMESTAMP(6),DEFAULT_GENERATED on update CURRENT_TIMESTAMP(6)
FBS_CAPTACIONESVISTA.TIPOCUENTATIPOIDENTIFICACION,SECUENCIAL,int,NO,PRI,,auto_increment
FBS_CAPTACIONESVISTA.TIPOCUENTATIPOIDENTIFICACION,CODIGOTIPOCUENTA,varchar(20),NO,MUL,,
FBS_CAPTACIONESVISTA.TIPOCUENTATIPOIDENTIFICACION,SECUENCIALTIPOIDENTIFICACION,int,NO,MUL,,
FBS_CAPTACIONESVISTA.TIPOCUENTATIPOIDENTIFICACION,ESTAACTIVO,tinyint unsigned,NO,,,
FBS_CAPTACIONESVISTA.TIPOCUENTATIPOIDENTIFICACION,NUMEROVERIFICADOR,int,NO,,,
FBS_CAPTACIONESVISTA.TIPOCUENTATIPOIDENTIFICACION,CONCURRENCIA,timestamp(6),YES,,CURRENT_TIMESTAMP(6),DEFAULT_GENERATED on update CURRENT_TIMESTAMP(6)
FBS_CAPTACIONESVISTA.TIPOCUENTATRANSFERENCIA,CODIGO,varchar(3),NO,PRI,,
FBS_CAPTACIONESVISTA.TIPOCUENTATRANSFERENCIA,NOMBRE,varchar(100),NO,,,
FBS_CAPTACIONESVISTA.TIPOCUENTATRANSFERENCIA,ESTAACTIVA,tinyint unsigned,NO,,,
FBS_CAPTACIONESVISTA.TIPOCUENTATRANSFERENCIA,NUMEROVERIFICADOR,int,NO,,,
FBS_CAPTACIONESVISTA.TIPOCUENTATRANSFERENCIA,CONCURRENCIA,timestamp(6),YES,,CURRENT_TIMESTAMP(6),DEFAULT_GENERATED on update CURRENT_TIMESTAMP(6)
FBS_CAPTACIONESVISTA.TIPOCUENTA_AHORROPROGRAMADO,CODIGOTIPOCUENTA,varchar(20),NO,PRI,,
FBS_CAPTACIONESVISTA.TIPOCUENTA_AHORROPROGRAMADO,TIEMPOMINIMOVIGENCIA,int,NO,,,
FBS_CAPTACIONESVISTA.TIPOCUENTA_AHORROPROGRAMADO,SEREAJUSTATASA,tinyint unsigned,NO,,,
FBS_CAPTACIONESVISTA.TIPOCUENTA_AHORROPROGRAMADO,SEPRECANCELA,tinyint unsigned,NO,,,
FBS_CAPTACIONESVISTA.TIPOCUENTA_AHORROPROGRAMADO,VALORCOBROMINIMO,"decimal(18,2)",NO,,,
FBS_CAPTACIONESVISTA.TIPOCUENTA_AHORROPROGRAMADO,TIEMPOMAXIMOVIGENCIA,int,NO,,,
FBS_CAPTACIONESVISTA.TIPOCUENTA_AHORROPROGRAMADO,NUMEROMAXIMOCTADEBITO,int,NO,,,
FBS_CAPTACIONESVISTA.TIPOCUENTA_AHORROPROGRAMADO,TIEMPOMINIMOPRECANCELACION,int,NO,,,
FBS_CAPTACIONESVISTA.TIPOCUENTA_AHORROPROGRAMADO,TASACASTIGO,"decimal(18,2)",NO,,,
FBS_CAPTACIONESVISTA.TIPOCUENTA_AHORROPROGRAMADO,NUMCUOTIMPAGASCONSECUTIVASCANCELACION,int,NO,,,
FBS_CAPTACIONESVISTA.TIPOCUENTA_AHORROPROGRAMADO,NUMCUOTIMPAGASALTERNADASCANCELACION,int,NO,,,
FBS_CAPTACIONESVISTA.TIPOCUENTA_AHORROPROGRAMADO,TRANSFIEREINTERESPORINCUMPLIMIENTO,tinyint unsigned,NO,,,
FBS_CAPTACIONESVISTA.TIPOCUENTA_AHORROPROGRAMADO,CONCURRENCIA,timestamp(6),YES,,CURRENT_TIMESTAMP(6),DEFAULT_GENERATED on update CURRENT_TIMESTAMP(6)
FBS_CAPTACIONESVISTA.TIPOCUENTA_AREA,CODIGOTIPOCUENTA,varchar(20),NO,PRI,,
FBS_CAPTACIONESVISTA.TIPOCUENTA_AREA,SECUENCIALAREA,int,NO,MUL,,
FBS_CAPTACIONESVISTA.TIPOCUENTA_AREA,ESTAACTIVO,tinyint unsigned,NO,,,
FBS_CAPTACIONESVISTA.TIPOCUENTA_AREA,NUMEROVERIFICADOR,int,NO,,,
FBS_CAPTACIONESVISTA.TIPOCUENTA_AREA,CONCURRENCIA,timestamp(6),YES,,CURRENT_TIMESTAMP(6),DEFAULT_GENERATED on update CURRENT_TIMESTAMP(6)
FBS_CAPTACIONESVISTA.TIPOCUENTA_CONDICIONREAPERTURA,CODIGOTIPOCUENTA,varchar(20),NO,PRI,,
FBS_CAPTACIONESVISTA.TIPOCUENTA_CONDICIONREAPERTURA,ESCONULTIMOSALDO,tinyint unsigned,NO,,,
FBS_CAPTACIONESVISTA.TIPOCUENTA_CONDICIONREAPERTURA,NUMEROVERIFICADOR,int,NO,,,
FBS_CAPTACIONESVISTA.TIPOCUENTA_CONDICIONREAPERTURA,CONCURRENCIA,timestamp(6),YES,,CURRENT_TIMESTAMP(6),DEFAULT_GENERATED on update CURRENT_TIMESTAMP(6)
FBS_CAPTACIONESVISTA.TIPOCUENTA_DIASINACTIVA,CODIGOTIPOCUENTA,varchar(20),NO,PRI,,
FBS_CAPTACIONESVISTA.TIPOCUENTA_DIASINACTIVA,DIAS,int,NO,,,
FBS_CAPTACIONESVISTA.TIPOCUENTA_DIASINACTIVA,CONCURRENCIA,timestamp(6),YES,,CURRENT_TIMESTAMP(6),DEFAULT_GENERATED on update CURRENT_TIMESTAMP(6)
FBS_CAPTACIONESVISTA.TIPOCUENTA_DIASINMOVILIZADA,CODIGOTIPOCUENTA,varchar(20),NO,PRI,,
FBS_CAPTACIONESVISTA.TIPOCUENTA_DIASINMOVILIZADA,DIAS,int,NO,,,
FBS_CAPTACIONESVISTA.TIPOCUENTA_DIASINMOVILIZADA,CONCURRENCIA,timestamp(6),YES,,CURRENT_TIMESTAMP(6),DEFAULT_GENERATED on update CURRENT_TIMESTAMP(6)
FBS_CAPTACIONESVISTA.TIPOCUENTA_LIBRETA,CODIGOTIPOCUENTA,varchar(20),NO,PRI,,
FBS_CAPTACIONESVISTA.TIPOCUENTA_LIBRETA,NUMEROLINEASANVERSO,int,NO,,,
FBS_CAPTACIONESVISTA.TIPOCUENTA_LIBRETA,NUMEROLINEASREVERSO,int,NO,,,
FBS_CAPTACIONESVISTA.TIPOCUENTA_LIBRETA,NUMEROLINEASSALTAANVERSO,int,NO,,,
FBS_CAPTACIONESVISTA.TIPOCUENTA_LIBRETA,NUMEROLINEASSALTAREVERSO,int,NO,,,
FBS_CAPTACIONESVISTA.TIPOCUENTA_LIBRETA,CLASEIMPRIMELIBRETA,varchar(100),NO,,,
FBS_CAPTACIONESVISTA.TIPOCUENTA_LIBRETA,METODOIMPRIMELIBRETA,varchar(100),NO,,,
FBS_CAPTACIONESVISTA.TIPOCUENTA_LIBRETA,METODOIMPRIMEENCABEZADOLIBRETA,varchar(100),NO,,,
FBS_CAPTACIONESVISTA.TIPOCUENTA_LIBRETA,NUMEROCOLUMNASALDO,int,NO,,,
FBS_CAPTACIONESVISTA.TIPOCUENTA_LIBRETA,NUMEROVERIFICADOR,int,NO,,,
FBS_CAPTACIONESVISTA.TIPOCUENTA_LIBRETA,CODIGOLIBRETAANTERIOR,varchar(20),NO,,,
FBS_CAPTACIONESVISTA.TIPOCUENTA_LIBRETA,NUMEROLINEASANVERSOANTERIOR,int,NO,,,
FBS_CAPTACIONESVISTA.TIPOCUENTA_LIBRETA,NUMEROLINEASREVERSOANTERIOR,int,NO,,,
FBS_CAPTACIONESVISTA.TIPOCUENTA_LIBRETA,NUMEROCARASLIBRETA,int,NO,,,
FBS_CAPTACIONESVISTA.TIPOCUENTA_LIBRETA,CONCURRENCIA,timestamp(6),YES,,CURRENT_TIMESTAMP(6),DEFAULT_GENERATED on update CURRENT_TIMESTAMP(6)
FBS_CAPTACIONESVISTA.TIPOCUENTA_PERIODOACREDINTERES,CODIGOTIPOCUENTA,varchar(20),NO,PRI,,
FBS_CAPTACIONESVISTA.TIPOCUENTA_PERIODOACREDINTERES,CODIGOPERIODOACREDINTERES,varchar(20),NO,MUL,,
FBS_CAPTACIONESVISTA.TIPOCUENTA_PERIODOACREDINTERES,NUMEROVERIFICADOR,int,NO,,,
FBS_CAPTACIONESVISTA.TIPOCUENTA_PERIODOACREDINTERES,CONCURRENCIA,timestamp(6),YES,,CURRENT_TIMESTAMP(6),DEFAULT_GENERATED on update CURRENT_TIMESTAMP(6)
FBS_CAPTACIONESVISTA.TIPOCUENTA_PERSONALIZADO,CODIGOTIPOCUENTA,varchar(20),NO,PRI,,
FBS_CAPTACIONESVISTA.TIPOCUENTA_PERSONALIZADO,ACEPTAENCAJE,tinyint unsigned,NO,,,
FBS_CAPTACIONESVISTA.TIPOCUENTA_PERSONALIZADO,ACEPTARETENCION,tinyint unsigned,NO,,,
FBS_CAPTACIONESVISTA.TIPOCUENTA_PERSONALIZADO,ACEPTADEBITOPARAPAGOPRESTAMO,tinyint unsigned,NO,,,
FBS_CAPTACIONESVISTA.TIPOCUENTA_PERSONALIZADO,DETERMINASIESSOCIO,tinyint unsigned,NO,,,
FBS_CAPTACIONESVISTA.TIPOCUENTA_PERSONALIZADO,ACEPTATARJETADEBITO,tinyint unsigned,NO,,,
FBS_CAPTACIONESVISTA.TIPOCUENTA_PERSONALIZADO,APERTURACONOBLIGATORIAS,tinyint unsigned,NO,,,
FBS_CAPTACIONESVISTA.TIPOCUENTA_PERSONALIZADO,ACEPTASEGURO,tinyint unsigned,NO,,,
FBS_CAPTACIONESVISTA.TIPOCUENTA_PERSONALIZADO,ACEPTADEBITOSEGURO,tinyint unsigned,NO,,,
FBS_CAPTACIONESVISTA.TIPOCUENTA_PERSONALIZADO,PRIORIDADPARADEBITOSEGURO,int,NO,,,
FBS_CAPTACIONESVISTA.TIPOCUENTA_PERSONALIZADO,GENERACONTRATO,tinyint unsigned,NO,,,
FBS_CAPTACIONESVISTA.TIPOCUENTA_PERSONALIZADO,TRABAJACONDPF,tinyint unsigned,NO,,,
FBS_CAPTACIONESVISTA.TIPOCUENTA_PERSONALIZADO,GENERACIONAUTOMATICACLIENTE,tinyint unsigned,NO,,,
FBS_CAPTACIONESVISTA.TIPOCUENTA_PERSONALIZADO,CONCURRENCIA,timestamp(6),YES,,CURRENT_TIMESTAMP(6),DEFAULT_GENERATED on update CURRENT_TIMESTAMP(6)
FBS_CAPTACIONESVISTA.TIPOINSTITUCIONTRANSFERENCIA,CODIGO,varchar(5),NO,PRI,,
FBS_CAPTACIONESVISTA.TIPOINSTITUCIONTRANSFERENCIA,NOMBRE,varchar(100),NO,UNI,,
FBS_CAPTACIONESVISTA.TIPOINSTITUCIONTRANSFERENCIA,ESTAACTIVA,tinyint unsigned,NO,,,
FBS_CAPTACIONESVISTA.TIPOINSTITUCIONTRANSFERENCIA,NUMEROVERIFICADOR,int,NO,,,
FBS_CAPTACIONESVISTA.TIPOINSTITUCIONTRANSFERENCIA,CONCURRENCIA,timestamp(6),YES,,CURRENT_TIMESTAMP(6),DEFAULT_GENERATED on update CURRENT_TIMESTAMP(6)
FBS_CAPTACIONESVISTA.TIPOMANDATOJUDICIAL,CODIGO,char(2),NO,PRI,,
FBS_CAPTACIONESVISTA.TIPOMANDATOJUDICIAL,NOMBRE,char(100),NO,,,
FBS_CAPTACIONESVISTA.TIPOMANDATOJUDICIAL,ESTAACTIVO,tinyint unsigned,NO,,,
FBS_CAPTACIONESVISTA.TIPOMANDATOJUDICIAL,NUMEROVERIFICADOR,int,NO,,,
FBS_CAPTACIONESVISTA.TIPOMANDATOJUDICIAL,CONCURRENCIA,timestamp(6),YES,,CURRENT_TIMESTAMP(6),DEFAULT_GENERATED on update CURRENT_TIMESTAMP(6)
FBS_CAPTACIONESVISTA.TIPOREGISTROFIRMA,CODIGO,varchar(3),NO,PRI,,
FBS_CAPTACIONESVISTA.TIPOREGISTROFIRMA,NOMBRE,varchar(50),NO,,,
FBS_CAPTACIONESVISTA.TIPOREGISTROFIRMA,ESTAACTIVO,tinyint unsigned,NO,,,
FBS_CAPTACIONESVISTA.TIPOREGISTROFIRMA,NUMEROVERIFICADOR,int,NO,,,
FBS_CAPTACIONESVISTA.TIPOREGISTROFIRMA,CONCURRENCIA,timestamp(6),YES,,CURRENT_TIMESTAMP(6),DEFAULT_GENERATED on update CURRENT_TIMESTAMP(6)
FBS_CAPTACIONESVISTA.TRANSACCIONSOLICITUD_CUENTA,SECUENCIALTRANSACCIONSOLICITUD,int,NO,PRI,,
FBS_CAPTACIONESVISTA.TRANSACCIONSOLICITUD_CUENTA,SECUENCIALCUENTA,int,NO,MUL,,
FBS_CAPTACIONESVISTA.TRANSACCIONSOLICITUD_CUENTA,CONCURRENCIA,timestamp(6),YES,,CURRENT_TIMESTAMP(6),DEFAULT_GENERATED on update CURRENT_TIMESTAMP(6)
FBS_CAPTACIONESVISTA.TRANSACCIONSOL_CUENTACONTPDA,SECUENCIALTRANSACCIONSOLICITUD,int,NO,PRI,,
FBS_CAPTACIONESVISTA.TRANSACCIONSOL_CUENTACONTPDA,SECUENCIALCUENTACONTRAPARTIDA,int,NO,MUL,,
FBS_CAPTACIONESVISTA.TRANSACCIONSOL_CUENTACONTPDA,CONCURRENCIA,timestamp(6),YES,,CURRENT_TIMESTAMP(6),DEFAULT_GENERATED on update CURRENT_TIMESTAMP(6)
FBS_CAPTACIONESVISTA.TRANSFERENCIA,SECUENCIAL,int,NO,PRI,,auto_increment
FBS_CAPTACIONESVISTA.TRANSFERENCIA,NOMBREBENEFICIARIO,varchar(250),NO,,,
FBS_CAPTACIONESVISTA.TRANSFERENCIA,IDENTIFICACIONBENEFICIARIO,varchar(20),NO,,,
FBS_CAPTACIONESVISTA.TRANSFERENCIA,CODIGOTIPOCUENTATRANSFERENCIA,varchar(3),NO,MUL,,
FBS_CAPTACIONESVISTA.TRANSFERENCIA,SECUENCIALINSTITUCIONTRANSFER,int,NO,MUL,,
FBS_CAPTACIONESVISTA.TRANSFERENCIA,CODIGOCONCEPTOTRANSFERENCIA,varchar(5),NO,MUL,,
FBS_CAPTACIONESVISTA.TRANSFERENCIA,DETALLE,varchar(250),NO,,,
FBS_CAPTACIONESVISTA.TRANSFERENCIA,VALOR,"decimal(18,2)",NO,,,
FBS_CAPTACIONESVISTA.TRANSFERENCIA,SECUENCIALOFICINAINGRESO,int,NO,MUL,,
FBS_CAPTACIONESVISTA.TRANSFERENCIA,CODIGOUSUARIOINGRESO,varchar(25),NO,MUL,,
FBS_CAPTACIONESVISTA.TRANSFERENCIA,FECHASISTEMAINGRESO,datetime(3),NO,,,
FBS_CAPTACIONESVISTA.TRANSFERENCIA,FECHAMAQUINAINGRESO,datetime(3),NO,,,
FBS_CAPTACIONESVISTA.TRANSFERENCIA,CODIGOESTADOTRANSFERENCIA,varchar(10),NO,MUL,,
FBS_CAPTACIONESVISTA.TRANSFERENCIA,NUMEROCUENTABENEFICIARIO,varchar(40),NO,,,
FBS_CAPTACIONESVISTA.TRANSFERENCIA,NUMEROVERIFICADOR,int,NO,,,
FBS_CAPTACIONESVISTA.TRANSFERENCIA,SECUENCIALMONEDA,int,NO,MUL,1,
FBS_CAPTACIONESVISTA.TRANSFERENCIA,CONCURRENCIA,timestamp(6),YES,,CURRENT_TIMESTAMP(6),DEFAULT_GENERATED on update CURRENT_TIMESTAMP(6)
FBS_CAPTACIONESVISTA.TRANSFERENCIADOCUMENTODIGITAL,SECUENCIAL,int,NO,PRI,,auto_increment
FBS_CAPTACIONESVISTA.TRANSFERENCIADOCUMENTODIGITAL,SECUENCIALTRANSFERENCIA,int,NO,MUL,,
FBS_CAPTACIONESVISTA.TRANSFERENCIADOCUMENTODIGITAL,URL,longtext,NO,,,
FBS_CAPTACIONESVISTA.TRANSFERENCIADOCUMENTODIGITAL,ESTAACTIVO,tinyint unsigned,NO,,,
FBS_CAPTACIONESVISTA.TRANSFERENCIADOCUMENTODIGITAL,NUMEROVERIFICADOR,int,NO,,,
FBS_CAPTACIONESVISTA.TRANSFERENCIADOCUMENTODIGITAL,CONCURRENCIA,timestamp(6),YES,,CURRENT_TIMESTAMP(6),DEFAULT_GENERATED on update CURRENT_TIMESTAMP(6)
FBS_CAPTACIONESVISTA.TRANSFERENCIAENVIO,SECUENCIAL,int,NO,PRI,,auto_increment
FBS_CAPTACIONESVISTA.TRANSFERENCIAENVIO,SECUENCIALTRANSFERENCIA,int,NO,MUL,,
FBS_CAPTACIONESVISTA.TRANSFERENCIAENVIO,SECUENCIALENVIO,int,NO,MUL,,
FBS_CAPTACIONESVISTA.TRANSFERENCIAENVIO,CODIGOESTADOTRANSFERENCIA,varchar(10),NO,,,
FBS_CAPTACIONESVISTA.TRANSFERENCIAENVIO,DETALLE,varchar(500),NO,,,
FBS_CAPTACIONESVISTA.TRANSFERENCIAENVIO,CONCURRENCIA,timestamp(6),YES,,CURRENT_TIMESTAMP(6),DEFAULT_GENERATED on update CURRENT_TIMESTAMP(6)
FBS_CAPTACIONESVISTA.TRANSFERENCIAENVIOCONFIRMACION,SECUENCIALTRANSFERENCIAENVIO,int,NO,PRI,,
FBS_CAPTACIONESVISTA.TRANSFERENCIAENVIOCONFIRMACION,DOCUMENTO,varchar(50),NO,,,
FBS_CAPTACIONESVISTA.TRANSFERENCIAENVIOCONFIRMACION,CODIGOESTADOFINALORDENPAGOBCE,varchar(5),NO,,,
FBS_CAPTACIONESVISTA.TRANSFERENCIAENVIOCONFIRMACION,CONCURRENCIA,timestamp(6),YES,,CURRENT_TIMESTAMP(6),DEFAULT_GENERATED on update CURRENT_TIMESTAMP(6)
FBS_CAPTACIONESVISTA.TRANSFERENCIA_CAUSAL,SECUENCIALTRANSFERENCIA,int,NO,PRI,,
FBS_CAPTACIONESVISTA.TRANSFERENCIA_CAUSAL,SECUENCIALCAUSAL,int,NO,MUL,,
FBS_CAPTACIONESVISTA.TRANSFERENCIA_CAUSAL,DOCUMENTOINSTITUCIONAL,varchar(100),NO,,,
FBS_CAPTACIONESVISTA.TRANSFERENCIA_CAUSAL,ESTRANSFERENCIAENTREBANCOS,tinyint unsigned,NO,,,
FBS_CAPTACIONESVISTA.TRANSFERENCIA_CAUSAL,CONCURRENCIA,timestamp(6),YES,,CURRENT_TIMESTAMP(6),DEFAULT_GENERATED on update CURRENT_TIMESTAMP(6)
FBS_CAPTACIONESVISTA.TRANSFERENCIA_CAUSALCOMISION,SECUENCIALTRANSFERENCIA,int,NO,PRI,,
FBS_CAPTACIONESVISTA.TRANSFERENCIA_CAUSALCOMISION,SECUENCIALCAUSAL,int,NO,MUL,,
FBS_CAPTACIONESVISTA.TRANSFERENCIA_CAUSALCOMISION,VALORCOMISION,"decimal(18,2)",NO,,,
FBS_CAPTACIONESVISTA.TRANSFERENCIA_CAUSALCOMISION,CONCURRENCIA,timestamp(6),YES,,CURRENT_TIMESTAMP(6),DEFAULT_GENERATED on update CURRENT_TIMESTAMP(6)
FBS_CAPTACIONESVISTA.TRANSFERENCIA_CAUSAL_AUXILIAR,SECUENCIALTRANSFERENCIACAUSAL,int,NO,PRI,,
FBS_CAPTACIONESVISTA.TRANSFERENCIA_CAUSAL_AUXILIAR,SECUENCIALAUXILIAR,int,NO,MUL,,
FBS_CAPTACIONESVISTA.TRANSFERENCIA_CAUSAL_AUXILIAR,CONCURRENCIA,timestamp(6),YES,,CURRENT_TIMESTAMP(6),DEFAULT_GENERATED on update CURRENT_TIMESTAMP(6)
FBS_CAPTACIONESVISTA.TRANSFERENCIA_CAUSAL_CAUSALBCO,SECUENCIALTRANSFERENCIA,int,NO,PRI,,
FBS_CAPTACIONESVISTA.TRANSFERENCIA_CAUSAL_CAUSALBCO,SECUENCIALCAUSAL,int,NO,MUL,,
FBS_CAPTACIONESVISTA.TRANSFERENCIA_CAUSAL_CAUSALBCO,SECUENCIALAUXILIAR,int,NO,,,
FBS_CAPTACIONESVISTA.TRANSFERENCIA_CAUSAL_CAUSALBCO,CONCURRENCIA,timestamp(6),YES,,CURRENT_TIMESTAMP(6),DEFAULT_GENERATED on update CURRENT_TIMESTAMP(6)
FBS_CAPTACIONESVISTA.TRANSFERENCIA_CUENTA,SECUENCIALTRANSFERENCIA,int,NO,PRI,,
FBS_CAPTACIONESVISTA.TRANSFERENCIA_CUENTA,SECUENCIALCUENTADEBITO,int,NO,MUL,,
FBS_CAPTACIONESVISTA.TRANSFERENCIA_CUENTA,CONCURRENCIA,timestamp(6),YES,,CURRENT_TIMESTAMP(6),DEFAULT_GENERATED on update CURRENT_TIMESTAMP(6)
FBS_CAPTACIONESVISTA.TRANSFERENCIA_DPF,SECUENCIAL,int,NO,PRI,,auto_increment
FBS_CAPTACIONESVISTA.TRANSFERENCIA_DPF,SECUENCIALDEPOSITOCOMPPLAZO,int,NO,MUL,,
FBS_CAPTACIONESVISTA.TRANSFERENCIA_DPF,SECUENCIALTRANSFERENCIA,int,NO,MUL,,
FBS_CAPTACIONESVISTA.TRANSFERENCIA_DPF,CONCURRENCIA,timestamp(6),YES,,CURRENT_TIMESTAMP(6),DEFAULT_GENERATED on update CURRENT_TIMESTAMP(6)
FBS_CAPTACIONESVISTA.TRANSFERENCIA_MOVIMIENTODEBITO,SECUENCIALTRANSFERENCIA,int,NO,PRI,,
FBS_CAPTACIONESVISTA.TRANSFERENCIA_MOVIMIENTODEBITO,DOCUMENTODEBITO,varchar(100),NO,,,
FBS_CAPTACIONESVISTA.TRANSFERENCIA_MOVIMIENTODEBITO,DOCUMENTODEBITOCOMISION,varchar(100),NO,,,
FBS_CAPTACIONESVISTA.TRANSFERENCIA_MOVIMIENTODEBITO,CONCURRENCIA,timestamp(6),YES,,CURRENT_TIMESTAMP(6),DEFAULT_GENERATED on update CURRENT_TIMESTAMP(6)
FBS_CAPTACIONESVISTA.TRANSFERENCIA_SOLICITANTE,SECUENCIALTRANSFERENCIA,int,NO,PRI,,
FBS_CAPTACIONESVISTA.TRANSFERENCIA_SOLICITANTE,NOMBRE,varchar(200),NO,,,
FBS_CAPTACIONESVISTA.TRANSFERENCIA_SOLICITANTE,IDENTIFICACION,varchar(20),NO,,,
FBS_CAPTACIONESVISTA.TRANSFERENCIA_SOLICITANTE,CIUDAD,varchar(50),NO,,,
FBS_CAPTACIONESVISTA.TRANSFERENCIA_SOLICITANTE,DIRECCION,varchar(200),NO,,,
FBS_CAPTACIONESVISTA.TRANSFERENCIA_SOLICITANTE,TELEFONO,varchar(50),NO,,,
FBS_CAPTACIONESVISTA.TRANSFERENCIA_SOLICITANTE,CONCURRENCIA,timestamp(6),YES,,CURRENT_TIMESTAMP(6),DEFAULT_GENERATED on update CURRENT_TIMESTAMP(6)
FBS_CAPTACIONESVISTA.VENTANILLACOMPARTIDA,CODIGO,varchar(40),NO,PRI,,
FBS_CAPTACIONESVISTA.VENTANILLACOMPARTIDA,CODIGOUSUARIOAFECTA,varchar(25),NO,MUL,,
FBS_CAPTACIONESVISTA.VENTANILLACOMPARTIDA,ESTAACTIVO,tinyint unsigned,NO,,,
FBS_CAPTACIONESVISTA.VENTANILLACOMPARTIDA,NUMEROVERIFICADOR,int,NO,,,
FBS_CAPTACIONESVISTA.VENTANILLACOMPARTIDA,CONCURRENCIA,timestamp(6),YES,,CURRENT_TIMESTAMP(6),DEFAULT_GENERATED on update CURRENT_TIMESTAMP(6)
