Table,Column Name,Data Type,Nullable,Key,Default,Extra
FBS_CONTABILIDADES.ABONOMOVCOMPCTBLECUENTAPORCONCILIAR,SECUENCIAL,int,NO,PRI,,auto_increment
FBS_CONTABILIDADES.ABONOMOVCOMPCTBLECUENTAPORCONCILIAR,SECUENCIALMOVCUENTAPORCONCILIAR,int,NO,MUL,,
FBS_CONTABILIDADES.ABONOMOVCOMPCTBLECUENTAPORCONCILIAR,VALOR,"decimal(18,2)",NO,,,
FBS_CONTABILIDADES.ABONOMOVCOMPCTBLECUENTAPORCONCILIAR,CODIGOUSUARIO,varchar(25),NO,MUL,,
FBS_CONTABILIDADES.ABONOMOVCOMPCTBLECUENTAPORCONCILIAR,FECHASISTEMA,datetime(3),NO,,,
FBS_CONTABILIDADES.ABONOMOVCOMPCTBLECUENTAPORCONCILIAR,FECHAMAQUINA,datetime(3),NO,,,
FBS_CONTABILIDADES.ABONOMOVCOMPCTBLECUENTAPORCONCILIAR,NUMEROVERIFICADOR,int,NO,,,
FBS_CONTABILIDADES.ABONOMOVCOMPCTBLECUENTAPORCONCILIAR,CONCURRENCIA,timestamp(6),YES,,CURRENT_TIMESTAMP(6),DEFAULT_GENERATED on update CURRENT_TIMESTAMP(6)
FBS_CONTABILIDADES.ACTIVODIFERIDO,SECUENCIAL,int,NO,PRI,,auto_increment
FBS_CONTABILIDADES.ACTIVODIFERIDO,NOMBRE,varchar(250),NO,,,
FBS_CONTABILIDADES.ACTIVODIFERIDO,SECCUENTACBLECOMPRA,int,NO,MUL,,
FBS_CONTABILIDADES.ACTIVODIFERIDO,OBSERVACION,varchar(250),NO,,,
FBS_CONTABILIDADES.ACTIVODIFERIDO,ESTAACTIVA,tinyint unsigned,NO,,,
FBS_CONTABILIDADES.ACTIVODIFERIDO,NUMEROVERIFICADOR,int,NO,,,
FBS_CONTABILIDADES.ACTIVODIFERIDO,CONCURRENCIA,timestamp(6),YES,,CURRENT_TIMESTAMP(6),DEFAULT_GENERATED on update CURRENT_TIMESTAMP(6)
FBS_CONTABILIDADES.ACTIVODIFERIDO_AUXCTBLECOMPRA,SECUENCIALACTIVODIFERIDO,int,NO,PRI,,
FBS_CONTABILIDADES.ACTIVODIFERIDO_AUXCTBLECOMPRA,SECUENCIALAUXILIARCONTABLE,int,NO,MUL,,
FBS_CONTABILIDADES.ACTIVODIFERIDO_AUXCTBLECOMPRA,CONCURRENCIA,timestamp(6),YES,,CURRENT_TIMESTAMP(6),DEFAULT_GENERATED on update CURRENT_TIMESTAMP(6)
FBS_CONTABILIDADES.ACTIVODIFERIDO_AUXCTBLEORDACRE,SECUENCIALACTIVODIFERIDO,int,NO,PRI,,
FBS_CONTABILIDADES.ACTIVODIFERIDO_AUXCTBLEORDACRE,SECUENCIALAUXILIARCONTABLE,int,NO,MUL,,
FBS_CONTABILIDADES.ACTIVODIFERIDO_AUXCTBLEORDACRE,CONCURRENCIA,timestamp(6),YES,,CURRENT_TIMESTAMP(6),DEFAULT_GENERATED on update CURRENT_TIMESTAMP(6)
FBS_CONTABILIDADES.ACTIVODIFERIDO_AUXCTBLEORDDEU,SECUENCIALACTIVODIFERIDO,int,NO,PRI,,
FBS_CONTABILIDADES.ACTIVODIFERIDO_AUXCTBLEORDDEU,SECUENCIALAUXILIARCONTABLE,int,NO,MUL,,
FBS_CONTABILIDADES.ACTIVODIFERIDO_AUXCTBLEORDDEU,CONCURRENCIA,timestamp(6),YES,,CURRENT_TIMESTAMP(6),DEFAULT_GENERATED on update CURRENT_TIMESTAMP(6)
FBS_CONTABILIDADES.ACTIVODIFERIDO_CUENTASORDEN,SECUENCIALACTIVODIFERIDO,int,NO,PRI,,
FBS_CONTABILIDADES.ACTIVODIFERIDO_CUENTASORDEN,SECCUENTACBLEORDENDEUDORA,int,NO,MUL,,
FBS_CONTABILIDADES.ACTIVODIFERIDO_CUENTASORDEN,SECCUENTACBLEORDENACREEDORA,int,NO,MUL,,
FBS_CONTABILIDADES.ACTIVODIFERIDO_CUENTASORDEN,CONCURRENCIA,timestamp(6),YES,,CURRENT_TIMESTAMP(6),DEFAULT_GENERATED on update CURRENT_TIMESTAMP(6)
FBS_CONTABILIDADES.ACUMULADOR,SECUENCIAL,int,NO,PRI,,auto_increment
FBS_CONTABILIDADES.ACUMULADOR,SECUENCIALREPORTEADOR,int,NO,MUL,,
FBS_CONTABILIDADES.ACUMULADOR,TITULO,varchar(50),NO,,,
FBS_CONTABILIDADES.ACUMULADOR,NUMEROVERIFICADOR,int,NO,,,
FBS_CONTABILIDADES.ACUMULADOR,CONCURRENCIA,timestamp(6),YES,,CURRENT_TIMESTAMP(6),DEFAULT_GENERATED on update CURRENT_TIMESTAMP(6)
FBS_CONTABILIDADES.ANEXOREGCOMCAJCHICA_IMPUESTOIGV,SECUENCIALANEREGCOMCAJCHICA,int,NO,PRI,,
FBS_CONTABILIDADES.ANEXOREGCOMCAJCHICA_IMPUESTOIGV,SECUENCIALRETENCIONIGV,int,NO,MUL,,
FBS_CONTABILIDADES.ANEXOREGCOMCAJCHICA_IMPUESTOIGV,ESSERVICIOS,tinyint unsigned,NO,,,
FBS_CONTABILIDADES.ANEXOREGCOMCAJCHICA_IMPUESTOIGV,MONTOIMPUESTO,"decimal(18,2)",NO,,,
FBS_CONTABILIDADES.ANEXOREGCOMCAJCHICA_IMPUESTOIGV,PORCENTAJEIMPUESTO,"decimal(18,2)",NO,,,
FBS_CONTABILIDADES.ANEXOREGCOMCAJCHICA_IMPUESTOIGV,CONCURRENCIA,timestamp(6),YES,,CURRENT_TIMESTAMP(6),DEFAULT_GENERATED on update CURRENT_TIMESTAMP(6)
FBS_CONTABILIDADES.ANEXOREGCOMCAJCHICA_IMPUESTORENTA,SECUENCIALANEREGCOMCAJCHICA,int,NO,PRI,,
FBS_CONTABILIDADES.ANEXOREGCOMCAJCHICA_IMPUESTORENTA,CODIGOTIPORETENCION,varchar(5),NO,MUL,,
FBS_CONTABILIDADES.ANEXOREGCOMCAJCHICA_IMPUESTORENTA,PORCENTAJEIMPUESTORENTA,"decimal(18,2)",NO,,,
FBS_CONTABILIDADES.ANEXOREGCOMCAJCHICA_IMPUESTORENTA,MONTORETENCIONRENTA,"decimal(18,2)",NO,,,
FBS_CONTABILIDADES.ANEXOREGCOMCAJCHICA_IMPUESTORENTA,ISRPERCIBIDOCOMPRAS,"decimal(18,2)",NO,,,
FBS_CONTABILIDADES.ANEXOREGCOMCAJCHICA_IMPUESTORENTA,CONCURRENCIA,timestamp(6),YES,,CURRENT_TIMESTAMP(6),DEFAULT_GENERATED on update CURRENT_TIMESTAMP(6)
FBS_CONTABILIDADES.ANEXOREGCOMCAJCHICA_PAGOEXTERIOR,SECUENCIALANEREGCOMCAJCHICA,int,NO,PRI,,
FBS_CONTABILIDADES.ANEXOREGCOMCAJCHICA_PAGOEXTERIOR,CODIGOPAISDESTINO,varchar(10),NO,MUL,,
FBS_CONTABILIDADES.ANEXOREGCOMCAJCHICA_PAGOEXTERIOR,CODIGOTIPOSERVICIO,varchar(5),NO,MUL,,
FBS_CONTABILIDADES.ANEXOREGCOMCAJCHICA_PAGOEXTERIOR,ESPARTERELACIONADA,tinyint unsigned,NO,,,
FBS_CONTABILIDADES.ANEXOREGCOMCAJCHICA_PAGOEXTERIOR,CONCURRENCIA,timestamp(6),YES,,CURRENT_TIMESTAMP(6),DEFAULT_GENERATED on update CURRENT_TIMESTAMP(6)
FBS_CONTABILIDADES.ANEXOREGISTROCOMPRASCAJACHICA,SECUENCIAL,int,NO,PRI,,auto_increment
FBS_CONTABILIDADES.ANEXOREGISTROCOMPRASCAJACHICA,SECUENCIALMOVIMIENTOCAJACHICA,int,NO,MUL,,
FBS_CONTABILIDADES.ANEXOREGISTROCOMPRASCAJACHICA,SECUENCIALOFICINA,int,NO,MUL,,
FBS_CONTABILIDADES.ANEXOREGISTROCOMPRASCAJACHICA,SECUENCIALMONEDA,int,NO,MUL,,
FBS_CONTABILIDADES.ANEXOREGISTROCOMPRASCAJACHICA,CODIGOTIPODOCUMENTOCOMPRA,varchar(5),NO,MUL,,
FBS_CONTABILIDADES.ANEXOREGISTROCOMPRASCAJACHICA,CODIGOPRODUCTOCOMPRA,varchar(5),NO,MUL,,
FBS_CONTABILIDADES.ANEXOREGISTROCOMPRASCAJACHICA,CODIGOFORMADEPAGOCOMPRAS,varchar(5),NO,MUL,,
FBS_CONTABILIDADES.ANEXOREGISTROCOMPRASCAJACHICA,TIPOCAMBIO,"decimal(18,3)",NO,,,
FBS_CONTABILIDADES.ANEXOREGISTROCOMPRASCAJACHICA,SECUENCIALPROVEEDOR,int,NO,MUL,,
FBS_CONTABILIDADES.ANEXOREGISTROCOMPRASCAJACHICA,NUMEROFACTURA,varchar(50),NO,,,
FBS_CONTABILIDADES.ANEXOREGISTROCOMPRASCAJACHICA,NCF,varchar(50),NO,,,
FBS_CONTABILIDADES.ANEXOREGISTROCOMPRASCAJACHICA,DOCUMENTOMODIFICADO,varchar(50),NO,,,
FBS_CONTABILIDADES.ANEXOREGISTROCOMPRASCAJACHICA,FECHACOMPROBANTE,datetime(3),NO,,,
FBS_CONTABILIDADES.ANEXOREGISTROCOMPRASCAJACHICA,FECHAPAGO,datetime(3),NO,,,
FBS_CONTABILIDADES.ANEXOREGISTROCOMPRASCAJACHICA,FECHAMAQUINAINGRESO,datetime(3),NO,,,
FBS_CONTABILIDADES.ANEXOREGISTROCOMPRASCAJACHICA,FECHASISTEMAINGRESO,datetime(3),NO,,,
FBS_CONTABILIDADES.ANEXOREGISTROCOMPRASCAJACHICA,ESBIENES,tinyint unsigned,NO,,,
FBS_CONTABILIDADES.ANEXOREGISTROCOMPRASCAJACHICA,ESSERVICIO,tinyint unsigned,NO,,,
FBS_CONTABILIDADES.ANEXOREGISTROCOMPRASCAJACHICA,MONTOFACTURADOSERVICIOS,"decimal(18,2)",NO,,,
FBS_CONTABILIDADES.ANEXOREGISTROCOMPRASCAJACHICA,MONTOFACTURADOBIENES,"decimal(18,2)",NO,,,
FBS_CONTABILIDADES.ANEXOREGISTROCOMPRASCAJACHICA,TOTALMONTOFACTURADO,"decimal(18,2)",NO,,,
FBS_CONTABILIDADES.ANEXOREGISTROCOMPRASCAJACHICA,ITBISFACTURADO,"decimal(18,2)",NO,,,
FBS_CONTABILIDADES.ANEXOREGISTROCOMPRASCAJACHICA,ITBISRETENIDO,"decimal(18,2)",NO,,,
FBS_CONTABILIDADES.ANEXOREGISTROCOMPRASCAJACHICA,ITBISPROPORSIONALIDAD,"decimal(18,2)",NO,,,
FBS_CONTABILIDADES.ANEXOREGISTROCOMPRASCAJACHICA,ITBISLLEVADOALCOSTO,"decimal(18,2)",NO,,,
FBS_CONTABILIDADES.ANEXOREGISTROCOMPRASCAJACHICA,ITBISPORADELANTAR,"decimal(18,2)",NO,,,
FBS_CONTABILIDADES.ANEXOREGISTROCOMPRASCAJACHICA,ITBISPERCIBIDOCOMPRAS,"decimal(18,2)",NO,,,
FBS_CONTABILIDADES.ANEXOREGISTROCOMPRASCAJACHICA,MONTOPROPINALEGAL,"decimal(18,2)",NO,,,
FBS_CONTABILIDADES.ANEXOREGISTROCOMPRASCAJACHICA,IMPUESTOSELECTIVO,"decimal(18,2)",NO,,,
FBS_CONTABILIDADES.ANEXOREGISTROCOMPRASCAJACHICA,OTROSIMPUESTOS,"decimal(18,2)",NO,,,
FBS_CONTABILIDADES.ANEXOREGISTROCOMPRASCAJACHICA,CODIGOUSUARIOINGRESO,varchar(25),NO,MUL,,
FBS_CONTABILIDADES.ANEXOREGISTROCOMPRASCAJACHICA,PROCESADOREGISTROCOMPRAS,tinyint unsigned,NO,,,
FBS_CONTABILIDADES.ANEXOREGISTROCOMPRASCAJACHICA,CONCURRENCIA,timestamp(6),YES,,CURRENT_TIMESTAMP(6),DEFAULT_GENERATED on update CURRENT_TIMESTAMP(6)
FBS_CONTABILIDADES.ARTICULODATOSREQUERIMIENTODETALLE,CODIGO,char(10),NO,PRI,,
FBS_CONTABILIDADES.ARTICULODATOSREQUERIMIENTODETALLE,NOMBRE,varchar(50),NO,,,
FBS_CONTABILIDADES.ARTICULODATOSREQUERIMIENTODETALLE,ESTAACTIVO,tinyint,NO,,,
FBS_CONTABILIDADES.ARTICULODATOSREQUERIMIENTODETALLE,CONCURRENCIA,timestamp(6),YES,,CURRENT_TIMESTAMP(6),DEFAULT_GENERATED on update CURRENT_TIMESTAMP(6)
FBS_CONTABILIDADES.AUXILIARCONTABLE,SECUENCIAL,int,NO,PRI,,auto_increment
FBS_CONTABILIDADES.AUXILIARCONTABLE,CODIGO,char(25),NO,MUL,,
FBS_CONTABILIDADES.AUXILIARCONTABLE,NOMBRE,varchar(80),NO,,,
FBS_CONTABILIDADES.AUXILIARCONTABLE,SECUENCIALEMPRESA,int,NO,MUL,,
FBS_CONTABILIDADES.AUXILIARCONTABLE,ESTAACTIVA,tinyint unsigned,NO,,,
FBS_CONTABILIDADES.AUXILIARCONTABLE,NUMEROVERIFICADOR,int,NO,,,
FBS_CONTABILIDADES.AUXILIARCONTABLE,FECHASISTEMACREACION,datetime(3),NO,,,
FBS_CONTABILIDADES.AUXILIARCONTABLE,FECHAMAQUINACREACION,datetime(3),NO,,,
FBS_CONTABILIDADES.AUXILIARCONTABLE,CONCURRENCIA,timestamp(6),YES,,CURRENT_TIMESTAMP(6),DEFAULT_GENERATED on update CURRENT_TIMESTAMP(6)
FBS_CONTABILIDADES.AUXILIARCONTABLEOFICINA,SECUENCIAL,int,NO,PRI,,auto_increment
FBS_CONTABILIDADES.AUXILIARCONTABLEOFICINA,SECUENCIALAUXILIARCONTABLE,int,NO,MUL,,
FBS_CONTABILIDADES.AUXILIARCONTABLEOFICINA,SECUENCIALOFICINA,int,NO,MUL,,
FBS_CONTABILIDADES.AUXILIARCONTABLEOFICINA,ESTAACTIVO,tinyint unsigned,NO,,,
FBS_CONTABILIDADES.AUXILIARCONTABLEOFICINA,NUMEROVERIFICADOR,int,NO,,,
FBS_CONTABILIDADES.AUXILIARCONTABLEOFICINA,CONCURRENCIA,timestamp(6),YES,,CURRENT_TIMESTAMP(6),DEFAULT_GENERATED on update CURRENT_TIMESTAMP(6)
FBS_CONTABILIDADES.AUXILIARCONTABLE_BANCO,SECUENCIALAUXILIARCONTABLE,int,NO,PRI,,
FBS_CONTABILIDADES.AUXILIARCONTABLE_BANCO,SECUENCIALBANCO,int,NO,MUL,,
FBS_CONTABILIDADES.AUXILIARCONTABLE_BANCO,NUMEROCUENTA,varchar(20),NO,,,
FBS_CONTABILIDADES.AUXILIARCONTABLE_BANCO,CODIGOTIPODEPOSITOSBS,varchar(4),NO,MUL,,
FBS_CONTABILIDADES.AUXILIARCONTABLE_BANCO,ESTAACTIVO,tinyint unsigned,NO,,,
FBS_CONTABILIDADES.AUXILIARCONTABLE_BANCO,NUMEROVERIFICADOR,int,NO,,,
FBS_CONTABILIDADES.AUXILIARCONTABLE_BANCO,CONCURRENCIA,timestamp(6),YES,,CURRENT_TIMESTAMP(6),DEFAULT_GENERATED on update CURRENT_TIMESTAMP(6)
FBS_CONTABILIDADES.AUXILIARCONTABLE_BANCOINVCHEQUE,SECUENCIAL,int,NO,PRI,,auto_increment
FBS_CONTABILIDADES.AUXILIARCONTABLE_BANCOINVCHEQUE,SECUENCIALAUXILIARCONTABLEBANCO,int,NO,MUL,,
FBS_CONTABILIDADES.AUXILIARCONTABLE_BANCOINVCHEQUE,NUMEROCHEQUE,int,NO,,,
FBS_CONTABILIDADES.AUXILIARCONTABLE_BANCOINVCHEQUE,CODIGOESTADOCHEQUE,varchar(20),NO,,,
FBS_CONTABILIDADES.AUXILIARCONTABLE_BANCOINVCHEQUE,CODIGOUSUARIO,varchar(25),NO,MUL,,
FBS_CONTABILIDADES.AUXILIARCONTABLE_BANCOINVCHEQUE,FECHASISTEMA,datetime(3),NO,,,
FBS_CONTABILIDADES.AUXILIARCONTABLE_BANCOINVCHEQUE,FECHAMAQUINA,datetime(3),NO,,,
FBS_CONTABILIDADES.AUXILIARCONTABLE_BANCOINVCHEQUE,NUMEROVERIFICADOR,int,NO,,,
FBS_CONTABILIDADES.AUXILIARCONTABLE_BANCOINVCHEQUE,CONCURRENCIA,timestamp(6),YES,,CURRENT_TIMESTAMP(6),DEFAULT_GENERATED on update CURRENT_TIMESTAMP(6)
FBS_CONTABILIDADES.AUXILIARCONTABLE_CALIFICACION,SECUENCIALAUXILIARCONTABLE,int,NO,PRI,,
FBS_CONTABILIDADES.AUXILIARCONTABLE_CALIFICACION,FECHAINICIOCALIFICACION,datetime(3),NO,,,
FBS_CONTABILIDADES.AUXILIARCONTABLE_CALIFICACION,ESTAACTIVO,tinyint unsigned,NO,,,
FBS_CONTABILIDADES.AUXILIARCONTABLE_CALIFICACION,NUMEROVERIFICADOR,int,NO,,,
FBS_CONTABILIDADES.AUXILIARCONTABLE_CALIFICACION,CONCURRENCIA,timestamp(6),YES,,CURRENT_TIMESTAMP(6),DEFAULT_GENERATED on update CURRENT_TIMESTAMP(6)
FBS_CONTABILIDADES.AYUDAAUXILIARCONTABLE,SECUENCIAL,int,NO,PRI,,auto_increment
FBS_CONTABILIDADES.AYUDAAUXILIARCONTABLE,SECUENCIALOFICINA,int,NO,MUL,,
FBS_CONTABILIDADES.AYUDAAUXILIARCONTABLE,CODIGOCUENTACONTABLE,varchar(20),NO,,,
FBS_CONTABILIDADES.AYUDAAUXILIARCONTABLE,CODIGOAUXILIAR,char(10),NO,,,
FBS_CONTABILIDADES.AYUDAAUXILIARCONTABLE,NOMBREAUXILIAR,varchar(80),NO,,,
FBS_CONTABILIDADES.AYUDAAUXILIARCONTABLE,CONCURRENCIA,timestamp(6),YES,,CURRENT_TIMESTAMP(6),DEFAULT_GENERATED on update CURRENT_TIMESTAMP(6)
FBS_CONTABILIDADES.AYUDA_CODIGOSECDIVANTERIOR,CODIGO,varchar(40),NO,PRI,,
FBS_CONTABILIDADES.AYUDA_CODIGOSECDIVANTERIOR,SECUENCIALCUENTAANTERIOR,int,NO,MUL,,
FBS_CONTABILIDADES.AYUDA_CODIGOSECDIVANTERIOR,CONCURRENCIA,timestamp(6),YES,,CURRENT_TIMESTAMP(6),DEFAULT_GENERATED on update CURRENT_TIMESTAMP(6)
FBS_CONTABILIDADES.AYUDA_CODIGOSECDIVNUEVO,CODIGO,varchar(40),NO,PRI,,
FBS_CONTABILIDADES.AYUDA_CODIGOSECDIVNUEVO,SECUENCIALCUENTANUEVO,int,NO,MUL,,
FBS_CONTABILIDADES.AYUDA_CODIGOSECDIVNUEVO,CONCURRENCIA,timestamp(6),YES,,CURRENT_TIMESTAMP(6),DEFAULT_GENERATED on update CURRENT_TIMESTAMP(6)
FBS_CONTABILIDADES.CIERREMENSUAL,SECUENCIAL,int,NO,PRI,,auto_increment
FBS_CONTABILIDADES.CIERREMENSUAL,SECUENCIALEMPRESA,int,NO,MUL,,
FBS_CONTABILIDADES.CIERREMENSUAL,SECUENCIALMONEDA,int,NO,MUL,,
FBS_CONTABILIDADES.CIERREMENSUAL,FECHAPROCESO,datetime(3),NO,,,
FBS_CONTABILIDADES.CIERREMENSUAL,FECHASISTEMA,datetime(3),NO,,,
FBS_CONTABILIDADES.CIERREMENSUAL,FECHAMAQUINA,datetime(3),NO,,,
FBS_CONTABILIDADES.CIERREMENSUAL,CODIGOUSUARIO,varchar(25),NO,MUL,,
FBS_CONTABILIDADES.CIERREMENSUAL,CONCURRENCIA,timestamp(6),YES,,CURRENT_TIMESTAMP(6),DEFAULT_GENERATED on update CURRENT_TIMESTAMP(6)
FBS_CONTABILIDADES.CIERRENIVELACION,SECUENCIAL,int,NO,PRI,,auto_increment
FBS_CONTABILIDADES.CIERRENIVELACION,SECUENCIALEMPRESA,int,NO,MUL,,
FBS_CONTABILIDADES.CIERRENIVELACION,FECHACIERRE,datetime(3),NO,,,
FBS_CONTABILIDADES.CIERRENIVELACION,FECHASISTEMA,datetime(3),NO,,,
FBS_CONTABILIDADES.CIERRENIVELACION,FECHAMAQUINA,datetime(3),NO,,,
FBS_CONTABILIDADES.CIERRENIVELACION,CODIGOUSUARIO,varchar(25),NO,MUL,,
FBS_CONTABILIDADES.CIERRENIVELACION,CONCURRENCIA,timestamp(6),YES,,CURRENT_TIMESTAMP(6),DEFAULT_GENERATED on update CURRENT_TIMESTAMP(6)
FBS_CONTABILIDADES.COMPOSICIONPATRIMONIO,CODIGO,varchar(10),NO,PRI,,
FBS_CONTABILIDADES.COMPOSICIONPATRIMONIO,NOMBRE,varchar(100),NO,,,
FBS_CONTABILIDADES.COMPOSICIONPATRIMONIO,DESCRIPCION,varchar(500),NO,,,
FBS_CONTABILIDADES.COMPOSICIONPATRIMONIO,DETALLE,varchar(100),NO,,,
FBS_CONTABILIDADES.COMPOSICIONPATRIMONIO,PONDERADOR,"decimal(18,2)",NO,,,
FBS_CONTABILIDADES.COMPOSICIONPATRIMONIO,ESPONDERACION,tinyint unsigned,NO,,,
FBS_CONTABILIDADES.COMPOSICIONPATRIMONIO,SIGLAS,varchar(10),NO,,,
FBS_CONTABILIDADES.COMPOSICIONPATRIMONIO,ESTOTALIZADOR,tinyint unsigned,NO,,,
FBS_CONTABILIDADES.COMPOSICIONPATRIMONIO,ESTAACTIVO,tinyint unsigned,NO,,,
FBS_CONTABILIDADES.COMPOSICIONPATRIMONIO,NUMEROVERIFICADOR,int,NO,,,
FBS_CONTABILIDADES.COMPOSICIONPATRIMONIO,CONCURRENCIA,timestamp(6),YES,,CURRENT_TIMESTAMP(6),DEFAULT_GENERATED on update CURRENT_TIMESTAMP(6)
FBS_CONTABILIDADES.COMPROBANTECBLECUENTACBLEAMORTIZA,SECUENCIAL,int,NO,PRI,,auto_increment
FBS_CONTABILIDADES.COMPROBANTECBLECUENTACBLEAMORTIZA,SECUENCIALCOMPROBANTECONTABLE,int,NO,MUL,,
FBS_CONTABILIDADES.COMPROBANTECBLECUENTACBLEAMORTIZA,SECUENCIALCUENTACONTABLEAMORTIZACION,int,NO,MUL,,
FBS_CONTABILIDADES.COMPROBANTECBLECUENTACBLEAMORTIZA,ESTAACTIVO,tinyint unsigned,NO,,,
FBS_CONTABILIDADES.COMPROBANTECBLECUENTACBLEAMORTIZA,NUMEROVERIFICADOR,int,NO,,,
FBS_CONTABILIDADES.COMPROBANTECBLECUENTACBLEAMORTIZA,CONCURRENCIA,timestamp(6),YES,,CURRENT_TIMESTAMP(6),DEFAULT_GENERATED on update CURRENT_TIMESTAMP(6)
FBS_CONTABILIDADES.COMPROBANTECBLE_COMPLEMENTO,SECUENCIALCOMPROBANTECONTABLE,int,NO,PRI,,
FBS_CONTABILIDADES.COMPROBANTECBLE_COMPLEMENTO,SECUENCIALPERSONABENEFICIARIO,int,NO,MUL,,
FBS_CONTABILIDADES.COMPROBANTECBLE_COMPLEMENTO,NOMBREBENEFICIARIO,varchar(200),NO,,,
FBS_CONTABILIDADES.COMPROBANTECBLE_COMPLEMENTO,CONCURRENCIA,timestamp(6),YES,,CURRENT_TIMESTAMP(6),DEFAULT_GENERATED on update CURRENT_TIMESTAMP(6)
FBS_CONTABILIDADES.COMPROBANTECBLE_COMPROBANTECBLE_CTAXPAGCHEQ,SECUENCIALCOMPROBATECONTABLE,int,NO,PRI,,
FBS_CONTABILIDADES.COMPROBANTECBLE_COMPROBANTECBLE_CTAXPAGCHEQ,SECUENCIALCOMPROBANTECONTABLECTAXPAGCHEQ,int,NO,PRI,,
FBS_CONTABILIDADES.COMPROBANTECBLE_COMPROBANTECBLE_CTAXPAGCHEQ,CONCURRENCIA,timestamp(6),YES,,CURRENT_TIMESTAMP(6),DEFAULT_GENERATED on update CURRENT_TIMESTAMP(6)
FBS_CONTABILIDADES.COMPROBANTECBLE_CTAXPAGCHEQ,SECUENCIALCOMPROBANTECONTABLE,int,NO,PRI,,
FBS_CONTABILIDADES.COMPROBANTECBLE_CTAXPAGCHEQ,SEGENEROCOMPROBANTEEGRESO,tinyint unsigned,NO,,,
FBS_CONTABILIDADES.COMPROBANTECBLE_CTAXPAGCHEQ,SEANULOTRANSACCION,tinyint unsigned,NO,,,
FBS_CONTABILIDADES.COMPROBANTECBLE_CTAXPAGCHEQ,NUMEROVERIFICADOR,int,NO,,,
FBS_CONTABILIDADES.COMPROBANTECBLE_CTAXPAGCHEQ,IDENTIFICACIONBENEFICIARIO,varchar(15),NO,,,
FBS_CONTABILIDADES.COMPROBANTECBLE_CTAXPAGCHEQ,NOMBREBENEFICIARIO,varchar(200),NO,,,
FBS_CONTABILIDADES.COMPROBANTECBLE_CTAXPAGCHEQ,NUMEROOPERACION,varchar(50),NO,,,
FBS_CONTABILIDADES.COMPROBANTECBLE_CTAXPAGCHEQ,MONTO,"decimal(18,2)",NO,,0.00,
FBS_CONTABILIDADES.COMPROBANTECBLE_CTAXPAGCHEQ,FECHAEMISION,datetime(3),YES,,,
FBS_CONTABILIDADES.COMPROBANTECBLE_CTAXPAGCHEQ,NUMEROCHEQUE,varchar(50),NO,,,
FBS_CONTABILIDADES.COMPROBANTECBLE_CTAXPAGCHEQ,ESTAIMPRESO,tinyint unsigned,NO,,0,
FBS_CONTABILIDADES.COMPROBANTECBLE_CTAXPAGCHEQ,CONCURRENCIA,timestamp(6),YES,,CURRENT_TIMESTAMP(6),DEFAULT_GENERATED on update CURRENT_TIMESTAMP(6)
FBS_CONTABILIDADES.COMPROBANTECONTABLE,SECUENCIAL,int,NO,PRI,,auto_increment
FBS_CONTABILIDADES.COMPROBANTECONTABLE,NUMERO,int,NO,,,
FBS_CONTABILIDADES.COMPROBANTECONTABLE,CODIGOTIPOCOMPROBANTECONTABLE,char(10),NO,MUL,,
FBS_CONTABILIDADES.COMPROBANTECONTABLE,FECHA,datetime(3),NO,MUL,,
FBS_CONTABILIDADES.COMPROBANTECONTABLE,SECUENCIALOFICINAORIGEN,int,NO,MUL,,
FBS_CONTABILIDADES.COMPROBANTECONTABLE,SECUENCIALOFICINADESTINO,int,NO,MUL,,
FBS_CONTABILIDADES.COMPROBANTECONTABLE,CONCEPTO,varchar(1000),NO,,,
FBS_CONTABILIDADES.COMPROBANTECONTABLE,SECUENCIALESTADOCOMPBTECBLE,int,NO,MUL,,
FBS_CONTABILIDADES.COMPROBANTECONTABLE,CODIGOUSUARIO,varchar(25),NO,MUL,,
FBS_CONTABILIDADES.COMPROBANTECONTABLE,FECHAPROCESO,datetime(3),NO,,,
FBS_CONTABILIDADES.COMPROBANTECONTABLE,ESTAIMPRESO,tinyint unsigned,NO,,,
FBS_CONTABILIDADES.COMPROBANTECONTABLE,SECUENCIALMONEDA,int,NO,MUL,,
FBS_CONTABILIDADES.COMPROBANTECONTABLE,COTIZACION,"decimal(9,3)",NO,,,
FBS_CONTABILIDADES.COMPROBANTECONTABLE,NUMEROVERIFICADOR,int,NO,,,
FBS_CONTABILIDADES.COMPROBANTECONTABLE,SECMIGRA,int,YES,,,
FBS_CONTABILIDADES.COMPROBANTECONTABLE,CONCURRENCIA,timestamp(6),YES,,CURRENT_TIMESTAMP(6),DEFAULT_GENERATED on update CURRENT_TIMESTAMP(6)
FBS_CONTABILIDADES.COMPROBANTECONTABLECOMPPRORRATEO,SECUENCIAL,int,NO,PRI,,auto_increment
FBS_CONTABILIDADES.COMPROBANTECONTABLECOMPPRORRATEO,SECUENCIALCOMPROBANTEORIGINAL,int,NO,MUL,,
FBS_CONTABILIDADES.COMPROBANTECONTABLECOMPPRORRATEO,SECUENCIALCOMPROBANTEOFICINA,int,NO,MUL,,
FBS_CONTABILIDADES.COMPROBANTECONTABLECOMPPRORRATEO,CONCURRENCIA,timestamp(6),YES,,CURRENT_TIMESTAMP(6),DEFAULT_GENERATED on update CURRENT_TIMESTAMP(6)
FBS_CONTABILIDADES.COMPROBANTECONTABLEETAPAUSR,SECUENCIAL,int,NO,PRI,,auto_increment
FBS_CONTABILIDADES.COMPROBANTECONTABLEETAPAUSR,SECUENCIALCOMPROBANTECONTABLE,int,NO,MUL,,
FBS_CONTABILIDADES.COMPROBANTECONTABLEETAPAUSR,SECUENCIALETAPA,int,NO,MUL,,
FBS_CONTABILIDADES.COMPROBANTECONTABLEETAPAUSR,CODIGOUSUARIO,varchar(25),NO,MUL,,
FBS_CONTABILIDADES.COMPROBANTECONTABLEETAPAUSR,COMENTARIO,varchar(800),NO,,,
FBS_CONTABILIDADES.COMPROBANTECONTABLEETAPAUSR,FECHAULTIMOCAMBIO,datetime(3),NO,,,
FBS_CONTABILIDADES.COMPROBANTECONTABLEETAPAUSR,NUMEROVERIFICADOR,int,NO,,,
FBS_CONTABILIDADES.COMPROBANTECONTABLEETAPAUSR,CONCURRENCIA,timestamp(6),YES,,CURRENT_TIMESTAMP(6),DEFAULT_GENERATED on update CURRENT_TIMESTAMP(6)
FBS_CONTABILIDADES.COMPROBANTECONTABLEIMPRESION,SECUENCIAL,int,NO,PRI,,auto_increment
FBS_CONTABILIDADES.COMPROBANTECONTABLEIMPRESION,SECUENCIALCOMPROBANTECONTABLE,int,NO,MUL,,
FBS_CONTABILIDADES.COMPROBANTECONTABLEIMPRESION,CODIGOUSUARIO,varchar(25),NO,MUL,,
FBS_CONTABILIDADES.COMPROBANTECONTABLEIMPRESION,FECHASISTEMA,datetime(3),NO,,,
FBS_CONTABILIDADES.COMPROBANTECONTABLEIMPRESION,FECHAMAQUINA,datetime(3),NO,,,
FBS_CONTABILIDADES.COMPROBANTECONTABLEIMPRESION,CONCURRENCIA,timestamp(6),YES,,CURRENT_TIMESTAMP(6),DEFAULT_GENERATED on update CURRENT_TIMESTAMP(6)
FBS_CONTABILIDADES.COMPROBANTECONTABLENUMERACIONOFICINA,SECUENCIAL,int,NO,PRI,,auto_increment
FBS_CONTABILIDADES.COMPROBANTECONTABLENUMERACIONOFICINA,SECUENCIALOFICINA,int,NO,MUL,,
FBS_CONTABILIDADES.COMPROBANTECONTABLENUMERACIONOFICINA,PERIODO,char(6),NO,,,
FBS_CONTABILIDADES.COMPROBANTECONTABLENUMERACIONOFICINA,ULTIMONUMEROCOMPROBANTECBLE,int,NO,,,
FBS_CONTABILIDADES.COMPROBANTECONTABLENUMERACIONOFICINA,NUMEROVERIFICADOR,int,NO,,,
FBS_CONTABILIDADES.COMPROBANTECONTABLENUMERACIONOFICINA,CONCURRENCIA,timestamp(6),YES,,CURRENT_TIMESTAMP(6),DEFAULT_GENERATED on update CURRENT_TIMESTAMP(6)
FBS_CONTABILIDADES.COMPROBANTECONTABLEREEMBOLSO,SECUENCIAL,int,NO,PRI,,auto_increment
FBS_CONTABILIDADES.COMPROBANTECONTABLEREEMBOLSO,SECUENCIALCOMPROBANTECONTABLE,int,NO,MUL,,
FBS_CONTABILIDADES.COMPROBANTECONTABLEREEMBOLSO,TIPOIDPROVREEMBOLSO,varchar(2),NO,,,
FBS_CONTABILIDADES.COMPROBANTECONTABLEREEMBOLSO,IDPROVREEMBOLSO,varchar(13),NO,,,
FBS_CONTABILIDADES.COMPROBANTECONTABLEREEMBOLSO,TIPOCOMPROBANTEREEMBOLSO,varchar(2),NO,,,
FBS_CONTABILIDADES.COMPROBANTECONTABLEREEMBOLSO,FECHAEMISIONREEMBOLSO,datetime(3),NO,,,
FBS_CONTABILIDADES.COMPROBANTECONTABLEREEMBOLSO,BASEIMPONIBLEREEMBOLSO,"decimal(18,2)",NO,,,
FBS_CONTABILIDADES.COMPROBANTECONTABLEREEMBOLSO,BASEIMPGRAVREEMBOLSO,"decimal(18,2)",NO,,,
FBS_CONTABILIDADES.COMPROBANTECONTABLEREEMBOLSO,MONTOIGVREEMBOLSO,"decimal(18,2)",NO,,,
FBS_CONTABILIDADES.COMPROBANTECONTABLEREEMBOLSO,BASEEXENTAIGVREEMBOLSO,"decimal(18,2)",NO,,,
FBS_CONTABILIDADES.COMPROBANTECONTABLEREEMBOLSO,ESTAACTIVO,tinyint unsigned,NO,,,
FBS_CONTABILIDADES.COMPROBANTECONTABLEREEMBOLSO,NUMEROVERIFICADOR,int,NO,,,
FBS_CONTABILIDADES.COMPROBANTECONTABLEREEMBOLSO,SERIEREEMBOLSO,varchar(4),NO,,,
FBS_CONTABILIDADES.COMPROBANTECONTABLEREEMBOLSO,NUMEROREEMBOLSO,varchar(20),NO,,,
FBS_CONTABILIDADES.COMPROBANTECONTABLEREEMBOLSO,BASEDESCREEMBOLSO,"decimal(18,2)",NO,,,
FBS_CONTABILIDADES.COMPROBANTECONTABLEREEMBOLSO,BASECARGOSREEMBOLSO,"decimal(18,2)",NO,,,
FBS_CONTABILIDADES.COMPROBANTECONTABLEREEMBOLSO,BASEIMPINACREEMBOLSO,"decimal(18,2)",NO,,,
FBS_CONTABILIDADES.COMPROBANTECONTABLEREEMBOLSO,MONTOISCREEMBOLSO,"decimal(18,2)",NO,,,
FBS_CONTABILIDADES.COMPROBANTECONTABLEREEMBOLSO,BASEOTROSCARGOSREEMBOLSO,"decimal(18,2)",NO,,,
FBS_CONTABILIDADES.COMPROBANTECONTABLEREEMBOLSO,BASEOTROSDESREEMBOLSO,"decimal(18,2)",NO,,,
FBS_CONTABILIDADES.COMPROBANTECONTABLEREEMBOLSO,BASEOTROSTRIBUREEMBOLSO,"decimal(18,2)",NO,,,
FBS_CONTABILIDADES.COMPROBANTECONTABLEREEMBOLSO,BASEPERCEPREEMBOLSO,"decimal(18,2)",NO,,,
FBS_CONTABILIDADES.COMPROBANTECONTABLEREEMBOLSO,NOMBREPROVEEDOR,varchar(50),NO,,,
FBS_CONTABILIDADES.COMPROBANTECONTABLEREEMBOLSO,SECUENCIALMONEDA,int,NO,MUL,,
FBS_CONTABILIDADES.COMPROBANTECONTABLEREEMBOLSO,CONCURRENCIA,timestamp(6),YES,,CURRENT_TIMESTAMP(6),DEFAULT_GENERATED on update CURRENT_TIMESTAMP(6)
FBS_CONTABILIDADES.COMPROBANTECONTABLERELACIONAL,SECUENCIALCOMPROBANTECONTABLE,int,NO,PRI,,
FBS_CONTABILIDADES.COMPROBANTECONTABLERELACIONAL,SECUENCIALCOMPROBANTECONTABLERELACIONADO,int,NO,MUL,,
FBS_CONTABILIDADES.COMPROBANTECONTABLERELACIONAL,NUMEROVERIFICADOR,int,NO,,,
FBS_CONTABILIDADES.COMPROBANTECONTABLERELACIONAL,ESTAACTIVO,tinyint unsigned,NO,,,
FBS_CONTABILIDADES.COMPROBANTECONTABLERELACIONAL,CONCURRENCIA,timestamp(6),YES,,CURRENT_TIMESTAMP(6),DEFAULT_GENERATED on update CURRENT_TIMESTAMP(6)
FBS_CONTABILIDADES.COMPROBANTECONTABLE_CUENTAACREDITA,SECUENCIALCOMPROBANTE,int,NO,PRI,,
FBS_CONTABILIDADES.COMPROBANTECONTABLE_CUENTAACREDITA,SECUENCIALPROVEEDOR,int,NO,MUL,,
FBS_CONTABILIDADES.COMPROBANTECONTABLE_CUENTAACREDITA,SECUENCIALCUENTAACREDITACION,int,NO,MUL,,
FBS_CONTABILIDADES.COMPROBANTECONTABLE_CUENTAACREDITA,DOCUMENTO,varchar(50),NO,,,
FBS_CONTABILIDADES.COMPROBANTECONTABLE_CUENTAACREDITA,CONCURRENCIA,timestamp(6),YES,,CURRENT_TIMESTAMP(6),DEFAULT_GENERATED on update CURRENT_TIMESTAMP(6)
FBS_CONTABILIDADES.COMPROBANTECONTABLE_CUENTA_PRORRATEO,SECUENCIAL,int,NO,PRI,,auto_increment
FBS_CONTABILIDADES.COMPROBANTECONTABLE_CUENTA_PRORRATEO,SECUENCIALCUENTACONTABLE,int,NO,MUL,,
FBS_CONTABILIDADES.COMPROBANTECONTABLE_CUENTA_PRORRATEO,SECUENCIALCOMPROBANTECONTABLE,int,NO,MUL,,
FBS_CONTABILIDADES.COMPROBANTECONTABLE_CUENTA_PRORRATEO,SECUENCIALOFICINAPRORRATEA,int,NO,MUL,,
FBS_CONTABILIDADES.COMPROBANTECONTABLE_CUENTA_PRORRATEO,PORCENTAJE,"decimal(18,4)",NO,,,
FBS_CONTABILIDADES.COMPROBANTECONTABLE_CUENTA_PRORRATEO,VALOR,"decimal(18,2)",NO,,,
FBS_CONTABILIDADES.COMPROBANTECONTABLE_CUENTA_PRORRATEO,NUMEROVERIFICADOR,int,NO,,,
FBS_CONTABILIDADES.COMPROBANTECONTABLE_CUENTA_PRORRATEO,ESTAPROCESADO,tinyint unsigned,NO,,,
FBS_CONTABILIDADES.COMPROBANTECONTABLE_CUENTA_PRORRATEO,SECUENCIALMOVIMIENTOCOMPCONT,int,NO,MUL,,
FBS_CONTABILIDADES.COMPROBANTECONTABLE_CUENTA_PRORRATEO,CONCURRENCIA,timestamp(6),YES,,CURRENT_TIMESTAMP(6),DEFAULT_GENERATED on update CURRENT_TIMESTAMP(6)
FBS_CONTABILIDADES.COMPROBANTECONTABLE_CUENTA_PRORRATEO_AREA,SECUENCIAL,int,NO,PRI,,auto_increment
FBS_CONTABILIDADES.COMPROBANTECONTABLE_CUENTA_PRORRATEO_AREA,SECUENCIALCOMPROBANTECONTABLECUENTAPRORRATEO,int,NO,MUL,,
FBS_CONTABILIDADES.COMPROBANTECONTABLE_CUENTA_PRORRATEO_AREA,SECUENCIALAREA,int,NO,MUL,,
FBS_CONTABILIDADES.COMPROBANTECONTABLE_CUENTA_PRORRATEO_AREA,VALOR,"decimal(18,2)",NO,,,
FBS_CONTABILIDADES.COMPROBANTECONTABLE_CUENTA_PRORRATEO_AREA,NUMEROVERIFICADOR,int,NO,,,
FBS_CONTABILIDADES.COMPROBANTECONTABLE_CUENTA_PRORRATEO_AREA,CONCURRENCIA,timestamp(6),YES,,CURRENT_TIMESTAMP(6),DEFAULT_GENERATED on update CURRENT_TIMESTAMP(6)
FBS_CONTABILIDADES.COMPROBANTECONTABLE_DOCAUT,SECUENCIALCOMPROBANTECONTABLE,int,NO,PRI,,
FBS_CONTABILIDADES.COMPROBANTECONTABLE_DOCAUT,DOCUMENTOAUTOMATICO,longtext,NO,,,
FBS_CONTABILIDADES.COMPROBANTECONTABLE_DOCAUT,CONCURRENCIA,timestamp(6),YES,,CURRENT_TIMESTAMP(6),DEFAULT_GENERATED on update CURRENT_TIMESTAMP(6)
FBS_CONTABILIDADES.COMPROBANTECONTABLE_DOTBOV,SECUENCIALCOMPROBANTECONTABLE,int,NO,PRI,,
FBS_CONTABILIDADES.COMPROBANTECONTABLE_DOTBOV,FECHASISTEMA,datetime(3),NO,,,
FBS_CONTABILIDADES.COMPROBANTECONTABLE_DOTBOV,CONCURRENCIA,timestamp(6),YES,,CURRENT_TIMESTAMP(6),DEFAULT_GENERATED on update CURRENT_TIMESTAMP(6)
FBS_CONTABILIDADES.COMPROBANTECONTABLE_FACTURA,SECUENCIAL,int,NO,PRI,,auto_increment
FBS_CONTABILIDADES.COMPROBANTECONTABLE_FACTURA,SECUENCIALCOMPROBANTECONTABLE,int,NO,MUL,,
FBS_CONTABILIDADES.COMPROBANTECONTABLE_FACTURA,RUCPROVEEDOR,varchar(13),NO,,,
FBS_CONTABILIDADES.COMPROBANTECONTABLE_FACTURA,SERIEFACTURA,varchar(6),NO,,,
FBS_CONTABILIDADES.COMPROBANTECONTABLE_FACTURA,SECUENCIALFACTURA,varchar(7),NO,,,
FBS_CONTABILIDADES.COMPROBANTECONTABLE_FACTURA,CONCURRENCIA,timestamp(6),YES,,CURRENT_TIMESTAMP(6),DEFAULT_GENERATED on update CURRENT_TIMESTAMP(6)
FBS_CONTABILIDADES.COMPROBANTECONTABLE_RESPALDO,SECUENCIAL,int,NO,PRI,,auto_increment
FBS_CONTABILIDADES.COMPROBANTECONTABLE_RESPALDO,NUMERO,int,NO,,,
FBS_CONTABILIDADES.COMPROBANTECONTABLE_RESPALDO,CODIGOTIPOCOMPROBANTECONTABLE,char(10),NO,MUL,,
FBS_CONTABILIDADES.COMPROBANTECONTABLE_RESPALDO,FECHA,datetime(3),NO,MUL,,
FBS_CONTABILIDADES.COMPROBANTECONTABLE_RESPALDO,SECUENCIALOFICINAORIGEN,int,NO,MUL,,
FBS_CONTABILIDADES.COMPROBANTECONTABLE_RESPALDO,SECUENCIALOFICINADESTINO,int,NO,MUL,,
FBS_CONTABILIDADES.COMPROBANTECONTABLE_RESPALDO,CONCEPTO,varchar(1000),NO,,,
FBS_CONTABILIDADES.COMPROBANTECONTABLE_RESPALDO,SECUENCIALESTADOCOMPBTECBLE,int,NO,MUL,,
FBS_CONTABILIDADES.COMPROBANTECONTABLE_RESPALDO,CODIGOUSUARIO,varchar(25),NO,MUL,,
FBS_CONTABILIDADES.COMPROBANTECONTABLE_RESPALDO,FECHAPROCESO,datetime(3),NO,,,
FBS_CONTABILIDADES.COMPROBANTECONTABLE_RESPALDO,ESTAIMPRESO,tinyint unsigned,NO,,,
FBS_CONTABILIDADES.COMPROBANTECONTABLE_RESPALDO,SECUENCIALMONEDA,int,NO,MUL,,
FBS_CONTABILIDADES.COMPROBANTECONTABLE_RESPALDO,COTIZACION,"decimal(9,3)",NO,,,
FBS_CONTABILIDADES.COMPROBANTECONTABLE_RESPALDO,NUMEROVERIFICADOR,int,NO,,,
FBS_CONTABILIDADES.COMPROBANTECONTABLE_RESPALDO,SECMIGRA,int,YES,,,
FBS_CONTABILIDADES.COMPROBANTECONTABLE_RESPALDO,CONCURRENCIA,timestamp(6),YES,,CURRENT_TIMESTAMP(6),DEFAULT_GENERATED on update CURRENT_TIMESTAMP(6)
FBS_CONTABILIDADES.COMPROBANTECONTABLE_TRANSINTER,SECUENCIALCOMPROBANTE,int,NO,PRI,,
FBS_CONTABILIDADES.COMPROBANTECONTABLE_TRANSINTER,SECUENCIALCOMPROBANTEPRINCIPAL,int,NO,MUL,,
FBS_CONTABILIDADES.COMPROBANTECONTABLE_TRANSINTER,CONCURRENCIA,timestamp(6),YES,,CURRENT_TIMESTAMP(6),DEFAULT_GENERATED on update CURRENT_TIMESTAMP(6)
FBS_CONTABILIDADES.CONCILIACIONBANCARIA,SECUENCIAL,int,NO,PRI,,auto_increment
FBS_CONTABILIDADES.CONCILIACIONBANCARIA,SECUENCIALCUENTACONTABLEBAN,int,NO,MUL,,
FBS_CONTABILIDADES.CONCILIACIONBANCARIA,ULTIMOANIOMESCONCILIADO,varchar(6),NO,,,
FBS_CONTABILIDADES.CONCILIACIONBANCARIA,NUMEROVERIFICADOR,int,NO,,,
FBS_CONTABILIDADES.CONCILIACIONBANCARIA,CONCURRENCIA,timestamp(6),YES,,CURRENT_TIMESTAMP(6),DEFAULT_GENERATED on update CURRENT_TIMESTAMP(6)
FBS_CONTABILIDADES.CONCILIACIONBANCARIA_AUXCBLE,SECUENCIALCONCILIACIONBANCARIA,int,NO,PRI,,
FBS_CONTABILIDADES.CONCILIACIONBANCARIA_AUXCBLE,SECUENCIALAUXILIARCONTABLE,int,NO,MUL,,
FBS_CONTABILIDADES.CONCILIACIONBANCARIA_AUXCBLE,CONCURRENCIA,timestamp(6),YES,,CURRENT_TIMESTAMP(6),DEFAULT_GENERATED on update CURRENT_TIMESTAMP(6)
FBS_CONTABILIDADES.CONDICIONCAMBIOMONEDAINTERNO,SECUENCIAL,int,NO,PRI,,auto_increment
FBS_CONTABILIDADES.CONDICIONCAMBIOMONEDAINTERNO,SECUENCIALMONEDAORIGEN,int,NO,MUL,,
FBS_CONTABILIDADES.CONDICIONCAMBIOMONEDAINTERNO,SECUENCIALMONEDADESTINO,int,NO,MUL,,
FBS_CONTABILIDADES.CONDICIONCAMBIOMONEDAINTERNO,SECUENCIALCUENTACONTABLE,int,NO,MUL,,
FBS_CONTABILIDADES.CONDICIONCAMBIOMONEDAINTERNO,SECUENCIALMONEDAAFECTA,int,NO,MUL,,
FBS_CONTABILIDADES.CONDICIONCAMBIOMONEDAINTERNO,ESDEUDOR,tinyint unsigned,NO,,,
FBS_CONTABILIDADES.CONDICIONCAMBIOMONEDAINTERNO,ESTAACTIVA,tinyint unsigned,NO,,,
FBS_CONTABILIDADES.CONDICIONCAMBIOMONEDAINTERNO,NUMEROVERIFICADOR,int,NO,,,
FBS_CONTABILIDADES.CONDICIONCAMBIOMONEDAINTERNO,CONCURRENCIA,timestamp(6),YES,,CURRENT_TIMESTAMP(6),DEFAULT_GENERATED on update CURRENT_TIMESTAMP(6)
FBS_CONTABILIDADES.CONDICIONTRANSFERENCIAINTERNA,SECUENCIAL,int,NO,PRI,,auto_increment
FBS_CONTABILIDADES.CONDICIONTRANSFERENCIAINTERNA,SECUENCIALOFICINAORIGEN,int,NO,MUL,,
FBS_CONTABILIDADES.CONDICIONTRANSFERENCIAINTERNA,SECUENCIALOFICINADESTINO,int,NO,MUL,,
FBS_CONTABILIDADES.CONDICIONTRANSFERENCIAINTERNA,ESDEBITO,tinyint unsigned,NO,,,
FBS_CONTABILIDADES.CONDICIONTRANSFERENCIAINTERNA,SECUENCIALCUENTACONTABLE,int,NO,MUL,,
FBS_CONTABILIDADES.CONDICIONTRANSFERENCIAINTERNA,SECUENCIALOFICINAAFECTA,int,NO,MUL,,
FBS_CONTABILIDADES.CONDICIONTRANSFERENCIAINTERNA,ESDEUDOR,tinyint unsigned,NO,,,
FBS_CONTABILIDADES.CONDICIONTRANSFERENCIAINTERNA,SECUENCIALMONEDA,int,NO,MUL,,
FBS_CONTABILIDADES.CONDICIONTRANSFERENCIAINTERNA,ESTAACTIVA,tinyint unsigned,NO,,,
FBS_CONTABILIDADES.CONDICIONTRANSFERENCIAINTERNA,NUMEROVERIFICADOR,int,NO,,,
FBS_CONTABILIDADES.CONDICIONTRANSFERENCIAINTERNA,CONCURRENCIA,timestamp(6),YES,,CURRENT_TIMESTAMP(6),DEFAULT_GENERATED on update CURRENT_TIMESTAMP(6)
FBS_CONTABILIDADES.CONTRIBUCIONDESARROLLOTELECOMUNICACIONES,CODIGO,char(5),NO,PRI,,
FBS_CONTABILIDADES.CONTRIBUCIONDESARROLLOTELECOMUNICACIONES,SECUENCIALMONEDA,int,NO,MUL,,
FBS_CONTABILIDADES.CONTRIBUCIONDESARROLLOTELECOMUNICACIONES,NOMBRE,varchar(150),NO,,,
FBS_CONTABILIDADES.CONTRIBUCIONDESARROLLOTELECOMUNICACIONES,PORCENTAJE,"decimal(9,2)",NO,,,
FBS_CONTABILIDADES.CONTRIBUCIONDESARROLLOTELECOMUNICACIONES,CONTABILIZACUENTAINDEPENDIENTE,tinyint unsigned,NO,,,
FBS_CONTABILIDADES.CONTRIBUCIONDESARROLLOTELECOMUNICACIONES,ESTAACTIVO,bigint,NO,,,
FBS_CONTABILIDADES.CONTRIBUCIONDESARROLLOTELECOMUNICACIONES,CONCURRENCIA,timestamp(6),YES,,CURRENT_TIMESTAMP(6),DEFAULT_GENERATED on update CURRENT_TIMESTAMP(6)
FBS_CONTABILIDADES.CONTRIBUCIONDESARROLLOTELECOM_CUENTACONTABLE,CODIGOCONTRIBUCIONDESARROLLOTELECOMUNICACIONES,char(5),NO,PRI,,
FBS_CONTABILIDADES.CONTRIBUCIONDESARROLLOTELECOM_CUENTACONTABLE,SECUENCIALCUENTACONTABLE,int,NO,MUL,,
FBS_CONTABILIDADES.CONTRIBUCIONDESARROLLOTELECOM_CUENTACONTABLE,CONCURRENCIA,timestamp(6),YES,,CURRENT_TIMESTAMP(6),DEFAULT_GENERATED
FBS_CONTABILIDADES.COTIZACION,SECUENCIAL,int,NO,PRI,,auto_increment
FBS_CONTABILIDADES.COTIZACION,SECUENCIALREQUERIMIENTO,int,NO,MUL,,
FBS_CONTABILIDADES.COTIZACION,SECUENCIALPROVEEDOR,int,NO,MUL,,
FBS_CONTABILIDADES.COTIZACION,FECHAENTREGA,datetime(3),NO,,,
FBS_CONTABILIDADES.COTIZACION,FECHAVALIDEZ,datetime(3),NO,,,
FBS_CONTABILIDADES.COTIZACION,CONIGV,tinyint unsigned,NO,,,
FBS_CONTABILIDADES.COTIZACION,CONTRANSPORTE,tinyint unsigned,NO,,,
FBS_CONTABILIDADES.COTIZACION,CONDICIONESDEPAGO,varchar(100),NO,,,
FBS_CONTABILIDADES.COTIZACION,PRECIOTOTAL,"decimal(18,2)",NO,,,
FBS_CONTABILIDADES.COTIZACION,ESTAPROCESADO,tinyint unsigned,NO,,,
FBS_CONTABILIDADES.COTIZACION,ESTAGENERADO,tinyint unsigned,NO,,,
FBS_CONTABILIDADES.COTIZACION,CODIGOUSUARIOINGRESO,varchar(25),NO,MUL,,
FBS_CONTABILIDADES.COTIZACION,FECHASISTEMAINGRESO,datetime(3),NO,,,
FBS_CONTABILIDADES.COTIZACION,FECHAMAQUINAINGRESO,datetime(3),NO,,,
FBS_CONTABILIDADES.COTIZACION,NUMEROVERIFICADOR,int,NO,,,
FBS_CONTABILIDADES.COTIZACION,SECUENCIALMONEDA,int,NO,MUL,,
FBS_CONTABILIDADES.COTIZACION,NUMEROCOTIZACION,varchar(20),NO,,,
FBS_CONTABILIDADES.COTIZACION,VENDEDOR,varchar(50),NO,,,
FBS_CONTABILIDADES.COTIZACION,PRIMERSUBTOTAL,"decimal(18,2)",NO,,0.00,
FBS_CONTABILIDADES.COTIZACION,DESCUENTO,"decimal(18,2)",NO,,0.00,
FBS_CONTABILIDADES.COTIZACION,SEGUNDOSUBTOTAL,"decimal(18,2)",NO,,0.00,
FBS_CONTABILIDADES.COTIZACION,ITBIS,"decimal(18,2)",NO,,0.00,
FBS_CONTABILIDADES.COTIZACION,TRANSPORTE,"decimal(18,2)",NO,,0.00,
FBS_CONTABILIDADES.COTIZACION,OBSERVACION,varchar(300),NO,,,
FBS_CONTABILIDADES.COTIZACION,RESUMENCOTIZACION,varchar(300),NO,,,
FBS_CONTABILIDADES.COTIZACION,CONCURRENCIA,timestamp(6),YES,,CURRENT_TIMESTAMP(6),DEFAULT_GENERATED on update CURRENT_TIMESTAMP(6)
FBS_CONTABILIDADES.COTIZACIONDOCUMENTODIGITAL,SECUENCIAL,int,NO,PRI,,auto_increment
FBS_CONTABILIDADES.COTIZACIONDOCUMENTODIGITAL,SECUENCIALCOTIZACION,int,NO,MUL,,
FBS_CONTABILIDADES.COTIZACIONDOCUMENTODIGITAL,URL,longtext,NO,,,
FBS_CONTABILIDADES.COTIZACIONDOCUMENTODIGITAL,ESTAACTIVO,tinyint unsigned,NO,,,
FBS_CONTABILIDADES.COTIZACIONDOCUMENTODIGITAL,NUMEROVERIFICADOR,int,NO,,,
FBS_CONTABILIDADES.COTIZACIONDOCUMENTODIGITAL,CONCURRENCIA,timestamp(6),YES,,CURRENT_TIMESTAMP(6),DEFAULT_GENERATED on update CURRENT_TIMESTAMP(6)
FBS_CONTABILIDADES.COTIZACIONREQUERIMIENTODETALLE,SECUENCIAL,int,NO,PRI,,auto_increment
FBS_CONTABILIDADES.COTIZACIONREQUERIMIENTODETALLE,SECUENCIALCOTIZACION,int,NO,MUL,,
FBS_CONTABILIDADES.COTIZACIONREQUERIMIENTODETALLE,SECUENCIALREQUERIMIENTODETALLE,int,NO,MUL,,
FBS_CONTABILIDADES.COTIZACIONREQUERIMIENTODETALLE,DESCRIPCION,varchar(500),NO,,,
FBS_CONTABILIDADES.COTIZACIONREQUERIMIENTODETALLE,CODIGOTIPOUNIDADMEDIDA,varchar(5),NO,MUL,,
FBS_CONTABILIDADES.COTIZACIONREQUERIMIENTODETALLE,CODIGOARTICULO,char(10),YES,,,
FBS_CONTABILIDADES.COTIZACIONREQUERIMIENTODETALLE,MARCA,varchar(100),NO,,,
FBS_CONTABILIDADES.COTIZACIONREQUERIMIENTODETALLE,CANTIDAD,int,NO,,,
FBS_CONTABILIDADES.COTIZACIONREQUERIMIENTODETALLE,PRECIOUNITARIO,"decimal(18,2)",NO,,,
FBS_CONTABILIDADES.COTIZACIONREQUERIMIENTODETALLE,PORCENTAJEDESCUENTO,"decimal(18,2)",NO,,0.00,
FBS_CONTABILIDADES.COTIZACIONREQUERIMIENTODETALLE,DESCUENTO,"decimal(18,2)",NO,,0.00,
FBS_CONTABILIDADES.COTIZACIONREQUERIMIENTODETALLE,PORCENTAJEITBIS,"decimal(18,2)",NO,,0.00,
FBS_CONTABILIDADES.COTIZACIONREQUERIMIENTODETALLE,ITBIS,"decimal(18,2)",NO,,0.00,
FBS_CONTABILIDADES.COTIZACIONREQUERIMIENTODETALLE,APROBADO,tinyint unsigned,NO,,,
FBS_CONTABILIDADES.COTIZACIONREQUERIMIENTODETALLE,CONCURRENCIA,timestamp(6),YES,,CURRENT_TIMESTAMP(6),DEFAULT_GENERATED on update CURRENT_TIMESTAMP(6)
FBS_CONTABILIDADES.CUADRETRANSFERENCIAINTERNA,SECUENCIAL,int,NO,PRI,,auto_increment
FBS_CONTABILIDADES.CUADRETRANSFERENCIAINTERNA,SECUENCIALCUENTACONTABLE19,int,NO,MUL,,
FBS_CONTABILIDADES.CUADRETRANSFERENCIAINTERNA,SECUENCIALCUENTACONTABLE29,int,NO,MUL,,
FBS_CONTABILIDADES.CUADRETRANSFERENCIAINTERNA,SECUENCIALOFICINAORIGEN19,int,NO,MUL,,
FBS_CONTABILIDADES.CUADRETRANSFERENCIAINTERNA,SECUENCIALOFICINARELACIONADA19,int,NO,MUL,,
FBS_CONTABILIDADES.CUADRETRANSFERENCIAINTERNA,SALDO19,"decimal(18,2)",NO,,,
FBS_CONTABILIDADES.CUADRETRANSFERENCIAINTERNA,SALDO29,"decimal(18,2)",NO,,,
FBS_CONTABILIDADES.CUADRETRANSFERENCIAINTERNA,FECHACUADRE,datetime(3),NO,,,
FBS_CONTABILIDADES.CUADRETRANSFERENCIAINTERNA,FECHASISTEMA,datetime(3),NO,,,
FBS_CONTABILIDADES.CUADRETRANSFERENCIAINTERNA,CODIGOUSUARIOGENERA,varchar(25),NO,MUL,,
FBS_CONTABILIDADES.CUADRETRANSFERENCIAINTERNA,SECUENCIALMONEDA,int,NO,MUL,1,
FBS_CONTABILIDADES.CUADRETRANSFERENCIAINTERNA,SALDO19MONEDAEXTRANJERA,"decimal(18,2)",NO,,,
FBS_CONTABILIDADES.CUADRETRANSFERENCIAINTERNA,SALDO29MONEDAEXTRANJERA,"decimal(18,2)",NO,,,
FBS_CONTABILIDADES.CUADRETRANSFERENCIAINTERNA,CONCURRENCIA,timestamp(6),YES,,CURRENT_TIMESTAMP(6),DEFAULT_GENERATED on update CURRENT_TIMESTAMP(6)
FBS_CONTABILIDADES.CUENTACONTABLE,SECUENCIALDIVISION,int,NO,PRI,,
FBS_CONTABILIDADES.CUENTACONTABLE,ESDEUDORA,tinyint unsigned,NO,,,
FBS_CONTABILIDADES.CUENTACONTABLE,SECUENCIALEMPRESA,int,NO,MUL,,
FBS_CONTABILIDADES.CUENTACONTABLE,AFECTAMANUALMENTE,tinyint unsigned,NO,,,
FBS_CONTABILIDADES.CUENTACONTABLE,REQUIEREAUXILIAR,tinyint unsigned,NO,,,
FBS_CONTABILIDADES.CUENTACONTABLE,ESDETOTAL,tinyint unsigned,NO,,,
FBS_CONTABILIDADES.CUENTACONTABLE,ESTAACTIVA,tinyint unsigned,NO,,,
FBS_CONTABILIDADES.CUENTACONTABLE,NUMEROVERIFICADOR,int,NO,,,
FBS_CONTABILIDADES.CUENTACONTABLE,SEPRORRATEA,tinyint unsigned,NO,,,
FBS_CONTABILIDADES.CUENTACONTABLE,FECHACREACION,datetime,NO,,,
FBS_CONTABILIDADES.CUENTACONTABLE,ESDEINTEGRACION,tinyint unsigned,NO,,,
FBS_CONTABILIDADES.CUENTACONTABLE,SECUENCIALMONEDA,int,NO,MUL,,
FBS_CONTABILIDADES.CUENTACONTABLE,ESPARAVENTAS,tinyint unsigned,NO,,,
FBS_CONTABILIDADES.CUENTACONTABLE,ESPARACAJACHICA,tinyint unsigned,NO,,,
FBS_CONTABILIDADES.CUENTACONTABLE,REQUIEREAREA,tinyint unsigned,NO,,,
FBS_CONTABILIDADES.CUENTACONTABLE,ESPARAPRIMANIVELACION,tinyint unsigned,NO,,,
FBS_CONTABILIDADES.CUENTACONTABLE,AFECTALIBROVENTAS,tinyint unsigned,NO,,,
FBS_CONTABILIDADES.CUENTACONTABLE,PERMITEAMORTIZACION,tinyint unsigned,NO,,0,
FBS_CONTABILIDADES.CUENTACONTABLE,CONCURRENCIA,timestamp(6),YES,,CURRENT_TIMESTAMP(6),DEFAULT_GENERATED on update CURRENT_TIMESTAMP(6)
FBS_CONTABILIDADES.CUENTACONTABLEAMORTIZACION,SECUENCIAL,int,NO,PRI,,auto_increment
FBS_CONTABILIDADES.CUENTACONTABLEAMORTIZACION,SECUENCIALCUENTACONTABLE,int,NO,MUL,,
FBS_CONTABILIDADES.CUENTACONTABLEAMORTIZACION,CODIGOFRECUENCIAPAGOAMORTIZ,char(5),NO,MUL,,
FBS_CONTABILIDADES.CUENTACONTABLEAMORTIZACION,CODIGOUSUARIO,varchar(25),NO,MUL,,
FBS_CONTABILIDADES.CUENTACONTABLEAMORTIZACION,CODIGOESTADOCUENTACBLEAMORTIZ,varchar(10),NO,,,
FBS_CONTABILIDADES.CUENTACONTABLEAMORTIZACION,NUMEROCUOTAS,int,NO,,,
FBS_CONTABILIDADES.CUENTACONTABLEAMORTIZACION,VALORPORPAGAR,"decimal(9,2)",NO,,,
FBS_CONTABILIDADES.CUENTACONTABLEAMORTIZACION,VALORPAGADO,"decimal(9,2)",NO,,,
FBS_CONTABILIDADES.CUENTACONTABLEAMORTIZACION,DETALLE,varchar(300),NO,,,
FBS_CONTABILIDADES.CUENTACONTABLEAMORTIZACION,FECHASISTEMA,datetime(3),NO,,,
FBS_CONTABILIDADES.CUENTACONTABLEAMORTIZACION,FECHAMAQUINA,datetime(3),NO,,,
FBS_CONTABILIDADES.CUENTACONTABLEAMORTIZACION,ESTAACTIVO,tinyint unsigned,NO,,,
FBS_CONTABILIDADES.CUENTACONTABLEAMORTIZACION,NUMEROVERIFICADOR,int,NO,,,
FBS_CONTABILIDADES.CUENTACONTABLEAMORTIZACION,SECUENCIALCUENTACONTABLEAMORTIZA,int,NO,MUL,0,
FBS_CONTABILIDADES.CUENTACONTABLEAMORTIZACION,SECUENCIALOFICINA,int,NO,MUL,0,
FBS_CONTABILIDADES.CUENTACONTABLEAMORTIZACION,ESDEBITO,tinyint unsigned,NO,,0,
FBS_CONTABILIDADES.CUENTACONTABLEAMORTIZACION,CONCURRENCIA,timestamp(6),YES,,CURRENT_TIMESTAMP(6),DEFAULT_GENERATED on update CURRENT_TIMESTAMP(6)
FBS_CONTABILIDADES.CUENTACONTABLEAMORTIZACIONCUOTA,SECUENCIAL,int,NO,PRI,,auto_increment
FBS_CONTABILIDADES.CUENTACONTABLEAMORTIZACIONCUOTA,SECUENCIALCUENTACONTABLEAMORTIZACION,int,NO,MUL,,
FBS_CONTABILIDADES.CUENTACONTABLEAMORTIZACIONCUOTA,NUMEROCUOTA,int,NO,,,
FBS_CONTABILIDADES.CUENTACONTABLEAMORTIZACIONCUOTA,VALORPAGAR,"decimal(9,2)",NO,,,
FBS_CONTABILIDADES.CUENTACONTABLEAMORTIZACIONCUOTA,VALORPAGADO,"decimal(9,2)",NO,,,
FBS_CONTABILIDADES.CUENTACONTABLEAMORTIZACIONCUOTA,ESTADOCUOTA,varchar(10),NO,,,
FBS_CONTABILIDADES.CUENTACONTABLEAMORTIZACIONCUOTA,FECHAPAGO,datetime(3),NO,,,
FBS_CONTABILIDADES.CUENTACONTABLEAMORTIZACIONCUOTA,FECHASISTEMA,datetime(3),NO,,,
FBS_CONTABILIDADES.CUENTACONTABLEAMORTIZACIONCUOTA,ESTAACTIVO,tinyint unsigned,NO,,,
FBS_CONTABILIDADES.CUENTACONTABLEAMORTIZACIONCUOTA,CONCURRENCIA,timestamp(6),YES,,CURRENT_TIMESTAMP(6),DEFAULT_GENERATED on update CURRENT_TIMESTAMP(6)
FBS_CONTABILIDADES.CUENTACONTABLEAUXILIARCONTABLE,SECUENCIAL,int,NO,PRI,,auto_increment
FBS_CONTABILIDADES.CUENTACONTABLEAUXILIARCONTABLE,SECUENCIALCUENTACONTABLE,int,NO,MUL,,
FBS_CONTABILIDADES.CUENTACONTABLEAUXILIARCONTABLE,SECUENCIALAUXILIARCONTABLE,int,NO,MUL,,
FBS_CONTABILIDADES.CUENTACONTABLEAUXILIARCONTABLE,ESTAACTIVO,tinyint unsigned,NO,,,
FBS_CONTABILIDADES.CUENTACONTABLEAUXILIARCONTABLE,NUMEROVERIFICADOR,int,NO,,,
FBS_CONTABILIDADES.CUENTACONTABLEAUXILIARCONTABLE,CONCURRENCIA,timestamp(6),YES,,CURRENT_TIMESTAMP(6),DEFAULT_GENERATED on update CURRENT_TIMESTAMP(6)
FBS_CONTABILIDADES.CUENTACONTABLEPOSICIONMONEDA,SECUENCIALCUENTACONTABLE,int,NO,PRI,,
FBS_CONTABILIDADES.CUENTACONTABLEPOSICIONMONEDA,CONCURRENCIA,timestamp(6),YES,,CURRENT_TIMESTAMP(6),DEFAULT_GENERATED on update CURRENT_TIMESTAMP(6)
FBS_CONTABILIDADES.CUENTACONTABLESECTORIZACION,SECUENCIAL,int,NO,PRI,,auto_increment
FBS_CONTABILIDADES.CUENTACONTABLESECTORIZACION,SECUENCIALCUENTACONTABLE,int,NO,MUL,,
FBS_CONTABILIDADES.CUENTACONTABLESECTORIZACION,CODIGOSECTORIZACION,varchar(20),NO,,,
FBS_CONTABILIDADES.CUENTACONTABLESECTORIZACION,CONCURRENCIA,timestamp(6),YES,,CURRENT_TIMESTAMP(6),DEFAULT_GENERATED on update CURRENT_TIMESTAMP(6)
FBS_CONTABILIDADES.CUENTACONTABLE_AJUSTEFINDIA,SECUENCIALCUENTACONTABLE,int,NO,PRI,,
FBS_CONTABILIDADES.CUENTACONTABLE_AJUSTEFINDIA,SECUENCIALCUENTACONTABLECONTRA,int,NO,MUL,,
FBS_CONTABILIDADES.CUENTACONTABLE_AJUSTEFINDIA,ESTAACTIVO,tinyint unsigned,NO,,,
FBS_CONTABILIDADES.CUENTACONTABLE_AJUSTEFINDIA,NUMEROVERIFICADOR,int,NO,,,
FBS_CONTABILIDADES.CUENTACONTABLE_AJUSTEFINDIA,CONCURRENCIA,timestamp(6),YES,,CURRENT_TIMESTAMP(6),DEFAULT_GENERATED on update CURRENT_TIMESTAMP(6)
FBS_CONTABILIDADES.CUENTACONTABLE_AREA,SECUENCIAL,int,NO,PRI,,auto_increment
FBS_CONTABILIDADES.CUENTACONTABLE_AREA,SECUENCIALCUENTACONTABLE,int,NO,MUL,,
FBS_CONTABILIDADES.CUENTACONTABLE_AREA,SECUENCIALAREA,int,NO,MUL,,
FBS_CONTABILIDADES.CUENTACONTABLE_AREA,ESTAACTIVA,tinyint unsigned,NO,MUL,,
FBS_CONTABILIDADES.CUENTACONTABLE_AREA,NUMEROVERIFICADOR,int,NO,,,
FBS_CONTABILIDADES.CUENTACONTABLE_AREA,CONCURRENCIA,timestamp(6),YES,,CURRENT_TIMESTAMP(6),DEFAULT_GENERATED on update CURRENT_TIMESTAMP(6)
FBS_CONTABILIDADES.CUENTACONTABLE_BANCARIA,SECUENCIALCUENTACONTABLE,int,NO,PRI,,
FBS_CONTABILIDADES.CUENTACONTABLE_BANCARIA,ESTAACTIVO,tinyint unsigned,NO,,,
FBS_CONTABILIDADES.CUENTACONTABLE_BANCARIA,NUMEROVERIFICADOR,int,NO,,,
FBS_CONTABILIDADES.CUENTACONTABLE_BANCARIA,ACEPTATRANSFINTERBANCARIA,tinyint unsigned,NO,,,
FBS_CONTABILIDADES.CUENTACONTABLE_BANCARIA,CONCURRENCIA,timestamp(6),YES,,CURRENT_TIMESTAMP(6),DEFAULT_GENERATED on update CURRENT_TIMESTAMP(6)
FBS_CONTABILIDADES.CUENTACONTABLE_BANCARIA_BANCO,SECUENCIALCUENTACONTABLEBANCO,int,NO,PRI,,
FBS_CONTABILIDADES.CUENTACONTABLE_BANCARIA_BANCO,SECUENCIALBANCO,int,NO,MUL,,
FBS_CONTABILIDADES.CUENTACONTABLE_BANCARIA_BANCO,ESTAACTIVO,tinyint unsigned,NO,,,
FBS_CONTABILIDADES.CUENTACONTABLE_BANCARIA_BANCO,NUMEROVERIFICADOR,int,NO,,,
FBS_CONTABILIDADES.CUENTACONTABLE_BANCARIA_BANCO,IDINSTRUMENTO,varchar(20),NO,,,
FBS_CONTABILIDADES.CUENTACONTABLE_BANCARIA_BANCO,CODIGOTIPOINSTRUMENTO,varchar(3),NO,,,
FBS_CONTABILIDADES.CUENTACONTABLE_BANCARIA_BANCO,CODIGOTIPODEPOSITOSBS,varchar(4),NO,MUL,,
FBS_CONTABILIDADES.CUENTACONTABLE_BANCARIA_BANCO,FECHACREACION,datetime(3),NO,,,
FBS_CONTABILIDADES.CUENTACONTABLE_BANCARIA_BANCO,CONCURRENCIA,timestamp(6),YES,,CURRENT_TIMESTAMP(6),DEFAULT_GENERATED on update CURRENT_TIMESTAMP(6)
FBS_CONTABILIDADES.CUENTACONTABLE_BANCARINVCHEQUE,SECUENCIAL,int,NO,PRI,,auto_increment
FBS_CONTABILIDADES.CUENTACONTABLE_BANCARINVCHEQUE,SECUENCIALCUENTACONTABLEBANCAR,int,NO,MUL,,
FBS_CONTABILIDADES.CUENTACONTABLE_BANCARINVCHEQUE,NUMEROCHEQUE,int,NO,,,
FBS_CONTABILIDADES.CUENTACONTABLE_BANCARINVCHEQUE,CODIGOESTADOCHEQUE,varchar(20),NO,,,
FBS_CONTABILIDADES.CUENTACONTABLE_BANCARINVCHEQUE,CODIGOUSUARIO,varchar(25),NO,MUL,,
FBS_CONTABILIDADES.CUENTACONTABLE_BANCARINVCHEQUE,FECHASISTEMA,datetime(3),NO,,,
FBS_CONTABILIDADES.CUENTACONTABLE_BANCARINVCHEQUE,FECHAMAQUINA,datetime(3),NO,,,
FBS_CONTABILIDADES.CUENTACONTABLE_BANCARINVCHEQUE,NUMEROVERIFICADOR,int,NO,,,
FBS_CONTABILIDADES.CUENTACONTABLE_BANCARINVCHEQUE,CONCURRENCIA,timestamp(6),YES,,CURRENT_TIMESTAMP(6),DEFAULT_GENERATED on update CURRENT_TIMESTAMP(6)
FBS_CONTABILIDADES.CUENTACONTABLE_CUENTAINTEGRACION,SECUENCIALCUENTACONTABLE,int,NO,PRI,,
FBS_CONTABILIDADES.CUENTACONTABLE_CUENTAINTEGRACION,SECUENCIALCUENTACONTABLEINTEGRACION,int,NO,MUL,,
FBS_CONTABILIDADES.CUENTACONTABLE_CUENTAINTEGRACION,ESTAACTIVO,tinyint unsigned,NO,,,
FBS_CONTABILIDADES.CUENTACONTABLE_CUENTAINTEGRACION,NUMEROVERIFICADOR,int,NO,,,
FBS_CONTABILIDADES.CUENTACONTABLE_CUENTAINTEGRACION,CONCURRENCIA,timestamp(6),YES,,CURRENT_TIMESTAMP(6),DEFAULT_GENERATED on update CURRENT_TIMESTAMP(6)
FBS_CONTABILIDADES.CUENTACONTABLE_CUENTAPRIMANIVELACION,SECUENCIALCUENTACONTABLE,int,NO,PRI,,
FBS_CONTABILIDADES.CUENTACONTABLE_CUENTAPRIMANIVELACION,SECUENCIALCUENTACONTABLEPRIMANIVELACION,int,NO,MUL,,
FBS_CONTABILIDADES.CUENTACONTABLE_CUENTAPRIMANIVELACION,ESTAACTIVO,tinyint unsigned,NO,,,
FBS_CONTABILIDADES.CUENTACONTABLE_CUENTAPRIMANIVELACION,NUMEROVERIFICADOR,int,NO,,,
FBS_CONTABILIDADES.CUENTACONTABLE_CUENTAPRIMANIVELACION,CONCURRENCIA,timestamp(6),YES,,CURRENT_TIMESTAMP(6),DEFAULT_GENERATED on update CURRENT_TIMESTAMP(6)
FBS_CONTABILIDADES.CUENTACONTABLE_TRANSFINT,SECUENCIALCUENTACONTABLE,int,NO,PRI,,
FBS_CONTABILIDADES.CUENTACONTABLE_TRANSFINT,SECUENCIALOFICINARELACIONADA,int,NO,MUL,,
FBS_CONTABILIDADES.CUENTACONTABLE_TRANSFINT,CONCURRENCIA,timestamp(6),YES,,CURRENT_TIMESTAMP(6),DEFAULT_GENERATED on update CURRENT_TIMESTAMP(6)
FBS_CONTABILIDADES.DATOSFACTURA,SECUENCIAL,int,NO,PRI,,auto_increment
FBS_CONTABILIDADES.DATOSFACTURA,NOMBRECLIENTE,varchar(150),NO,,,
FBS_CONTABILIDADES.DATOSFACTURA,CODIGOTIPOIDENTIFICACIONCLIENTE,varchar(2),NO,MUL,,
FBS_CONTABILIDADES.DATOSFACTURA,CODIGOTIPOCOMPROBANTE,varchar(4),NO,MUL,,
FBS_CONTABILIDADES.DATOSFACTURA,IDENTIFICACIONCLIENTE,varchar(13),NO,MUL,,
FBS_CONTABILIDADES.DATOSFACTURA,DIRECCIONCLIENTE,varchar(200),NO,,,
FBS_CONTABILIDADES.DATOSFACTURA,TELEFONOCLIENTE,char(15),NO,,,
FBS_CONTABILIDADES.DATOSFACTURA,FECHASISTEMA,datetime(3),NO,MUL,,
FBS_CONTABILIDADES.DATOSFACTURA,FECHAMAQUINA,datetime(3),NO,,,
FBS_CONTABILIDADES.DATOSFACTURA,EMAIL,varchar(80),NO,,,
FBS_CONTABILIDADES.DATOSFACTURA,NOMBREARCHIVO,varchar(80),NO,,,
FBS_CONTABILIDADES.DATOSFACTURA,DESCRIPCIONARCHIVO,varchar(250),NO,,,
FBS_CONTABILIDADES.DATOSFACTURA,ARCHIVOGENERADO,tinyint unsigned,NO,,,
FBS_CONTABILIDADES.DATOSFACTURA,ARCHIVOFIRMADO,tinyint unsigned,NO,,,
FBS_CONTABILIDADES.DATOSFACTURA,ARCHIVOENVIADO,tinyint unsigned,NO,,,
FBS_CONTABILIDADES.DATOSFACTURA,ARCHIVOAUTORIZADO,tinyint unsigned,NO,MUL,,
FBS_CONTABILIDADES.DATOSFACTURA,ESTAENVIADOEMAIL,tinyint unsigned,NO,,,
FBS_CONTABILIDADES.DATOSFACTURA,NUMEROAUTORIZACION,varchar(100),NO,,,
FBS_CONTABILIDADES.DATOSFACTURA,DOCUMENTO,varchar(50),NO,,,
FBS_CONTABILIDADES.DATOSFACTURA,ARCHIVOANULADO,tinyint unsigned,NO,,,
FBS_CONTABILIDADES.DATOSFACTURA,ESPOROTROSSERVICIOS,tinyint unsigned,NO,,,
FBS_CONTABILIDADES.DATOSFACTURA,ARCHIVOINGRESADO,tinyint unsigned,NO,,,
FBS_CONTABILIDADES.DATOSFACTURA,SECUENCIALOFICINA,int,NO,MUL,,
FBS_CONTABILIDADES.DATOSFACTURA,SECUENCIALMONEDA,int,NO,MUL,,
FBS_CONTABILIDADES.DATOSFACTURA,CODIGOPRODUCTO,varchar(50),NO,,,
FBS_CONTABILIDADES.DATOSFACTURA,TIPOASIENTO,varchar(50),NO,,,
FBS_CONTABILIDADES.DATOSFACTURA,ASIENTO,varchar(50),NO,,,
FBS_CONTABILIDADES.DATOSFACTURA,SECUENCIALREGISTROVENTAS,int,NO,MUL,,
FBS_CONTABILIDADES.DATOSFACTURA,CONCURRENCIA,timestamp(6),YES,,CURRENT_TIMESTAMP(6),DEFAULT_GENERATED on update CURRENT_TIMESTAMP(6)
FBS_CONTABILIDADES.DATOSFACTURADETALLE,SECUENCIAL,int,NO,PRI,,auto_increment
FBS_CONTABILIDADES.DATOSFACTURADETALLE,SECUENCIAORDEN,int,NO,,,
FBS_CONTABILIDADES.DATOSFACTURADETALLE,SECUENCIALFACTURA,int,NO,MUL,,
FBS_CONTABILIDADES.DATOSFACTURADETALLE,CODIGOPRODUCTO,varchar(50),NO,,,
FBS_CONTABILIDADES.DATOSFACTURADETALLE,DESCRIPCION,varchar(100),NO,,,
FBS_CONTABILIDADES.DATOSFACTURADETALLE,CANTIDAD,int,NO,,,
FBS_CONTABILIDADES.DATOSFACTURADETALLE,PRECIOUNITARIO,"decimal(18,2)",NO,,,
FBS_CONTABILIDADES.DATOSFACTURADETALLE,SUBTOTAL,"decimal(18,2)",NO,,,
FBS_CONTABILIDADES.DATOSFACTURADETALLE,DESCUENTO,"decimal(18,2)",NO,,,
FBS_CONTABILIDADES.DATOSFACTURADETALLE,CONCURRENCIA,timestamp(6),YES,,CURRENT_TIMESTAMP(6),DEFAULT_GENERATED on update CURRENT_TIMESTAMP(6)
FBS_CONTABILIDADES.DATOSFACTURADETALLEIMPUESTOS,SECUENCIAL,int,NO,PRI,,auto_increment
FBS_CONTABILIDADES.DATOSFACTURADETALLEIMPUESTOS,SECUENCIALDATOSFACTURADETALLE,int,NO,MUL,,
FBS_CONTABILIDADES.DATOSFACTURADETALLEIMPUESTOS,CODIGOIMPUESTO,varchar(4),NO,,,
FBS_CONTABILIDADES.DATOSFACTURADETALLEIMPUESTOS,PORCENTAJEIMPUESTO,"decimal(18,2)",NO,,,
FBS_CONTABILIDADES.DATOSFACTURADETALLEIMPUESTOS,VALORIMPUESTO,"decimal(18,2)",NO,,,
FBS_CONTABILIDADES.DATOSFACTURADETALLEIMPUESTOS,CONCURRENCIA,timestamp(6),YES,,CURRENT_TIMESTAMP(6),DEFAULT_GENERATED on update CURRENT_TIMESTAMP(6)
FBS_CONTABILIDADES.DATOSFACTURADETALLEMOVTRANSINSTCONVPALIC,SECUENCIAL,int,NO,PRI,,auto_increment
FBS_CONTABILIDADES.DATOSFACTURADETALLEMOVTRANSINSTCONVPALIC,SECUENCIALDATOSFACTURADETALLE,int,NO,MUL,,
FBS_CONTABILIDADES.DATOSFACTURADETALLEMOVTRANSINSTCONVPALIC,SECUENCIALMOVTRANSINSTITUCIONCONVPALIC,int,NO,MUL,,
FBS_CONTABILIDADES.DATOSFACTURADETALLEMOVTRANSINSTCONVPALIC,CONCURRENCIA,timestamp(6),YES,,CURRENT_TIMESTAMP(6),DEFAULT_GENERATED on update CURRENT_TIMESTAMP(6)
FBS_CONTABILIDADES.DATOSFACTURANOTACREDITO,SECUENCIAL,int,NO,PRI,,auto_increment
FBS_CONTABILIDADES.DATOSFACTURANOTACREDITO,SECUENCIALDATOSFACTURAANULADA,int,NO,MUL,,
FBS_CONTABILIDADES.DATOSFACTURANOTACREDITO,CODIGOTIPODOCUMENTOELECTRONICO,char(3),NO,,,
FBS_CONTABILIDADES.DATOSFACTURANOTACREDITO,CODIGOTIPOIDENTIFICACIONCLIENTE,varchar(2),NO,,,
FBS_CONTABILIDADES.DATOSFACTURANOTACREDITO,IDENTIFICACIONCLIENTE,varchar(15),NO,,,
FBS_CONTABILIDADES.DATOSFACTURANOTACREDITO,NOMBRECLIENTE,varchar(150),NO,,,
FBS_CONTABILIDADES.DATOSFACTURANOTACREDITO,CODIGOTIPODOCMODIFICADO,varchar(4),NO,MUL,,
FBS_CONTABILIDADES.DATOSFACTURANOTACREDITO,NUMERODOCMODIFICADO,varchar(17),NO,,,
FBS_CONTABILIDADES.DATOSFACTURANOTACREDITO,FECHASISTEMA,datetime(3),NO,,,
FBS_CONTABILIDADES.DATOSFACTURANOTACREDITO,FECHAMAQUINA,datetime(3),NO,,,
FBS_CONTABILIDADES.DATOSFACTURANOTACREDITO,SECUENCIALMONEDA,int,NO,MUL,,
FBS_CONTABILIDADES.DATOSFACTURANOTACREDITO,NOMBREARCHIVO,char(100),NO,,,
FBS_CONTABILIDADES.DATOSFACTURANOTACREDITO,DESCRIPCIONARCHIVO,char(250),NO,,,
FBS_CONTABILIDADES.DATOSFACTURANOTACREDITO,NUMEROAUTORIZACION,char(100),NO,,,
FBS_CONTABILIDADES.DATOSFACTURANOTACREDITO,ARCHIVOGENERADO,tinyint unsigned,NO,,,
FBS_CONTABILIDADES.DATOSFACTURANOTACREDITO,ARCHIVOFIRMADO,tinyint unsigned,NO,,,
FBS_CONTABILIDADES.DATOSFACTURANOTACREDITO,ARCHIVOENVIADO,tinyint unsigned,NO,,,
FBS_CONTABILIDADES.DATOSFACTURANOTACREDITO,ARCHIVOAUTORIZADO,tinyint unsigned,NO,,,
FBS_CONTABILIDADES.DATOSFACTURANOTACREDITO,ESTAENVIADOEMAIL,tinyint unsigned,NO,,,
FBS_CONTABILIDADES.DATOSFACTURANOTACREDITO,EMAIL,char(100),NO,,,
FBS_CONTABILIDADES.DATOSFACTURANOTACREDITO,DIRECCIONCLIENTE,char(250),NO,,,
FBS_CONTABILIDADES.DATOSFACTURANOTACREDITO,TELEFONOCLIENTE,char(15),NO,,,
FBS_CONTABILIDADES.DATOSFACTURANOTACREDITO,ARCHIVOANULADO,tinyint unsigned,NO,,,
FBS_CONTABILIDADES.DATOSFACTURANOTACREDITO,SECUENCIALOFICINA,int,NO,MUL,,
FBS_CONTABILIDADES.DATOSFACTURANOTACREDITO,SECUENCIALMOTIVONOTACREDITODEBITO,int,NO,MUL,,
FBS_CONTABILIDADES.DATOSFACTURANOTACREDITO,SECUENCIALREGISTROVENTAS,int,NO,MUL,,
FBS_CONTABILIDADES.DATOSFACTURANOTACREDITO,CONCURRENCIA,timestamp(6),YES,,CURRENT_TIMESTAMP(6),DEFAULT_GENERATED on update CURRENT_TIMESTAMP(6)
FBS_CONTABILIDADES.DATOSFACTURANOTACREDITODETALLE,SECUENCIAL,int,NO,PRI,,auto_increment
FBS_CONTABILIDADES.DATOSFACTURANOTACREDITODETALLE,SECUENCIAORDEN,int,NO,,,
FBS_CONTABILIDADES.DATOSFACTURANOTACREDITODETALLE,SECUNECIALDATOSFACTURANOTACRED,int,NO,MUL,,
FBS_CONTABILIDADES.DATOSFACTURANOTACREDITODETALLE,CODIGOPRODUCTO,varchar(20),NO,,,
FBS_CONTABILIDADES.DATOSFACTURANOTACREDITODETALLE,DESCRIPCION,varchar(100),NO,,,
FBS_CONTABILIDADES.DATOSFACTURANOTACREDITODETALLE,CANTIDAD,int,NO,,,
FBS_CONTABILIDADES.DATOSFACTURANOTACREDITODETALLE,PRECIOUNITARIO,"decimal(18,2)",NO,,,
FBS_CONTABILIDADES.DATOSFACTURANOTACREDITODETALLE,SUBTOTAL,"decimal(18,2)",NO,,,
FBS_CONTABILIDADES.DATOSFACTURANOTACREDITODETALLE,CONCURRENCIA,timestamp(6),YES,,CURRENT_TIMESTAMP(6),DEFAULT_GENERATED on update CURRENT_TIMESTAMP(6)
FBS_CONTABILIDADES.DATOSFACTURANOTACREDITODETALLEIMPUESTOS,SECUENCIAL,int,NO,PRI,,auto_increment
FBS_CONTABILIDADES.DATOSFACTURANOTACREDITODETALLEIMPUESTOS,SECUENCIALDATOSFACTURANCDETALLE,int,NO,MUL,,
FBS_CONTABILIDADES.DATOSFACTURANOTACREDITODETALLEIMPUESTOS,CODIGOIMPUESTO,varchar(4),NO,,,
FBS_CONTABILIDADES.DATOSFACTURANOTACREDITODETALLEIMPUESTOS,PORCENTAJEIMPUESTO,"decimal(18,2)",NO,,,
FBS_CONTABILIDADES.DATOSFACTURANOTACREDITODETALLEIMPUESTOS,VALORIMPUESTO,"decimal(18,2)",NO,,,
FBS_CONTABILIDADES.DATOSFACTURANOTACREDITODETALLEIMPUESTOS,CONCURRENCIA,timestamp(6),YES,,CURRENT_TIMESTAMP(6),DEFAULT_GENERATED on update CURRENT_TIMESTAMP(6)
FBS_CONTABILIDADES.DATOSFACTURANOTACREDITOOFFLINERECHAZO,SECUENCIAL,int,NO,PRI,,auto_increment
FBS_CONTABILIDADES.DATOSFACTURANOTACREDITOOFFLINERECHAZO,SECUENCIALDATFACTNOTACREDITO,int,NO,MUL,,
FBS_CONTABILIDADES.DATOSFACTURANOTACREDITOOFFLINERECHAZO,FECHASISTEMA,datetime(3),NO,,,
FBS_CONTABILIDADES.DATOSFACTURANOTACREDITOOFFLINERECHAZO,FECHAMAQUINA,datetime(3),NO,,,
FBS_CONTABILIDADES.DATOSFACTURANOTACREDITOOFFLINERECHAZO,DESCRIPCION,varchar(250),NO,,,
FBS_CONTABILIDADES.DATOSFACTURANOTACREDITOOFFLINERECHAZO,EMAIL,varchar(80),NO,,,
FBS_CONTABILIDADES.DATOSFACTURANOTACREDITOOFFLINERECHAZO,ESTACORREGIDO,tinyint unsigned,NO,,,
FBS_CONTABILIDADES.DATOSFACTURANOTACREDITOOFFLINERECHAZO,ESTAENVIADOEMAIL,tinyint unsigned,NO,,,
FBS_CONTABILIDADES.DATOSFACTURANOTACREDITOOFFLINERECHAZO,CONCURRENCIA,timestamp(6),YES,,CURRENT_TIMESTAMP(6),DEFAULT_GENERATED on update CURRENT_TIMESTAMP(6)
FBS_CONTABILIDADES.DATOSFACTURANOTACREDITO_ANULACION,SECUENCIALDATOSFACTURANOTACREDITO,int,NO,PRI,,
FBS_CONTABILIDADES.DATOSFACTURANOTACREDITO_ANULACION,SIGLASTIPO,varchar(3),NO,,,
FBS_CONTABILIDADES.DATOSFACTURANOTACREDITO_ANULACION,NUMERO,varchar(10),NO,,,
FBS_CONTABILIDADES.DATOSFACTURANOTACREDITO_ANULACION,FECHAEMISION,datetime(3),NO,,,
FBS_CONTABILIDADES.DATOSFACTURANOTACREDITO_ANULACION,NOMBREARCHIVO,varchar(150),NO,,,
FBS_CONTABILIDADES.DATOSFACTURANOTACREDITO_ANULACION,CODIGOTICKET,varchar(50),NO,,,
FBS_CONTABILIDADES.DATOSFACTURANOTACREDITO_ANULACION,ESTAGENERADO,tinyint unsigned,NO,,,
FBS_CONTABILIDADES.DATOSFACTURANOTACREDITO_ANULACION,ESTAENVIADO,tinyint unsigned,NO,,,
FBS_CONTABILIDADES.DATOSFACTURANOTACREDITO_ANULACION,ESTAAUTORIZADO,tinyint unsigned,NO,,,
FBS_CONTABILIDADES.DATOSFACTURANOTACREDITO_ANULACION,ESTAACTIVO,tinyint unsigned,NO,,,
FBS_CONTABILIDADES.DATOSFACTURANOTACREDITO_ANULACION,NUMEROVERIFICADOR,int,NO,,,
FBS_CONTABILIDADES.DATOSFACTURANOTACREDITO_ANULACION,CODIGOUSUARIO,varchar(25),NO,MUL,,
FBS_CONTABILIDADES.DATOSFACTURANOTACREDITO_ANULACION,NECESITAAUTORIZACION,tinyint unsigned,NO,,,
FBS_CONTABILIDADES.DATOSFACTURANOTACREDITO_ANULACION,MENSAJE,varchar(550),NO,,,
FBS_CONTABILIDADES.DATOSFACTURANOTACREDITO_ANULACION,CONCURRENCIA,timestamp(6),YES,,CURRENT_TIMESTAMP(6),DEFAULT_GENERATED on update CURRENT_TIMESTAMP(6)
FBS_CONTABILIDADES.DATOSFACTURANOTACREDITO_AUTORIZACION,SECUENCIALDATOSFACTURANOTACREDITO,int,NO,PRI,,
FBS_CONTABILIDADES.DATOSFACTURANOTACREDITO_AUTORIZACION,FECHAAUTORIZACION,datetime(3),NO,,,
FBS_CONTABILIDADES.DATOSFACTURANOTACREDITO_AUTORIZACION,ESAMBIENTEPRODUCCION,tinyint unsigned,NO,,,
FBS_CONTABILIDADES.DATOSFACTURANOTACREDITO_AUTORIZACION,CONCURRENCIA,timestamp(6),YES,,CURRENT_TIMESTAMP(6),DEFAULT_GENERATED on update CURRENT_TIMESTAMP(6)
FBS_CONTABILIDADES.DATOSFACTURANOTACREDITO_COMPLEMENTO,SECUENCIALDATOSFACTURANOTACREDITO,int,NO,PRI,,
FBS_CONTABILIDADES.DATOSFACTURANOTACREDITO_COMPLEMENTO,CODIGOOPERACIONESGRATUITAS,varchar(50),NO,,,
FBS_CONTABILIDADES.DATOSFACTURANOTACREDITO_COMPLEMENTO,TOTALVALORGRATUITAS,"decimal(18,2)",NO,,,
FBS_CONTABILIDADES.DATOSFACTURANOTACREDITO_COMPLEMENTO,CONCURRENCIA,timestamp(6),YES,,CURRENT_TIMESTAMP(6),DEFAULT_GENERATED on update CURRENT_TIMESTAMP(6)
FBS_CONTABILIDADES.DATOSFACTURAOFFLINERECHAZO,SECUENCIAL,int,NO,PRI,,auto_increment
FBS_CONTABILIDADES.DATOSFACTURAOFFLINERECHAZO,SECUENCIALDATOSFACTURA,int,NO,MUL,,
FBS_CONTABILIDADES.DATOSFACTURAOFFLINERECHAZO,FECHASISTEMA,datetime(3),NO,,,
FBS_CONTABILIDADES.DATOSFACTURAOFFLINERECHAZO,FECHAMAQUINA,datetime(3),NO,,,
FBS_CONTABILIDADES.DATOSFACTURAOFFLINERECHAZO,DESCRIPCION,varchar(250),NO,,,
FBS_CONTABILIDADES.DATOSFACTURAOFFLINERECHAZO,EMAIL,varchar(80),NO,,,
FBS_CONTABILIDADES.DATOSFACTURAOFFLINERECHAZO,ESTACORREGIDO,tinyint unsigned,NO,,,
FBS_CONTABILIDADES.DATOSFACTURAOFFLINERECHAZO,ESTAENVIADOEMAIL,tinyint unsigned,NO,,,
FBS_CONTABILIDADES.DATOSFACTURAOFFLINERECHAZO,CONCURRENCIA,timestamp(6),YES,,CURRENT_TIMESTAMP(6),DEFAULT_GENERATED on update CURRENT_TIMESTAMP(6)
FBS_CONTABILIDADES.DATOSFACTURA_ANULACION,SECUENCIALDATOSFACTURA,int,NO,PRI,,
FBS_CONTABILIDADES.DATOSFACTURA_ANULACION,SIGLASTIPO,varchar(3),NO,,,
FBS_CONTABILIDADES.DATOSFACTURA_ANULACION,NUMERO,varchar(50),NO,,,
FBS_CONTABILIDADES.DATOSFACTURA_ANULACION,FECHAEMISION,datetime(3),NO,,,
FBS_CONTABILIDADES.DATOSFACTURA_ANULACION,NOMBREARCHIVO,varchar(150),NO,,,
FBS_CONTABILIDADES.DATOSFACTURA_ANULACION,CODIGOTICKET,varchar(150),NO,,,
FBS_CONTABILIDADES.DATOSFACTURA_ANULACION,ESTAGENERADO,tinyint unsigned,NO,,,
FBS_CONTABILIDADES.DATOSFACTURA_ANULACION,ESTAENVIADO,tinyint unsigned,NO,,,
FBS_CONTABILIDADES.DATOSFACTURA_ANULACION,ESTAAUTORIZADO,tinyint unsigned,NO,,,
FBS_CONTABILIDADES.DATOSFACTURA_ANULACION,ESTAACTIVO,tinyint unsigned,NO,,,
FBS_CONTABILIDADES.DATOSFACTURA_ANULACION,NUMEROVERIFICADOR,int,NO,,,
FBS_CONTABILIDADES.DATOSFACTURA_ANULACION,CODIGOUSUARIO,varchar(25),NO,MUL,,
FBS_CONTABILIDADES.DATOSFACTURA_ANULACION,NECESITAAUTORIZACION,tinyint unsigned,NO,,,
FBS_CONTABILIDADES.DATOSFACTURA_ANULACION,MENSAJE,varchar(550),NO,,,
FBS_CONTABILIDADES.DATOSFACTURA_ANULACION,CONCURRENCIA,timestamp(6),YES,,CURRENT_TIMESTAMP(6),DEFAULT_GENERATED on update CURRENT_TIMESTAMP(6)
FBS_CONTABILIDADES.DATOSFACTURA_AUTORIZACION,SECUENCIALDATOSFACTURA,int,NO,PRI,,
FBS_CONTABILIDADES.DATOSFACTURA_AUTORIZACION,FECHAAUTORIZACION,datetime(3),NO,,,
FBS_CONTABILIDADES.DATOSFACTURA_AUTORIZACION,ESAMBIENTEPRODUCCION,tinyint unsigned,NO,,,
FBS_CONTABILIDADES.DATOSFACTURA_AUTORIZACION,CONCURRENCIA,timestamp(6),YES,,CURRENT_TIMESTAMP(6),DEFAULT_GENERATED on update CURRENT_TIMESTAMP(6)
FBS_CONTABILIDADES.DATOSFACTURA_CTACONTAXCOBRAR,SECUENCIALFACTURA,int,NO,PRI,,
FBS_CONTABILIDADES.DATOSFACTURA_CTACONTAXCOBRAR,SECUENCIALCOMPONENTECAUSAL,int,NO,,,
FBS_CONTABILIDADES.DATOSFACTURA_CTACONTAXCOBRAR,SECUENCIALAUXILIAR,int,NO,,,
FBS_CONTABILIDADES.DATOSFACTURA_CTACONTAXCOBRAR,CONCEPTO,varchar(100),NO,,,
FBS_CONTABILIDADES.DATOSFACTURA_CTACONTAXCOBRAR,DOCUMENTO,varchar(20),NO,,,
FBS_CONTABILIDADES.DATOSFACTURA_CTACONTAXCOBRAR,CONCURRENCIA,timestamp(6),YES,,CURRENT_TIMESTAMP(6),DEFAULT_GENERATED on update CURRENT_TIMESTAMP(6)
FBS_CONTABILIDADES.DATOSFACTURA_INFORMACIONCONTABLE,SECUENCIALDATOSFACTURA,int,NO,PRI,,
FBS_CONTABILIDADES.DATOSFACTURA_INFORMACIONCONTABLE,SECUENCIALOFICINA,int,NO,MUL,,
FBS_CONTABILIDADES.DATOSFACTURA_INFORMACIONCONTABLE,SECUENCIALPERFILCONTABLE,int,NO,MUL,,
FBS_CONTABILIDADES.DATOSFACTURA_INFORMACIONCONTABLE,SECUENCIALMONEDA,int,NO,MUL,,
FBS_CONTABILIDADES.DATOSFACTURA_INFORMACIONCONTABLE,ESREVERSO,tinyint unsigned,NO,,,
FBS_CONTABILIDADES.DATOSFACTURA_INFORMACIONCONTABLE,FECHACONTABLE,datetime(3),NO,,,
FBS_CONTABILIDADES.DATOSFACTURA_INFORMACIONCONTABLE,CODIGOUSUARIO,varchar(25),NO,MUL,,
FBS_CONTABILIDADES.DATOSFACTURA_INFORMACIONCONTABLE,COTIZACIONMONEDAEXTRANJERA,"decimal(18,6)",NO,,,
FBS_CONTABILIDADES.DATOSFACTURA_INFORMACIONCONTABLE,CONCURRENCIA,timestamp(6),YES,,CURRENT_TIMESTAMP(6),DEFAULT_GENERATED on update CURRENT_TIMESTAMP(6)
FBS_CONTABILIDADES.DATOSFACTURA_POROTROSSERVICIOS,SECUENCIALDATOSFACTURA,int,NO,PRI,,
FBS_CONTABILIDADES.DATOSFACTURA_POROTROSSERVICIOS,ESTACONTABILIZADO,tinyint unsigned,NO,,,
FBS_CONTABILIDADES.DATOSFACTURA_POROTROSSERVICIOS,CONCURRENCIA,timestamp(6),YES,,CURRENT_TIMESTAMP(6),DEFAULT_GENERATED on update CURRENT_TIMESTAMP(6)
FBS_CONTABILIDADES.DATOSREQUERIMIENTO,SECUENCIAL,int,NO,PRI,,auto_increment
FBS_CONTABILIDADES.DATOSREQUERIMIENTO,CODIGOUSUARIOSOLICITANTE,varchar(25),NO,MUL,,
FBS_CONTABILIDADES.DATOSREQUERIMIENTO,CODIGOESTADO,varchar(20),NO,,,
FBS_CONTABILIDADES.DATOSREQUERIMIENTO,SECUENCIALOFICINA,int,NO,MUL,,
FBS_CONTABILIDADES.DATOSREQUERIMIENTO,SECUENCIALOFICINADEPARTAMENTO,int,NO,MUL,,
FBS_CONTABILIDADES.DATOSREQUERIMIENTO,FECHASISTEMA,datetime(3),NO,,,
FBS_CONTABILIDADES.DATOSREQUERIMIENTO,FECHAMAQUINA,datetime(3),NO,,,
FBS_CONTABILIDADES.DATOSREQUERIMIENTO,OBSERVACION,varchar(300),NO,,,
FBS_CONTABILIDADES.DATOSREQUERIMIENTO,NUMEROVERIFICADOR,int,NO,,,
FBS_CONTABILIDADES.DATOSREQUERIMIENTO,CONCURRENCIA,timestamp(6),YES,,CURRENT_TIMESTAMP(6),DEFAULT_GENERATED on update CURRENT_TIMESTAMP(6)
FBS_CONTABILIDADES.DATOSREQUERIMIENTOCAMBIOESTADO,SECUENCIAL,int,NO,PRI,,auto_increment
FBS_CONTABILIDADES.DATOSREQUERIMIENTOCAMBIOESTADO,SECUENCIALREQUERIMIENTO,int,NO,MUL,,
FBS_CONTABILIDADES.DATOSREQUERIMIENTOCAMBIOESTADO,CODIGOUSUARIO,varchar(25),NO,MUL,,
FBS_CONTABILIDADES.DATOSREQUERIMIENTOCAMBIOESTADO,FECHASISTEMA,datetime(3),NO,,,
FBS_CONTABILIDADES.DATOSREQUERIMIENTOCAMBIOESTADO,FECHAMAQUINA,datetime(3),NO,,,
FBS_CONTABILIDADES.DATOSREQUERIMIENTOCAMBIOESTADO,CODIGOESTADOREQUERIMIENTO,varchar(20),NO,,,
FBS_CONTABILIDADES.DATOSREQUERIMIENTOCAMBIOESTADO,COMENTARIO,varchar(500),NO,,,
FBS_CONTABILIDADES.DATOSREQUERIMIENTOCAMBIOESTADO,CONCURRENCIA,timestamp(6),YES,,CURRENT_TIMESTAMP(6),DEFAULT_GENERATED on update CURRENT_TIMESTAMP(6)
FBS_CONTABILIDADES.DATOSREQUERIMIENTODETALLE,SECUENCIAL,int,NO,PRI,,auto_increment
FBS_CONTABILIDADES.DATOSREQUERIMIENTODETALLE,SECUENCIALREQUERIMIENTO,int,NO,MUL,,
FBS_CONTABILIDADES.DATOSREQUERIMIENTODETALLE,CODIGOTIPOUNIDADMEDIDA,varchar(5),NO,MUL,,
FBS_CONTABILIDADES.DATOSREQUERIMIENTODETALLE,CODIGOARTICULO,char(10),YES,MUL,,
FBS_CONTABILIDADES.DATOSREQUERIMIENTODETALLE,DESCRIPCION,varchar(500),NO,,,
FBS_CONTABILIDADES.DATOSREQUERIMIENTODETALLE,CANTIDAD,int,NO,,,
FBS_CONTABILIDADES.DATOSREQUERIMIENTODETALLE,CANTIDADAUTORIZADA,int,NO,,0,
FBS_CONTABILIDADES.DATOSREQUERIMIENTODETALLE,INGRESADODESDECOTIZACION,tinyint,NO,,0,
FBS_CONTABILIDADES.DATOSREQUERIMIENTODETALLE,ESTAACTIVO,tinyint,NO,,1,
FBS_CONTABILIDADES.DATOSREQUERIMIENTODETALLE,CONCURRENCIA,timestamp(6),YES,,CURRENT_TIMESTAMP(6),DEFAULT_GENERATED on update CURRENT_TIMESTAMP(6)
FBS_CONTABILIDADES.DETPARTPOL_ANETRANSCLCOMPRAS,SECUENCIALANEXOTRANSCLCOMPRAS,int,NO,PRI,,
FBS_CONTABILIDADES.DETPARTPOL_ANETRANSCLCOMPRAS,MONTOTITULOONEROSO,"decimal(18,2)",NO,,,
FBS_CONTABILIDADES.DETPARTPOL_ANETRANSCLCOMPRAS,MONTOTITULOGRATUITO,"decimal(18,2)",NO,,,
FBS_CONTABILIDADES.DETPARTPOL_ANETRANSCLCOMPRAS,CONCURRENCIA,timestamp(6),YES,,CURRENT_TIMESTAMP(6),DEFAULT_GENERATED on update CURRENT_TIMESTAMP(6)
FBS_CONTABILIDADES.DETRACCIONIR,CODIGO,varchar(5),NO,PRI,,
FBS_CONTABILIDADES.DETRACCIONIR,SECUENCIALEMPRESA,int,NO,MUL,,
FBS_CONTABILIDADES.DETRACCIONIR,SECUENCIALCUENTACONTABLE,int,NO,MUL,,
FBS_CONTABILIDADES.DETRACCIONIR,NOMBRE,varchar(100),NO,,,
FBS_CONTABILIDADES.DETRACCIONIR,FORMULARIO,varchar(5),NO,,,
FBS_CONTABILIDADES.DETRACCIONIR,PORCENTAJE,"decimal(18,2)",NO,,,
FBS_CONTABILIDADES.DETRACCIONIR,ESTAACTIVO,tinyint unsigned,NO,,,
FBS_CONTABILIDADES.DETRACCIONIR,NUMEROVERIFICADOR,int,NO,,,
FBS_CONTABILIDADES.DETRACCIONIR,SECUENCIALMONEDA,int,NO,MUL,,
FBS_CONTABILIDADES.DETRACCIONIR,ESPARARETENCION,tinyint unsigned,NO,,,
FBS_CONTABILIDADES.DETRACCIONIR,CONCURRENCIA,timestamp(6),YES,,CURRENT_TIMESTAMP(6),DEFAULT_GENERATED on update CURRENT_TIMESTAMP(6)
FBS_CONTABILIDADES.DETRACCIONIR_AUXILIARCONTABLE,CODIGODETRACCIONIR,varchar(5),NO,PRI,,
FBS_CONTABILIDADES.DETRACCIONIR_AUXILIARCONTABLE,SECUENCIALAUXILIARCONTABLE,int,NO,MUL,,
FBS_CONTABILIDADES.DETRACCIONIR_AUXILIARCONTABLE,CONCURRENCIA,timestamp(6),YES,,CURRENT_TIMESTAMP(6),DEFAULT_GENERATED on update CURRENT_TIMESTAMP(6)
FBS_CONTABILIDADES.DOCCOMPRAPAGOPROVEEDORANTICIPO,SECUENCIAL,int,NO,PRI,,auto_increment
FBS_CONTABILIDADES.DOCCOMPRAPAGOPROVEEDORANTICIPO,SECUENCIALDOCUMENTOCOMPRAPAGO,int,NO,MUL,,
FBS_CONTABILIDADES.DOCCOMPRAPAGOPROVEEDORANTICIPO,SECUENCIALPROVEEDORANTICIPO,int,NO,MUL,,
FBS_CONTABILIDADES.DOCCOMPRAPAGOPROVEEDORANTICIPO,VALOR,"decimal(18,2)",NO,,,
FBS_CONTABILIDADES.DOCCOMPRAPAGOPROVEEDORANTICIPO,CONCURRENCIA,timestamp(6),YES,,CURRENT_TIMESTAMP(6),DEFAULT_GENERATED on update CURRENT_TIMESTAMP(6)
FBS_CONTABILIDADES.DOCCOMPRAPAGO_DEBBANC_AUXCBLE,SECUENCIALDOCCOMPRAPAGODEBBANC,int,NO,PRI,,
FBS_CONTABILIDADES.DOCCOMPRAPAGO_DEBBANC_AUXCBLE,SECUENCIALAUXILIARCONTABLE,int,NO,MUL,,
FBS_CONTABILIDADES.DOCCOMPRAPAGO_DEBBANC_AUXCBLE,CONCURRENCIA,timestamp(6),YES,,CURRENT_TIMESTAMP(6),DEFAULT_GENERATED on update CURRENT_TIMESTAMP(6)
FBS_CONTABILIDADES.DOCCOMPRAPAGO_DEBITOBANCARIO,SECUENCIALDOCUMENTOCOMPRAPAGO,int,NO,PRI,,
FBS_CONTABILIDADES.DOCCOMPRAPAGO_DEBITOBANCARIO,SECUENCIALCUENTACTBLEBANCARIA,int,NO,MUL,,
FBS_CONTABILIDADES.DOCCOMPRAPAGO_DEBITOBANCARIO,DOCUMENTOBANCARIO,varchar(250),NO,,,
FBS_CONTABILIDADES.DOCCOMPRAPAGO_DEBITOBANCARIO,CONCURRENCIA,timestamp(6),YES,,CURRENT_TIMESTAMP(6),DEFAULT_GENERATED on update CURRENT_TIMESTAMP(6)
FBS_CONTABILIDADES.DOCUMENTOCOMPRA,SECUENCIAL,int,NO,PRI,,auto_increment
FBS_CONTABILIDADES.DOCUMENTOCOMPRA,DOCUMENTO,varchar(50),NO,,,
FBS_CONTABILIDADES.DOCUMENTOCOMPRA,CODIGOTIPODOCUMENTOCOMPRA,varchar(5),NO,MUL,,
FBS_CONTABILIDADES.DOCUMENTOCOMPRA,CONCEPTO,varchar(500),NO,,,
FBS_CONTABILIDADES.DOCUMENTOCOMPRA,SECUENCIALPROVEEDOR,int,NO,MUL,,
FBS_CONTABILIDADES.DOCUMENTOCOMPRA,FECHADECADUCIDAD,datetime(3),NO,,,
FBS_CONTABILIDADES.DOCUMENTOCOMPRA,TIENERETENCION,tinyint unsigned,NO,,,
FBS_CONTABILIDADES.DOCUMENTOCOMPRA,CONPRORRATEOOFICINAS,tinyint unsigned,NO,,,
FBS_CONTABILIDADES.DOCUMENTOCOMPRA,VALOROTROSSERVICIOSFINANCIEROS,"decimal(18,2)",NO,,,
FBS_CONTABILIDADES.DOCUMENTOCOMPRA,VALORICE,"decimal(18,2)",NO,,,
FBS_CONTABILIDADES.DOCUMENTOCOMPRA,VALORPARCIAL,"decimal(18,2)",NO,,,
FBS_CONTABILIDADES.DOCUMENTOCOMPRA,VALORDESCUENTO,"decimal(18,2)",NO,,,
FBS_CONTABILIDADES.DOCUMENTOCOMPRA,VALORSUBTOTAL,"decimal(18,2)",NO,,,
FBS_CONTABILIDADES.DOCUMENTOCOMPRA,VALORITBIS,"decimal(18,2)",NO,,,
FBS_CONTABILIDADES.DOCUMENTOCOMPRA,VALORTOTAL,"decimal(18,2)",NO,,,
FBS_CONTABILIDADES.DOCUMENTOCOMPRA,CODIGOESTADODOCUMENTOCOMPRA,varchar(2),NO,MUL,,
FBS_CONTABILIDADES.DOCUMENTOCOMPRA,CODIGOUSUARIOINGRESO,varchar(25),NO,MUL,,
FBS_CONTABILIDADES.DOCUMENTOCOMPRA,FECHASISTEMAINGRESO,datetime(3),NO,,,
FBS_CONTABILIDADES.DOCUMENTOCOMPRA,FECHAMAQUINAINGRESO,datetime(3),NO,,,
FBS_CONTABILIDADES.DOCUMENTOCOMPRA,NUMEROVERIFICADOR,int,NO,,,
FBS_CONTABILIDADES.DOCUMENTOCOMPRA,SECUENCIALOFICINA,int,NO,MUL,,
FBS_CONTABILIDADES.DOCUMENTOCOMPRA,SECUENCIALMONEDA,int,NO,MUL,,
FBS_CONTABILIDADES.DOCUMENTOCOMPRA,FECHAEMISION,datetime(3),NO,,,
FBS_CONTABILIDADES.DOCUMENTOCOMPRA,TIPOIDPROVEEDOR,varchar(2),NO,,,
FBS_CONTABILIDADES.DOCUMENTOCOMPRA,NUMEROORDENCOMPRA,int,NO,,,
FBS_CONTABILIDADES.DOCUMENTOCOMPRA,NUMEROFACTURA,varchar(20),NO,,,
FBS_CONTABILIDADES.DOCUMENTOCOMPRA,NUMERONCF,varchar(20),NO,,,
FBS_CONTABILIDADES.DOCUMENTOCOMPRA,CODIGOPRODUCTOCOMPRA,varchar(5),NO,MUL,,
FBS_CONTABILIDADES.DOCUMENTOCOMPRA,ESITBISAVANZADO,tinyint unsigned,NO,,,
FBS_CONTABILIDADES.DOCUMENTOCOMPRA,CODIGOPORCENTAJEIMPUESTO,varchar(5),NO,MUL,1000,
FBS_CONTABILIDADES.DOCUMENTOCOMPRA,ESPAGOEXTERIOR,tinyint unsigned,NO,,0,
FBS_CONTABILIDADES.DOCUMENTOCOMPRA,TOTALCARGO,"decimal(18,2)",NO,,,
FBS_CONTABILIDADES.DOCUMENTOCOMPRA,TOTALISC,"decimal(18,2)",NO,,,
FBS_CONTABILIDADES.DOCUMENTOCOMPRA,TOTALCDT,"decimal(18,2)",NO,,,
FBS_CONTABILIDADES.DOCUMENTOCOMPRA,CONCURRENCIA,timestamp(6),YES,,CURRENT_TIMESTAMP(6),DEFAULT_GENERATED on update CURRENT_TIMESTAMP(6)
FBS_CONTABILIDADES.DOCUMENTOCOMPRA,TOTALPROPINALEGAL,"decimal(18,2)",NO,,0.00,
FBS_CONTABILIDADES.DOCUMENTOCOMPRA,NCFMODIFICADO,varchar(15),NO,,,
FBS_CONTABILIDADES.DOCUMENTOCOMPRACAMBIOESTADO,SECUENCIAL,int,NO,PRI,,auto_increment
FBS_CONTABILIDADES.DOCUMENTOCOMPRACAMBIOESTADO,SECUENCIALDOCUMENTOCOMPRA,int,NO,MUL,,
FBS_CONTABILIDADES.DOCUMENTOCOMPRACAMBIOESTADO,CODIGOUSUARIO,varchar(25),NO,MUL,,
FBS_CONTABILIDADES.DOCUMENTOCOMPRACAMBIOESTADO,FECHASISTEMA,datetime(3),NO,,,
FBS_CONTABILIDADES.DOCUMENTOCOMPRACAMBIOESTADO,FECHAMAQUINA,datetime(3),NO,,,
FBS_CONTABILIDADES.DOCUMENTOCOMPRACAMBIOESTADO,CODIGOESTADODOCUMENTOCOMPRA,varchar(2),NO,MUL,,
FBS_CONTABILIDADES.DOCUMENTOCOMPRACAMBIOESTADO,CONCURRENCIA,timestamp(6),YES,,CURRENT_TIMESTAMP(6),DEFAULT_GENERATED on update CURRENT_TIMESTAMP(6)
FBS_CONTABILIDADES.DOCUMENTOCOMPRACOMENTARIO,SECUENCIAL,int,NO,PRI,,auto_increment
FBS_CONTABILIDADES.DOCUMENTOCOMPRACOMENTARIO,SECUENCIALDOCUMENTOCOMPRA,int,NO,MUL,,
FBS_CONTABILIDADES.DOCUMENTOCOMPRACOMENTARIO,COMENTARIO,varchar(250),NO,,,
FBS_CONTABILIDADES.DOCUMENTOCOMPRACOMENTARIO,CODIGOUSUARIO,varchar(25),NO,MUL,,
FBS_CONTABILIDADES.DOCUMENTOCOMPRACOMENTARIO,FECHASISTEMA,datetime(3),NO,,,
FBS_CONTABILIDADES.DOCUMENTOCOMPRACOMENTARIO,FECHAMAQUINA,datetime(3),NO,,,
FBS_CONTABILIDADES.DOCUMENTOCOMPRACOMENTARIO,CONCURRENCIA,timestamp(6),YES,,CURRENT_TIMESTAMP(6),DEFAULT_GENERATED on update CURRENT_TIMESTAMP(6)
FBS_CONTABILIDADES.DOCUMENTOCOMPRACOMPBTECBLE,SECUENCIAL,int,NO,PRI,,auto_increment
FBS_CONTABILIDADES.DOCUMENTOCOMPRACOMPBTECBLE,SECUENCIALDOCUMENTOCOMPRA,int,NO,MUL,,
FBS_CONTABILIDADES.DOCUMENTOCOMPRACOMPBTECBLE,SECUENCIALCOMPROBANTECONTABLE,int,NO,MUL,,
FBS_CONTABILIDADES.DOCUMENTOCOMPRACOMPBTECBLE,REVERSADO,tinyint unsigned,NO,,,
FBS_CONTABILIDADES.DOCUMENTOCOMPRACOMPBTECBLE,CONCURRENCIA,timestamp(6),YES,,CURRENT_TIMESTAMP(6),DEFAULT_GENERATED on update CURRENT_TIMESTAMP(6)
FBS_CONTABILIDADES.DOCUMENTOCOMPRACUENTACBLEAMORTIZA,SECUENCIAL,int,NO,PRI,,auto_increment
FBS_CONTABILIDADES.DOCUMENTOCOMPRACUENTACBLEAMORTIZA,SECUENCIALDOCUMENTOCOMPRA,int,NO,MUL,,
FBS_CONTABILIDADES.DOCUMENTOCOMPRACUENTACBLEAMORTIZA,SECUENCIALCUENTACONTABLEAMORTIZACION,int,NO,MUL,,
FBS_CONTABILIDADES.DOCUMENTOCOMPRACUENTACBLEAMORTIZA,ESTAACTIVO,tinyint unsigned,NO,,,
FBS_CONTABILIDADES.DOCUMENTOCOMPRACUENTACBLEAMORTIZA,NUMEROVERIFICADOR,int,NO,,,
FBS_CONTABILIDADES.DOCUMENTOCOMPRACUENTACBLEAMORTIZA,CONCURRENCIA,timestamp(6),YES,,CURRENT_TIMESTAMP(6),DEFAULT_GENERATED on update CURRENT_TIMESTAMP(6)
FBS_CONTABILIDADES.DOCUMENTOCOMPRAPAGO,SECUENCIAL,int,NO,PRI,,auto_increment
FBS_CONTABILIDADES.DOCUMENTOCOMPRAPAGO,SECUENCIALDOCUMENTOCOMPRA,int,NO,MUL,,
FBS_CONTABILIDADES.DOCUMENTOCOMPRAPAGO,CODIGOFORMAPAGO,varchar(5),NO,MUL,,
FBS_CONTABILIDADES.DOCUMENTOCOMPRAPAGO,VALOR,"decimal(18,2)",NO,,,
FBS_CONTABILIDADES.DOCUMENTOCOMPRAPAGO,PAGADO,tinyint unsigned,NO,,,
FBS_CONTABILIDADES.DOCUMENTOCOMPRAPAGO,ESTAACTIVO,tinyint unsigned,NO,,,
FBS_CONTABILIDADES.DOCUMENTOCOMPRAPAGO,NUMEROVERIFICADOR,int,NO,,,
FBS_CONTABILIDADES.DOCUMENTOCOMPRAPAGO,CONCURRENCIA,timestamp(6),YES,,CURRENT_TIMESTAMP(6),DEFAULT_GENERATED on update CURRENT_TIMESTAMP(6)
FBS_CONTABILIDADES.DOCUMENTOCOMPRAPAGO_CUENTA,SECUENCIALDOCUMENTOCOMPRAPAGO,int,NO,PRI,,
FBS_CONTABILIDADES.DOCUMENTOCOMPRAPAGO_CUENTA,SECUENCIALCUENTA,int,NO,MUL,,
FBS_CONTABILIDADES.DOCUMENTOCOMPRAPAGO_CUENTA,DOCUMENTO,varchar(50),NO,,,
FBS_CONTABILIDADES.DOCUMENTOCOMPRAPAGO_CUENTA,CONCURRENCIA,timestamp(6),YES,,CURRENT_TIMESTAMP(6),DEFAULT_GENERATED on update CURRENT_TIMESTAMP(6)
FBS_CONTABILIDADES.DOCUMENTOCOMPRAPAGO_ORDEN,SECUENCIALDOCUMENTOCOMPRAPAGO,int,NO,PRI,,
FBS_CONTABILIDADES.DOCUMENTOCOMPRAPAGO_ORDEN,SECUENCIALORDEN,int,NO,MUL,,
FBS_CONTABILIDADES.DOCUMENTOCOMPRAPAGO_ORDEN,CONCURRENCIA,timestamp(6),YES,,CURRENT_TIMESTAMP(6),DEFAULT_GENERATED on update CURRENT_TIMESTAMP(6)
FBS_CONTABILIDADES.DOCUMENTOCOMPRARETENCION,SECUENCIAL,int,NO,PRI,,auto_increment
FBS_CONTABILIDADES.DOCUMENTOCOMPRARETENCION,SECUENCIALDOCUMENTOCOMPRA,int,NO,MUL,,
FBS_CONTABILIDADES.DOCUMENTOCOMPRARETENCION,NUMEROCOMPROBANTERETENCION,varchar(7),NO,,,
FBS_CONTABILIDADES.DOCUMENTOCOMPRARETENCION,PORCENTAJEIGV,char(1),NO,,,
FBS_CONTABILIDADES.DOCUMENTOCOMPRARETENCION,MONTOIGVBIENES,"decimal(18,2)",NO,,,
FBS_CONTABILIDADES.DOCUMENTOCOMPRARETENCION,MONTOIGVSERVICIOS,"decimal(18,2)",NO,,,
FBS_CONTABILIDADES.DOCUMENTOCOMPRARETENCION,CONCURRENCIA,timestamp(6),YES,,CURRENT_TIMESTAMP(6),DEFAULT_GENERATED on update CURRENT_TIMESTAMP(6)
FBS_CONTABILIDADES.DOCUMENTOCOMPRARETENCIONIGV,SECUENCIAL,int,NO,PRI,,auto_increment
FBS_CONTABILIDADES.DOCUMENTOCOMPRARETENCIONIGV,SECUENCIALDOCCOMPRARETEN,int,NO,MUL,,
FBS_CONTABILIDADES.DOCUMENTOCOMPRARETENCIONIGV,ESSERVICIOS,tinyint unsigned,NO,,,
FBS_CONTABILIDADES.DOCUMENTOCOMPRARETENCIONIGV,SECUENCIALRETENCIONIGV,int,NO,MUL,,
FBS_CONTABILIDADES.DOCUMENTOCOMPRARETENCIONIGV,BASEIMPONIBLE,"decimal(18,2)",NO,,,
FBS_CONTABILIDADES.DOCUMENTOCOMPRARETENCIONIGV,PORCENTAJERETENCION,"decimal(18,2)",NO,,,
FBS_CONTABILIDADES.DOCUMENTOCOMPRARETENCIONIGV,VALORRETENCIONIGV,"decimal(18,2)",NO,,,
FBS_CONTABILIDADES.DOCUMENTOCOMPRARETENCIONIGV,CONCURRENCIA,timestamp(6),YES,,CURRENT_TIMESTAMP(6),DEFAULT_GENERATED on update CURRENT_TIMESTAMP(6)
FBS_CONTABILIDADES.DOCUMENTOCOMPRARETENCIONIR,SECUENCIAL,int,NO,PRI,,auto_increment
FBS_CONTABILIDADES.DOCUMENTOCOMPRARETENCIONIR,SECUENCIALDOCCOMPRARETEN,int,NO,MUL,,
FBS_CONTABILIDADES.DOCUMENTOCOMPRARETENCIONIR,ESSERVICIOS,tinyint unsigned,NO,,,
FBS_CONTABILIDADES.DOCUMENTOCOMPRARETENCIONIR,CODIGOCONCEPTORETENCION,varchar(5),NO,,,
FBS_CONTABILIDADES.DOCUMENTOCOMPRARETENCIONIR,BASEIMPONIBLE,"decimal(18,2)",NO,,,
FBS_CONTABILIDADES.DOCUMENTOCOMPRARETENCIONIR,PORCENTAJERETENCION,"decimal(18,2)",NO,,,
FBS_CONTABILIDADES.DOCUMENTOCOMPRARETENCIONIR,VALORRETENCIONFUENTE,"decimal(18,2)",NO,,,
FBS_CONTABILIDADES.DOCUMENTOCOMPRARETENCIONIR,CONCURRENCIA,timestamp(6),YES,,CURRENT_TIMESTAMP(6),DEFAULT_GENERATED on update CURRENT_TIMESTAMP(6)
FBS_CONTABILIDADES.DOCUMENTOCOMPRA_PAGOEXTERIOR,SECUENCIALDOCUMENTOCOMPRA,int,NO,PRI,,
FBS_CONTABILIDADES.DOCUMENTOCOMPRA_PAGOEXTERIOR,CODIGOPAISDESTINO,varchar(10),NO,MUL,,
FBS_CONTABILIDADES.DOCUMENTOCOMPRA_PAGOEXTERIOR,CODIGOTIPOSERVICIO,varchar(5),NO,MUL,,
FBS_CONTABILIDADES.DOCUMENTOCOMPRA_PAGOEXTERIOR,ESPARTERELACIONADA,tinyint unsigned,NO,,,
FBS_CONTABILIDADES.DOCUMENTOCOMPRA_PAGOEXTERIOR,CONCURRENCIA,timestamp(6),YES,,CURRENT_TIMESTAMP(6),DEFAULT_GENERATED on update CURRENT_TIMESTAMP(6)
FBS_CONTABILIDADES.DOCUMENTOCOMPRA_PRORRATEO,SECUENCIALDOCUMENTOCOMPRA,int,NO,PRI,,
FBS_CONTABILIDADES.DOCUMENTOCOMPRA_PRORRATEO,PRORRATEOPORPORCENTAJE,tinyint unsigned,NO,,,
FBS_CONTABILIDADES.DOCUMENTOCOMPRA_PRORRATEO,PRORRATEOPORPARTESIGUALES,tinyint unsigned,NO,,,
FBS_CONTABILIDADES.DOCUMENTOCOMPRA_PRORRATEO,PRORRATEOPORVALORES,tinyint unsigned,NO,,,
FBS_CONTABILIDADES.DOCUMENTOCOMPRA_PRORRATEO,ESTAACTIVO,tinyint unsigned,NO,,,
FBS_CONTABILIDADES.DOCUMENTOCOMPRA_PRORRATEO,NUMEROVERIFICADOR,int,NO,,,
FBS_CONTABILIDADES.DOCUMENTOCOMPRA_PRORRATEO,CONCURRENCIA,timestamp(6),YES,,CURRENT_TIMESTAMP(6),DEFAULT_GENERATED on update CURRENT_TIMESTAMP(6)
FBS_CONTABILIDADES.DOCUMENTOCOMPRA_PRORRATEOOFIC,SECUENCIAL,int,NO,PRI,,auto_increment
FBS_CONTABILIDADES.DOCUMENTOCOMPRA_PRORRATEOOFIC,SECUENCIALDOCCOMPRAPRORRATEO,int,NO,MUL,,
FBS_CONTABILIDADES.DOCUMENTOCOMPRA_PRORRATEOOFIC,SECUENCIALOFICINA,int,NO,MUL,,
FBS_CONTABILIDADES.DOCUMENTOCOMPRA_PRORRATEOOFIC,VALOR,"decimal(18,2)",NO,,,
FBS_CONTABILIDADES.DOCUMENTOCOMPRA_PRORRATEOOFIC,ESTAACTIVO,tinyint unsigned,NO,,,
FBS_CONTABILIDADES.DOCUMENTOCOMPRA_PRORRATEOOFIC,NUMEROVERIFICADOR,int,NO,,,
FBS_CONTABILIDADES.DOCUMENTOCOMPRA_PRORRATEOOFIC,CONCURRENCIA,timestamp(6),YES,,CURRENT_TIMESTAMP(6),DEFAULT_GENERATED on update CURRENT_TIMESTAMP(6)
FBS_CONTABILIDADES.DOCUMENTOCOMPRA_RUBROXPAGAR,SECUENCIALDOCUMENTOCOMPRA,int,NO,PRI,,
FBS_CONTABILIDADES.DOCUMENTOCOMPRA_RUBROXPAGAR,SECUENCIALRUBROXPAGAR,int,NO,MUL,,
FBS_CONTABILIDADES.DOCUMENTOCOMPRA_RUBROXPAGAR,CONCURRENCIA,timestamp(6),YES,,CURRENT_TIMESTAMP(6),DEFAULT_GENERATED on update CURRENT_TIMESTAMP(6)
FBS_CONTABILIDADES.DOCUMENTOCOMPRA_RUBROXPAGARCUOTANC,SECUENCIAL,int,NO,PRI,,auto_increment
FBS_CONTABILIDADES.DOCUMENTOCOMPRA_RUBROXPAGARCUOTANC,SECUENCIALDOCUMENTOCOMPRA,int,NO,MUL,,
FBS_CONTABILIDADES.DOCUMENTOCOMPRA_RUBROXPAGARCUOTANC,SECUENCIALRUBROPORPAGARCUOTA,int,NO,MUL,,
FBS_CONTABILIDADES.DOCUMENTOCOMPRA_RUBROXPAGARCUOTANC,NUMEROCUOTA,int,NO,,,
FBS_CONTABILIDADES.DOCUMENTOCOMPRA_RUBROXPAGARCUOTANC,VALORPAGARANTERIOR,"decimal(18,2)",NO,,,
FBS_CONTABILIDADES.DOCUMENTOCOMPRA_RUBROXPAGARCUOTANC,VALORPORPAGARNUEVO,"decimal(18,2)",NO,,,
FBS_CONTABILIDADES.DOCUMENTOCOMPRA_RUBROXPAGARCUOTANC,VALORDISMINUIDO,"decimal(18,2)",NO,,,
FBS_CONTABILIDADES.DOCUMENTOCOMPRA_RUBROXPAGARCUOTANC,CODIGOUSUARIO,varchar(25),NO,MUL,,
FBS_CONTABILIDADES.DOCUMENTOCOMPRA_RUBROXPAGARCUOTANC,FECHASISTEMA,datetime(3),NO,,,
FBS_CONTABILIDADES.DOCUMENTOCOMPRA_RUBROXPAGARCUOTANC,FECHAMAQUINA,datetime(3),NO,,,
FBS_CONTABILIDADES.DOCUMENTOCOMPRA_RUBROXPAGARCUOTANC,CONCURRENCIA,timestamp(6),YES,,CURRENT_TIMESTAMP(6),DEFAULT_GENERATED on update CURRENT_TIMESTAMP(6)
FBS_CONTABILIDADES.DOCUMENTOCOMPRA_RUBROXPAGARNC,SECUENCIALDOCUMENTOCOMPRA,int,NO,PRI,,
FBS_CONTABILIDADES.DOCUMENTOCOMPRA_RUBROXPAGARNC,SECUENCIALRUBROPORPAGAR,int,NO,MUL,,
FBS_CONTABILIDADES.DOCUMENTOCOMPRA_RUBROXPAGARNC,VALORPORPAGARANTERIOR,"decimal(18,2)",NO,,,
FBS_CONTABILIDADES.DOCUMENTOCOMPRA_RUBROXPAGARNC,VALORPORPAGARNUEVO,"decimal(18,2)",NO,,,
FBS_CONTABILIDADES.DOCUMENTOCOMPRA_RUBROXPAGARNC,VALORDISMINUIDO,"decimal(18,2)",NO,,,
FBS_CONTABILIDADES.DOCUMENTOCOMPRA_RUBROXPAGARNC,CODIGOUSUARIO,varchar(25),NO,MUL,,
FBS_CONTABILIDADES.DOCUMENTOCOMPRA_RUBROXPAGARNC,FECHASISTEMA,datetime(3),NO,,,
FBS_CONTABILIDADES.DOCUMENTOCOMPRA_RUBROXPAGARNC,FECHAMAQUINA,datetime(3),NO,,,
FBS_CONTABILIDADES.DOCUMENTOCOMPRA_RUBROXPAGARNC,CONCURRENCIA,timestamp(6),YES,,CURRENT_TIMESTAMP(6),DEFAULT_GENERATED on update CURRENT_TIMESTAMP(6)
FBS_CONTABILIDADES.DOCUMENTOPAGO,SECUENCIAL,int,NO,PRI,,auto_increment
FBS_CONTABILIDADES.DOCUMENTOPAGO,NOMBRE,varchar(100),NO,,,
FBS_CONTABILIDADES.DOCUMENTOPAGO,VISTAPROCESA,varchar(100),NO,,,
FBS_CONTABILIDADES.DOCUMENTOPAGO,PRESENTADORPROCESA,varchar(100),NO,,,
FBS_CONTABILIDADES.DOCUMENTOPAGO,SECUENCIALCUENTACONTABLE,int,NO,MUL,,
FBS_CONTABILIDADES.DOCUMENTOPAGO,ESTAACTIVA,tinyint unsigned,NO,,,
FBS_CONTABILIDADES.DOCUMENTOPAGO,NUMEROVERIFICADOR,int,NO,,,
FBS_CONTABILIDADES.DOCUMENTOPAGO,SECUENCIALCUENTACONTABLETRANSITORIA,int,NO,MUL,,
FBS_CONTABILIDADES.DOCUMENTOPAGO,CONCURRENCIA,timestamp(6),YES,,CURRENT_TIMESTAMP(6),DEFAULT_GENERATED on update CURRENT_TIMESTAMP(6)
FBS_CONTABILIDADES.DOCUMENTOPAGOAUXILIARCONTABLE,SECUENCIAL,int,NO,PRI,,auto_increment
FBS_CONTABILIDADES.DOCUMENTOPAGOAUXILIARCONTABLE,SECUENCIALDOCUMENTOPAGO,int,NO,MUL,,
FBS_CONTABILIDADES.DOCUMENTOPAGOAUXILIARCONTABLE,SECUENCIALAUXILIARCONTABLE,int,NO,MUL,,
FBS_CONTABILIDADES.DOCUMENTOPAGOAUXILIARCONTABLE,ESTAACTIVO,tinyint unsigned,NO,,,
FBS_CONTABILIDADES.DOCUMENTOPAGOAUXILIARCONTABLE,NUMEROVERIFICADOR,int,NO,,,
FBS_CONTABILIDADES.DOCUMENTOPAGOAUXILIARCONTABLE,CONCURRENCIA,timestamp(6),YES,,CURRENT_TIMESTAMP(6),DEFAULT_GENERATED on update CURRENT_TIMESTAMP(6)
FBS_CONTABILIDADES.EMPRESA_CIERRECONTABLEFINANIO,SECUENCIAL,int,NO,PRI,,auto_increment
FBS_CONTABILIDADES.EMPRESA_CIERRECONTABLEFINANIO,SECUENCIALEMPRESA,int,NO,MUL,,
FBS_CONTABILIDADES.EMPRESA_CIERRECONTABLEFINANIO,SECUENCIALMONEDA,int,NO,MUL,,
FBS_CONTABILIDADES.EMPRESA_CIERRECONTABLEFINANIO,SECUENCIALCTACBLEUTILIDAD,int,NO,MUL,,
FBS_CONTABILIDADES.EMPRESA_CIERRECONTABLEFINANIO,SECUENCIALCTACBLEPERDIDA,int,NO,MUL,,
FBS_CONTABILIDADES.EMPRESA_CIERRECONTABLEFINANIO,NUMEROVERIFICADOR,int,NO,,,
FBS_CONTABILIDADES.EMPRESA_CIERRECONTABLEFINANIO,CONCURRENCIA,timestamp(6),YES,,CURRENT_TIMESTAMP(6),DEFAULT_GENERATED on update CURRENT_TIMESTAMP(6)
FBS_CONTABILIDADES.EMPRESA_PARAMCTACBLENIVELACION,SECUENCIAL,int,NO,PRI,,auto_increment
FBS_CONTABILIDADES.EMPRESA_PARAMCTACBLENIVELACION,SECUENCIALEMPRESA,int,NO,MUL,,
FBS_CONTABILIDADES.EMPRESA_PARAMCTACBLENIVELACION,SECUENCIALMONEDA,int,NO,MUL,,
FBS_CONTABILIDADES.EMPRESA_PARAMCTACBLENIVELACION,SECUENCIALCUENTACONTABLEINGRESO,int,NO,MUL,,
FBS_CONTABILIDADES.EMPRESA_PARAMCTACBLENIVELACION,SECUENCIALCUENTACONTABLEGASTO,int,NO,MUL,,
FBS_CONTABILIDADES.EMPRESA_PARAMCTACBLENIVELACION,NUMEROVERIFICADOR,int,NO,,,
FBS_CONTABILIDADES.EMPRESA_PARAMCTACBLENIVELACION,CONCURRENCIA,timestamp(6),YES,,CURRENT_TIMESTAMP(6),DEFAULT_GENERATED on update CURRENT_TIMESTAMP(6)
FBS_CONTABILIDADES.EMPRESA_PARAMETROGCIONCONTA,SECUENCIALEMPRESA,int,NO,PRI,,
FBS_CONTABILIDADES.EMPRESA_PARAMETROGCIONCONTA,CODIGOPERIODCNUMCOMPBTECBLE,varchar(20),NO,,,
FBS_CONTABILIDADES.EMPRESA_PARAMETROGCIONCONTA,NUMEROVERIFICADOR,int,NO,,,
FBS_CONTABILIDADES.EMPRESA_PARAMETROGCIONCONTA,CONCURRENCIA,timestamp(6),YES,,CURRENT_TIMESTAMP(6),DEFAULT_GENERATED on update CURRENT_TIMESTAMP(6)
FBS_CONTABILIDADES.EMPRESA_PARAMETROGENERACIONFACTURA,SECUENCIAL,int,NO,PRI,,auto_increment
FBS_CONTABILIDADES.EMPRESA_PARAMETROGENERACIONFACTURA,SECUENCIALEMPRESA,int,NO,MUL,,
FBS_CONTABILIDADES.EMPRESA_PARAMETROGENERACIONFACTURA,CODIGOPERIODO,varchar(2),NO,,,
FBS_CONTABILIDADES.EMPRESA_PARAMETROGENERACIONFACTURA,PERIODO,varchar(6),NO,,,
FBS_CONTABILIDADES.EMPRESA_PARAMETROGENERACIONFACTURA,ULTIMONUMERO,int,NO,,,
FBS_CONTABILIDADES.EMPRESA_PARAMETROGENERACIONFACTURA,NUMEROVERIFICADOR,int,NO,,,
FBS_CONTABILIDADES.EMPRESA_PARAMETROGENERACIONFACTURA,CONCURRENCIA,timestamp(6),YES,,CURRENT_TIMESTAMP(6),DEFAULT_GENERATED on update CURRENT_TIMESTAMP(6)
FBS_CONTABILIDADES.EMPRESA_PARAMETROGENERACIONORDENCOMPRA,SECUENCIAL,int,NO,PRI,,auto_increment
FBS_CONTABILIDADES.EMPRESA_PARAMETROGENERACIONORDENCOMPRA,SECUENCIALEMPRESA,int,NO,MUL,,
FBS_CONTABILIDADES.EMPRESA_PARAMETROGENERACIONORDENCOMPRA,ULTIMONUMERO,int,NO,,,
FBS_CONTABILIDADES.EMPRESA_PARAMETROGENERACIONORDENCOMPRA,CONCURRENCIA,timestamp(6),YES,,CURRENT_TIMESTAMP(6),DEFAULT_GENERATED on update CURRENT_TIMESTAMP(6)
FBS_CONTABILIDADES.EMPRESA_PARAMETROIMPRDOCSCONT,SECUENCIALEMPRESA,int,NO,PRI,,
FBS_CONTABILIDADES.EMPRESA_PARAMETROIMPRDOCSCONT,CLASEIMPRIMERETENCION,varchar(100),NO,,,
FBS_CONTABILIDADES.EMPRESA_PARAMETROIMPRDOCSCONT,METODOIMPRIMERETENCION,varchar(100),NO,,,
FBS_CONTABILIDADES.EMPRESA_PARAMETROIMPRDOCSCONT,NUMEROVERIFICADOR,int,NO,,,
FBS_CONTABILIDADES.EMPRESA_PARAMETROIMPRDOCSCONT,CONCURRENCIA,timestamp(6),YES,,CURRENT_TIMESTAMP(6),DEFAULT_GENERATED on update CURRENT_TIMESTAMP(6)
FBS_CONTABILIDADES.EMPRESA_PARAMETROVALIDCONTA,SECUENCIALEMPRESA,int,NO,PRI,,
FBS_CONTABILIDADES.EMPRESA_PARAMETROVALIDCONTA,FORMATOCUENTACONTABLE,varchar(20),NO,,,
FBS_CONTABILIDADES.EMPRESA_PARAMETROVALIDCONTA,CODGRUPOCONTTRASFINTERNAACTIVO,varchar(10),NO,,,
FBS_CONTABILIDADES.EMPRESA_PARAMETROVALIDCONTA,CODGRUPOCONTTRASFINTERNAPASIVO,varchar(10),NO,,,
FBS_CONTABILIDADES.EMPRESA_PARAMETROVALIDCONTA,CODGRUPOCONTABLEBANCARIOSOLES,varchar(10),NO,,,
FBS_CONTABILIDADES.EMPRESA_PARAMETROVALIDCONTA,CODGRUPOCONTABLEBANCARIODOLARES,varchar(10),NO,,,
FBS_CONTABILIDADES.EMPRESA_PARAMETROVALIDCONTA,CODIGOGRUPOCONTABLEGASTOSOLES,varchar(10),NO,,,
FBS_CONTABILIDADES.EMPRESA_PARAMETROVALIDCONTA,CODIGOGRUPOCONTABLEGASTODOLARES,varchar(10),NO,,,
FBS_CONTABILIDADES.EMPRESA_PARAMETROVALIDCONTA,CODIGOGRUPOCUENTASPORPAGARSOLES,varchar(10),NO,,,
FBS_CONTABILIDADES.EMPRESA_PARAMETROVALIDCONTA,CODIGOGRUPOCUENTASPORPAGARDOLARES,varchar(10),NO,,,
FBS_CONTABILIDADES.EMPRESA_PARAMETROVALIDCONTA,CODIGOGRUPOCUENTASPORCOBRARSOLES,varchar(10),NO,,,
FBS_CONTABILIDADES.EMPRESA_PARAMETROVALIDCONTA,CODIGOGRUPOCUENTASPORCOBRARDOLARES,varchar(10),NO,,,
FBS_CONTABILIDADES.EMPRESA_PARAMETROVALIDCONTA,CODGRUPOCONTTRASFINTERNAMONEDAEXTACTIVO,varchar(10),NO,,,
FBS_CONTABILIDADES.EMPRESA_PARAMETROVALIDCONTA,CODGRUPOCONTTRASFINTERNAMONEDAEXTPASIVO,varchar(10),NO,,,
FBS_CONTABILIDADES.EMPRESA_PARAMETROVALIDCONTA,NUMEROVERIFICADOR,int,NO,,,
FBS_CONTABILIDADES.EMPRESA_PARAMETROVALIDCONTA,CODIGOGRUPOCONTABLEINGRESO,varchar(10),NO,,400,
FBS_CONTABILIDADES.EMPRESA_PARAMETROVALIDCONTA,CODIGOGRUPOCONTABLEINGRESODOLARES,varchar(10),NO,,400,
FBS_CONTABILIDADES.EMPRESA_PARAMETROVALIDCONTA,CONCURRENCIA,timestamp(6),YES,,CURRENT_TIMESTAMP(6),DEFAULT_GENERATED on update CURRENT_TIMESTAMP(6)
FBS_CONTABILIDADES.EMPRESA_PARAMPAGOPROVEEDORES,SECUENCIAL,int,NO,PRI,,auto_increment
FBS_CONTABILIDADES.EMPRESA_PARAMPAGOPROVEEDORES,SECUENCIALMONEDA,int,NO,MUL,,
FBS_CONTABILIDADES.EMPRESA_PARAMPAGOPROVEEDORES,SECUENCIALCAUSALANTICIPOS,int,NO,MUL,,
FBS_CONTABILIDADES.EMPRESA_PARAMPAGOPROVEEDORES,SECUENCIALCAUSALCUENTASXPAGAR,int,NO,MUL,,
FBS_CONTABILIDADES.EMPRESA_PARAMPAGOPROVEEDORES,MONTOMAXIMOPAGOENEFECTIVO,"decimal(18,2)",NO,,,
FBS_CONTABILIDADES.EMPRESA_PARAMPAGOPROVEEDORES,NUMEROVERIFICADOR,int,NO,,,
FBS_CONTABILIDADES.EMPRESA_PARAMPAGOPROVEEDORES,CONCURRENCIA,timestamp(6),YES,,CURRENT_TIMESTAMP(6),DEFAULT_GENERATED on update CURRENT_TIMESTAMP(6)
FBS_CONTABILIDADES.EMPRESA_PARAMPROVEEDORDEFECTO,SECUENCIALEMPRESA,int,NO,PRI,,
FBS_CONTABILIDADES.EMPRESA_PARAMPROVEEDORDEFECTO,CODIGOTIPOIDENTIFICACION,char(10),NO,,,
FBS_CONTABILIDADES.EMPRESA_PARAMPROVEEDORDEFECTO,CODIGORELACIONPROVEEDOR,varchar(6),NO,MUL,,
FBS_CONTABILIDADES.EMPRESA_PARAMPROVEEDORDEFECTO,CODIGOTIPOPROVEEDOR,varchar(6),NO,MUL,,
FBS_CONTABILIDADES.EMPRESA_PARAMPROVEEDORDEFECTO,CODIGORSE,varchar(6),NO,MUL,,
FBS_CONTABILIDADES.EMPRESA_PARAMPROVEEDORDEFECTO,CONCURRENCIA,timestamp(6),YES,,CURRENT_TIMESTAMP(6),DEFAULT_GENERATED on update CURRENT_TIMESTAMP(6)
FBS_CONTABILIDADES.EMPRESA_PARMCTACBLEXPAGEGRESO,SECUENCIAL,int,NO,PRI,,auto_increment
FBS_CONTABILIDADES.EMPRESA_PARMCTACBLEXPAGEGRESO,SECUENCIALMONEDA,int,NO,MUL,,
FBS_CONTABILIDADES.EMPRESA_PARMCTACBLEXPAGEGRESO,SECUENCIALCTACBLEXPAGEGRESO,int,NO,MUL,,
FBS_CONTABILIDADES.EMPRESA_PARMCTACBLEXPAGEGRESO,NUMEROVERIFICADOR,int,NO,,,
FBS_CONTABILIDADES.EMPRESA_PARMCTACBLEXPAGEGRESO,CONCURRENCIA,timestamp(6),YES,,CURRENT_TIMESTAMP(6),DEFAULT_GENERATED on update CURRENT_TIMESTAMP(6)
FBS_CONTABILIDADES.ESTADOCOMPROBANTECONTABLE,SECUENCIAL,int,NO,PRI,,auto_increment
FBS_CONTABILIDADES.ESTADOCOMPROBANTECONTABLE,CODIGO,char(2),NO,MUL,,
FBS_CONTABILIDADES.ESTADOCOMPROBANTECONTABLE,SECUENCIALEMPRESA,int,NO,MUL,,
FBS_CONTABILIDADES.ESTADOCOMPROBANTECONTABLE,NOMBRE,varchar(50),NO,,,
FBS_CONTABILIDADES.ESTADOCOMPROBANTECONTABLE,ESTAACTIVO,tinyint unsigned,NO,,,
FBS_CONTABILIDADES.ESTADOCOMPROBANTECONTABLE,NUMEROVERIFICADOR,int,NO,,,
FBS_CONTABILIDADES.ESTADOCOMPROBANTECONTABLE,CONCURRENCIA,timestamp(6),YES,,CURRENT_TIMESTAMP(6),DEFAULT_GENERATED on update CURRENT_TIMESTAMP(6)
FBS_CONTABILIDADES.ESTADOCOMPROBANTECONTABLEETAPA,SECUENCIAL,int,NO,PRI,,auto_increment
FBS_CONTABILIDADES.ESTADOCOMPROBANTECONTABLEETAPA,SECUENCIALESTADOCOMPBTECBLE,int,NO,UNI,,
FBS_CONTABILIDADES.ESTADOCOMPROBANTECONTABLEETAPA,SECUENCIALETAPA,int,NO,UNI,,
FBS_CONTABILIDADES.ESTADOCOMPROBANTECONTABLEETAPA,ESTAACTIVO,tinyint unsigned,NO,,,
FBS_CONTABILIDADES.ESTADOCOMPROBANTECONTABLEETAPA,NUMEROVERIFICADOR,int,NO,,,
FBS_CONTABILIDADES.ESTADOCOMPROBANTECONTABLEETAPA,CONCURRENCIA,timestamp(6),YES,,CURRENT_TIMESTAMP(6),DEFAULT_GENERATED on update CURRENT_TIMESTAMP(6)
FBS_CONTABILIDADES.ESTADODECUENTABANCARIO,SECUENCIAL,int,NO,PRI,,auto_increment
FBS_CONTABILIDADES.ESTADODECUENTABANCARIO,SECUENCIALCUENTACONTABLE,int,NO,MUL,,
FBS_CONTABILIDADES.ESTADODECUENTABANCARIO,DOCUMENTOBANCARIO,varchar(50),NO,,,
FBS_CONTABILIDADES.ESTADODECUENTABANCARIO,ANIOMESCONCILIACION,varchar(6),NO,,,
FBS_CONTABILIDADES.ESTADODECUENTABANCARIO,ESDEBITO,tinyint unsigned,NO,,,
FBS_CONTABILIDADES.ESTADODECUENTABANCARIO,VALOR,"decimal(18,2)",NO,,,
FBS_CONTABILIDADES.ESTADODECUENTABANCARIO,CODIGOUSUARIOPROCESO,varchar(25),NO,MUL,,
FBS_CONTABILIDADES.ESTADODECUENTABANCARIO,FECHASISTEMAPROCESO,datetime(3),NO,,,
FBS_CONTABILIDADES.ESTADODECUENTABANCARIO,FECHAMAQUINAPROCESO,datetime(3),NO,,,
FBS_CONTABILIDADES.ESTADODECUENTABANCARIO,CONCILIADO,tinyint unsigned,NO,,,
FBS_CONTABILIDADES.ESTADODECUENTABANCARIO,DIFERENCIA,"decimal(18,2)",NO,,,
FBS_CONTABILIDADES.ESTADODECUENTABANCARIO,ESTAACTIVO,tinyint unsigned,NO,,,
FBS_CONTABILIDADES.ESTADODECUENTABANCARIO,NUMEROVERIFICADOR,int,NO,,,
FBS_CONTABILIDADES.ESTADODECUENTABANCARIO,FECHAMOVIMIENTO,datetime(3),NO,,,
FBS_CONTABILIDADES.ESTADODECUENTABANCARIO,DETALLE,varchar(1000),NO,,,
FBS_CONTABILIDADES.ESTADODECUENTABANCARIO,OFICINA,varchar(50),NO,,,
FBS_CONTABILIDADES.ESTADODECUENTABANCARIO,CONCURRENCIA,timestamp(6),YES,,CURRENT_TIMESTAMP(6),DEFAULT_GENERATED on update CURRENT_TIMESTAMP(6)
FBS_CONTABILIDADES.ESTADODECUENTABANCARIO_AUXCBLE,SECUENCIALESTADODECUENTABAN,int,NO,PRI,,
FBS_CONTABILIDADES.ESTADODECUENTABANCARIO_AUXCBLE,SECUENCIALAUXILIARCONTABLE,int,NO,MUL,,
FBS_CONTABILIDADES.ESTADODECUENTABANCARIO_AUXCBLE,CONCURRENCIA,timestamp(6),YES,,CURRENT_TIMESTAMP(6),DEFAULT_GENERATED on update CURRENT_TIMESTAMP(6)
FBS_CONTABILIDADES.ESTADODECUENTABAN_LECTURAAUT,SECUENCIALESTADODECUENTABAN,int,NO,PRI,,
FBS_CONTABILIDADES.ESTADODECUENTABAN_LECTURAAUT,CADENA,varchar(250),NO,,,
FBS_CONTABILIDADES.ESTADODECUENTABAN_LECTURAAUT,CONCURRENCIA,timestamp(6),YES,,CURRENT_TIMESTAMP(6),DEFAULT_GENERATED on update CURRENT_TIMESTAMP(6)
FBS_CONTABILIDADES.ESTADODECUENTABAN_OBSERVACION,SECUENCIALESTADODECUENTABANCARIO,int,NO,PRI,,
FBS_CONTABILIDADES.ESTADODECUENTABAN_OBSERVACION,OBSERVACION,varchar(1000),NO,,,
FBS_CONTABILIDADES.ESTADODECUENTABAN_OBSERVACION,CONCURRENCIA,timestamp(6),YES,,CURRENT_TIMESTAMP(6),DEFAULT_GENERATED on update CURRENT_TIMESTAMP(6)
FBS_CONTABILIDADES.ESTADODOCUMENTOCOMPRA,CODIGO,varchar(2),NO,PRI,,
FBS_CONTABILIDADES.ESTADODOCUMENTOCOMPRA,NOMBRE,varchar(50),NO,,,
FBS_CONTABILIDADES.ESTADODOCUMENTOCOMPRA,ESTAACTIVO,tinyint unsigned,NO,,,
FBS_CONTABILIDADES.ESTADODOCUMENTOCOMPRA,NUMEROVERIFICADOR,int,NO,,,
FBS_CONTABILIDADES.ESTADODOCUMENTOCOMPRA,CONCURRENCIA,timestamp(6),YES,,CURRENT_TIMESTAMP(6),DEFAULT_GENERATED on update CURRENT_TIMESTAMP(6)
FBS_CONTABILIDADES.ESTADOINVCOMPRORETENCION,CODIGO,varchar(5),NO,PRI,,
FBS_CONTABILIDADES.ESTADOINVCOMPRORETENCION,NOMBRE,varchar(50),NO,,,
FBS_CONTABILIDADES.ESTADOINVCOMPRORETENCION,ESTAACTIVO,tinyint unsigned,NO,,,
FBS_CONTABILIDADES.ESTADOINVCOMPRORETENCION,NUMEROVERIFICADOR,int,NO,,,
FBS_CONTABILIDADES.ESTADOINVCOMPRORETENCION,CONCURRENCIA,timestamp(6),YES,,CURRENT_TIMESTAMP(6),DEFAULT_GENERATED on update CURRENT_TIMESTAMP(6)
FBS_CONTABILIDADES.ESTADOINVCOMPRORETENCIONCAMBIO,SECUENCIAL,int,NO,PRI,,auto_increment
FBS_CONTABILIDADES.ESTADOINVCOMPRORETENCIONCAMBIO,CODIGOESTADOINVRETENCIONORIGEN,varchar(5),NO,MUL,,
FBS_CONTABILIDADES.ESTADOINVCOMPRORETENCIONCAMBIO,CODIGOESTADOINVRETENCIONDESTINO,varchar(5),NO,MUL,,
FBS_CONTABILIDADES.ESTADOINVCOMPRORETENCIONCAMBIO,CONCURRENCIA,timestamp(6),YES,,CURRENT_TIMESTAMP(6),DEFAULT_GENERATED on update CURRENT_TIMESTAMP(6)
FBS_CONTABILIDADES.FORMADEPAGOCOMPRAS,CODIGO,varchar(5),NO,PRI,,
FBS_CONTABILIDADES.FORMADEPAGOCOMPRAS,NOMBRE,varchar(50),NO,,,
FBS_CONTABILIDADES.FORMADEPAGOCOMPRAS,ESTAACTIVO,tinyint unsigned,NO,,,
FBS_CONTABILIDADES.FORMADEPAGOCOMPRAS,NUMEROVERIFICADOR,int,NO,,,
FBS_CONTABILIDADES.FORMADEPAGOCOMPRAS,CONCURRENCIA,timestamp(6),YES,,CURRENT_TIMESTAMP(6),DEFAULT_GENERATED on update CURRENT_TIMESTAMP(6)
FBS_CONTABILIDADES.FORMAPAGO,CODIGO,varchar(10),NO,PRI,,
FBS_CONTABILIDADES.FORMAPAGO,NOMBRE,varchar(80),NO,,,
FBS_CONTABILIDADES.FORMAPAGO,ESTAACTIVO,tinyint unsigned,NO,,,
FBS_CONTABILIDADES.FORMAPAGO,NUMEROVERIFICADOR,int,NO,,,
FBS_CONTABILIDADES.FORMAPAGO,PARACOMPRA,tinyint unsigned,NO,,0,
FBS_CONTABILIDADES.FORMAPAGO,PARAVENTA,tinyint unsigned,NO,,0,
FBS_CONTABILIDADES.FORMAPAGO,CONCURRENCIA,timestamp(6),YES,,CURRENT_TIMESTAMP(6),DEFAULT_GENERATED on update CURRENT_TIMESTAMP(6)
FBS_CONTABILIDADES.FRECUENCIAPAGOAMORTIZACION,CODIGO,char(5),NO,PRI,,
FBS_CONTABILIDADES.FRECUENCIAPAGOAMORTIZACION,NOMBRE,varchar(50),NO,,,
FBS_CONTABILIDADES.FRECUENCIAPAGOAMORTIZACION,NUMERODIAS,int,NO,,,
FBS_CONTABILIDADES.FRECUENCIAPAGOAMORTIZACION,SECUENCIALEMPRESA,int,NO,MUL,,
FBS_CONTABILIDADES.FRECUENCIAPAGOAMORTIZACION,ESTAACTIVA,tinyint unsigned,NO,,,
FBS_CONTABILIDADES.FRECUENCIAPAGOAMORTIZACION,NUMEROVERIFICADOR,int,NO,,,
FBS_CONTABILIDADES.FRECUENCIAPAGOAMORTIZACION,CONCURRENCIA,timestamp(6),YES,,CURRENT_TIMESTAMP(6),DEFAULT_GENERATED on update CURRENT_TIMESTAMP(6)
FBS_CONTABILIDADES.GRUPOAFECTACIONEFECTIVOCUENTA,CODIGO,char(20),NO,PRI,,
FBS_CONTABILIDADES.GRUPOAFECTACIONEFECTIVOCUENTA,NOMBRE,varchar(50),NO,,,
FBS_CONTABILIDADES.GRUPOAFECTACIONEFECTIVOCUENTA,ESTAACTIVO,tinyint unsigned,NO,,,
FBS_CONTABILIDADES.GRUPOAFECTACIONEFECTIVOCUENTA,NUMEROVERIFICADOR,int,NO,,,
FBS_CONTABILIDADES.GRUPOAFECTACIONEFECTIVOCUENTA,CONCURRENCIA,timestamp(6),YES,,CURRENT_TIMESTAMP(6),DEFAULT_GENERATED on update CURRENT_TIMESTAMP(6)
FBS_CONTABILIDADES.HISTORICOCOMPROBANTEPRORRATEO,SECUENCIAL,int,NO,PRI,,auto_increment
FBS_CONTABILIDADES.HISTORICOCOMPROBANTEPRORRATEO,SECUENCIALCOMPROBANTE,int,NO,MUL,,
FBS_CONTABILIDADES.HISTORICOCOMPROBANTEPRORRATEO,SECUENCIALOFICINAPRORRATEO,int,NO,MUL,,
FBS_CONTABILIDADES.HISTORICOCOMPROBANTEPRORRATEO,PORCENTAJE,"decimal(18,2)",NO,,,
FBS_CONTABILIDADES.HISTORICOCOMPROBANTEPRORRATEO,CONCURRENCIA,timestamp(6),YES,,CURRENT_TIMESTAMP(6),DEFAULT_GENERATED on update CURRENT_TIMESTAMP(6)
FBS_CONTABILIDADES.IMPUESTOSELECTIVOALCONSUMO,CODIGO,char(5),NO,PRI,,
FBS_CONTABILIDADES.IMPUESTOSELECTIVOALCONSUMO,SECUENCIALMONEDA,int,NO,MUL,,
FBS_CONTABILIDADES.IMPUESTOSELECTIVOALCONSUMO,NOMBRE,varchar(150),NO,,,
FBS_CONTABILIDADES.IMPUESTOSELECTIVOALCONSUMO,PORCENTAJE,"decimal(9,2)",NO,,,
FBS_CONTABILIDADES.IMPUESTOSELECTIVOALCONSUMO,CONTABILIZACUENTAINDEPENDIENTE,tinyint unsigned,NO,,,
FBS_CONTABILIDADES.IMPUESTOSELECTIVOALCONSUMO,ESTAACTIVO,bigint,NO,,,
FBS_CONTABILIDADES.IMPUESTOSELECTIVOALCONSUMO,CONCURRENCIA,timestamp(6),YES,,CURRENT_TIMESTAMP(6),DEFAULT_GENERATED on update CURRENT_TIMESTAMP(6)
FBS_CONTABILIDADES.IMPUESTOSELECTIVOALCONSUMO_CUENTACONTABLE,CODIGOIMPUESTOSELECTIVOALCONSUMO,char(5),NO,PRI,,
FBS_CONTABILIDADES.IMPUESTOSELECTIVOALCONSUMO_CUENTACONTABLE,SECUENCIALCUENTACONTABLE,int,NO,MUL,,
FBS_CONTABILIDADES.IMPUESTOSELECTIVOALCONSUMO_CUENTACONTABLE,CONCURRENCIA,timestamp(6),YES,,CURRENT_TIMESTAMP(6),DEFAULT_GENERATED on update CURRENT_TIMESTAMP(6)
FBS_CONTABILIDADES.INFORMACIONENTETRIBUTARIO,SECUENCIAL,int,NO,PRI,,auto_increment
FBS_CONTABILIDADES.INFORMACIONENTETRIBUTARIO,CODIGOTIPODOCUMENTOVENTA,varchar(4),NO,MUL,,
FBS_CONTABILIDADES.INFORMACIONENTETRIBUTARIO,ULTIMOCOMPROBANTE,int,NO,,,
FBS_CONTABILIDADES.INFORMACIONENTETRIBUTARIO,CANTIDADTOPEAVISO,int,NO,,,
FBS_CONTABILIDADES.INFORMACIONENTETRIBUTARIO,CANTIDADMAXIMA,int,NO,,,
FBS_CONTABILIDADES.INFORMACIONENTETRIBUTARIO,FECHAVENCIMIENTO,datetime(3),NO,,,
FBS_CONTABILIDADES.INFORMACIONENTETRIBUTARIO,FECHASISTEMAINGRESO,datetime(3),NO,,,
FBS_CONTABILIDADES.INFORMACIONENTETRIBUTARIO,FECHAMAQUINAINGRESO,datetime(3),NO,,,
FBS_CONTABILIDADES.INFORMACIONENTETRIBUTARIO,CODIGOUSUARIOINGRESO,varchar(25),NO,MUL,,
FBS_CONTABILIDADES.INFORMACIONENTETRIBUTARIO,NUMEROVERIFICADOR,int,NO,,,
FBS_CONTABILIDADES.INFORMACIONENTETRIBUTARIO,ESTAACTIVO,tinyint unsigned,NO,,,
FBS_CONTABILIDADES.INFORMACIONENTETRIBUTARIO,CONCURRENCIA,timestamp(6),YES,,CURRENT_TIMESTAMP(6),DEFAULT_GENERATED on update CURRENT_TIMESTAMP(6)
FBS_CONTABILIDADES.INSTITUCIONREMESA_AUXCONTABLE,CODIGOINSTITUCIONREMESA,varchar(3),NO,PRI,,
FBS_CONTABILIDADES.INSTITUCIONREMESA_AUXCONTABLE,SECUENCIALAUXCONTABLE,int,NO,MUL,,
FBS_CONTABILIDADES.INSTITUCIONREMESA_AUXCONTABLE,CONCURRENCIA,timestamp(6),YES,,CURRENT_TIMESTAMP(6),DEFAULT_GENERATED on update CURRENT_TIMESTAMP(6)
FBS_CONTABILIDADES.INVCOMPRORETENCIONCAMBIOESTADO,SECUENCIAL,int,NO,PRI,,auto_increment
FBS_CONTABILIDADES.INVCOMPRORETENCIONCAMBIOESTADO,SECUENCIALINVCOMPROBANTERETENCION,int,NO,MUL,,
FBS_CONTABILIDADES.INVCOMPRORETENCIONCAMBIOESTADO,CODIGOESTADOINVCOMPRORETENCION,varchar(5),NO,MUL,,
FBS_CONTABILIDADES.INVCOMPRORETENCIONCAMBIOESTADO,FECHASISTEMA,datetime(3),NO,,,
FBS_CONTABILIDADES.INVCOMPRORETENCIONCAMBIOESTADO,FECHAMAQUINA,datetime(3),NO,,,
FBS_CONTABILIDADES.INVCOMPRORETENCIONCAMBIOESTADO,CODIGOUSUARIO,varchar(25),NO,MUL,,
FBS_CONTABILIDADES.INVCOMPRORETENCIONCAMBIOESTADO,CONCURRENCIA,timestamp(6),YES,,CURRENT_TIMESTAMP(6),DEFAULT_GENERATED on update CURRENT_TIMESTAMP(6)
FBS_CONTABILIDADES.INVENTARIOCOMPROBANTERETENCION,SECUENCIAL,int,NO,PRI,,auto_increment
FBS_CONTABILIDADES.INVENTARIOCOMPROBANTERETENCION,SECUENCIALOFICINA,int,NO,MUL,,
FBS_CONTABILIDADES.INVENTARIOCOMPROBANTERETENCION,NUMERO,int,NO,MUL,,
FBS_CONTABILIDADES.INVENTARIOCOMPROBANTERETENCION,CODIGOUSUARIORESPONSABLE,varchar(25),NO,MUL,,
FBS_CONTABILIDADES.INVENTARIOCOMPROBANTERETENCION,CODIGOESTADOCOMPROBANTE,varchar(5),NO,MUL,,
FBS_CONTABILIDADES.INVENTARIOCOMPROBANTERETENCION,NUMEROVERIFICADOR,int,NO,,,
FBS_CONTABILIDADES.INVENTARIOCOMPROBANTERETENCION,AUTORIZACIONSRI,varchar(50),NO,,,
FBS_CONTABILIDADES.INVENTARIOCOMPROBANTERETENCION,FECHACADUCIDAD,datetime(3),NO,,,
FBS_CONTABILIDADES.INVENTARIOCOMPROBANTERETENCION,CODIGOESTABLECIMIENTO,char(3),NO,,,
FBS_CONTABILIDADES.INVENTARIOCOMPROBANTERETENCION,PUNTODEEMISION,char(3),NO,,,
FBS_CONTABILIDADES.INVENTARIOCOMPROBANTERETENCION,CONCURRENCIA,timestamp(6),YES,,CURRENT_TIMESTAMP(6),DEFAULT_GENERATED on update CURRENT_TIMESTAMP(6)
FBS_CONTABILIDADES.LINEAREPORTEADOR,SECUENCIAL,int,NO,PRI,,auto_increment
FBS_CONTABILIDADES.LINEAREPORTEADOR,SECUENCIALREPORTEADOR,int,NO,MUL,,
FBS_CONTABILIDADES.LINEAREPORTEADOR,INDICE,int,NO,,,
FBS_CONTABILIDADES.LINEAREPORTEADOR,COLUMNA,int,NO,,,
FBS_CONTABILIDADES.LINEAREPORTEADOR,LINEASSALTA,int,NO,,,
FBS_CONTABILIDADES.LINEAREPORTEADOR,LINEATOTAL,tinyint unsigned,NO,,,
FBS_CONTABILIDADES.LINEAREPORTEADOR,SALTOPAGINA,tinyint unsigned,NO,,,
FBS_CONTABILIDADES.LINEAREPORTEADOR,IMPRIMELINEA,tinyint unsigned,NO,,,
FBS_CONTABILIDADES.LINEAREPORTEADOR,NUMEROVERIFICADOR,int,NO,,,
FBS_CONTABILIDADES.LINEAREPORTEADOR,CONCURRENCIA,timestamp(6),YES,,CURRENT_TIMESTAMP(6),DEFAULT_GENERATED on update CURRENT_TIMESTAMP(6)
FBS_CONTABILIDADES.LINEAREPORTEADORACUMULADOR,SECUENCIAL,int,NO,PRI,,auto_increment
FBS_CONTABILIDADES.LINEAREPORTEADORACUMULADOR,SECUENCIALLINEAREPORTEADOR,int,NO,MUL,,
FBS_CONTABILIDADES.LINEAREPORTEADORACUMULADOR,SECUENCIALACUMULADOR,int,NO,MUL,,
FBS_CONTABILIDADES.LINEAREPORTEADORACUMULADOR,OPERACION,char(1),NO,,,
FBS_CONTABILIDADES.LINEAREPORTEADORACUMULADOR,CONCURRENCIA,timestamp(6),YES,,CURRENT_TIMESTAMP(6),DEFAULT_GENERATED on update CURRENT_TIMESTAMP(6)
FBS_CONTABILIDADES.LINEAREPORTEADOR_CONSTANTE,SECUENCIALLINEAREPORTEADOR,int,NO,PRI,,
FBS_CONTABILIDADES.LINEAREPORTEADOR_CONSTANTE,VALOR,"decimal(18,2)",NO,,,
FBS_CONTABILIDADES.LINEAREPORTEADOR_CONSTANTE,CONCURRENCIA,timestamp(6),YES,,CURRENT_TIMESTAMP(6),DEFAULT_GENERATED on update CURRENT_TIMESTAMP(6)
FBS_CONTABILIDADES.LINEAREPORTEADOR_CUENTACBLE,SECUENCIALLINEAREPORTEADOR,int,NO,PRI,,
FBS_CONTABILIDADES.LINEAREPORTEADOR_CUENTACBLE,SECUENCIALCUENTACONTABLE,int,NO,MUL,,
FBS_CONTABILIDADES.LINEAREPORTEADOR_CUENTACBLE,CONCURRENCIA,timestamp(6),YES,,CURRENT_TIMESTAMP(6),DEFAULT_GENERATED on update CURRENT_TIMESTAMP(6)
FBS_CONTABILIDADES.LINEAREPORTEADOR_DESCRIPCION,SECUENCIALLINEAREPORTEADOR,int,NO,PRI,,
FBS_CONTABILIDADES.LINEAREPORTEADOR_DESCRIPCION,DESCRIPCION,varchar(100),NO,,,
FBS_CONTABILIDADES.LINEAREPORTEADOR_DESCRIPCION,CONCURRENCIA,timestamp(6),YES,,CURRENT_TIMESTAMP(6),DEFAULT_GENERATED on update CURRENT_TIMESTAMP(6)
FBS_CONTABILIDADES.MI_ESTADOCAMBIOPOSICIONFINANCIERA,FECHACORTE,datetime,NO,,,
FBS_CONTABILIDADES.MI_ESTADOCAMBIOPOSICIONFINANCIERA,SECUENCIALVARIACIONFLUJOEFECTIVO,int,NO,,,
FBS_CONTABILIDADES.MI_ESTADOCAMBIOPOSICIONFINANCIERA,SECUENCIALCUENTA,int,NO,,,
FBS_CONTABILIDADES.MI_ESTADOCAMBIOPOSICIONFINANCIERA,CODIGOCUENTA,varchar(40),NO,,,
FBS_CONTABILIDADES.MI_ESTADOCAMBIOPOSICIONFINANCIERA,NOMBRECUENTA,varchar(250),NO,,,
FBS_CONTABILIDADES.MI_ESTADOCAMBIOPOSICIONFINANCIERA,SALDOFINAL,"decimal(18,2)",YES,,,
FBS_CONTABILIDADES.MI_ESTADOCAMBIOPOSICIONFINANCIERA,SALDOINICIO,"decimal(18,2)",YES,,,
FBS_CONTABILIDADES.MI_ESTADOCAMBIOPOSICIONFINANCIERA,SALDODEUDORAS,"decimal(18,2)",YES,,,
FBS_CONTABILIDADES.MI_ESTADOCAMBIOPOSICIONFINANCIERA,SALDOACREEDORAS,"decimal(18,2)",YES,,,
FBS_CONTABILIDADES.MI_ESTADOCAMBIOPOSICIONFINANCIERA,PARAFLUJO,"decimal(18,2)",YES,,,
FBS_CONTABILIDADES.MI_ESTADOCAMBIOPOSICIONFINANCIERA,AGRUPA,varchar(1),NO,,,
FBS_CONTABILIDADES.MI_ESTADOCAMBIOPOSICIONFINANCIERA,ESANUAL,int,YES,,,
FBS_CONTABILIDADES.MI_FLUJOEFECTIVO,SECUENCIAL,int,NO,PRI,,auto_increment
FBS_CONTABILIDADES.MI_FLUJOEFECTIVO,FECHACORTE,datetime,NO,,,
FBS_CONTABILIDADES.MI_FLUJOEFECTIVO,CODIGOCRITERIO,varchar(20),NO,,,
FBS_CONTABILIDADES.MI_FLUJOEFECTIVO,NOMBRECRITERIO,varchar(200),NO,,,
FBS_CONTABILIDADES.MI_FLUJOEFECTIVO,CODIGOSUBCRITERIO,varchar(20),NO,,,
FBS_CONTABILIDADES.MI_FLUJOEFECTIVO,NOMBRESUBCRITERIO,varchar(200),NO,,,
FBS_CONTABILIDADES.MI_FLUJOEFECTIVO,ORDEN,int,NO,,,
FBS_CONTABILIDADES.MI_FLUJOEFECTIVO,SECCION,int,NO,,,
FBS_CONTABILIDADES.MI_FLUJOEFECTIVO,ESPARASALDO,int,NO,,,
FBS_CONTABILIDADES.MI_FLUJOEFECTIVO,NEGRITA,int,NO,,,
FBS_CONTABILIDADES.MI_FLUJOEFECTIVO,SALDO,"decimal(18,2)",NO,,,
FBS_CONTABILIDADES.MI_FLUJOEFECTIVO,ESANUAL,int,NO,,,
FBS_CONTABILIDADES.MI_FLUJOEFECTIVOCRITERIO,CODIGO,varchar(20),NO,PRI,,
FBS_CONTABILIDADES.MI_FLUJOEFECTIVOCRITERIO,NOMBRE,varchar(250),YES,,,
FBS_CONTABILIDADES.MI_FLUJOEFECTIVOCRITERIO,DESCRIPCION,varchar(250),YES,,,
FBS_CONTABILIDADES.MI_FLUJOEFECTIVOCRITERIO,ORDEN,int,YES,,,
FBS_CONTABILIDADES.MI_FLUJOEFECTIVOCRITERIO,ESTAACTIVO,tinyint,YES,,,
FBS_CONTABILIDADES.MI_FLUJOEFECTIVOCRITERIO,NUMEROVERIFICADOR,int,YES,,,
FBS_CONTABILIDADES.MI_FLUJOEFECTIVOSUBCRITERIO,CODIGO,varchar(20),NO,,,
FBS_CONTABILIDADES.MI_FLUJOEFECTIVOSUBCRITERIO,NOMBRE,varchar(200),NO,,,
FBS_CONTABILIDADES.MI_FLUJOEFECTIVOSUBCRITERIO,ORDEN,int,NO,,,
FBS_CONTABILIDADES.MI_FLUJOEFECTIVOSUBCRITERIO,CODIGOCRITERIO,varchar(20),YES,MUL,,
FBS_CONTABILIDADES.MI_FLUJOEFECTIVOSUBCRITERIO,SECCION,int,NO,,,
FBS_CONTABILIDADES.MI_FLUJOEFECTIVOSUBCRITERIO,ESPARASALDO,tinyint,NO,,,
FBS_CONTABILIDADES.MI_FLUJOEFECTIVOSUBCRITERIO,ESNEGRITA,tinyint,NO,,,
FBS_CONTABILIDADES.MI_FLUJOEFECTIVOSUBCRITERIO,FORZARNEGATIVO,tinyint,NO,,,
FBS_CONTABILIDADES.MI_FLUJOEFECTIVOSUBCRITERIO,ESTAACTIVO,tinyint,NO,,,
FBS_CONTABILIDADES.MI_FLUJOEFECTIVOSUBCRITERIO,NUMEROVERIFICADOR,int,NO,,,
FBS_CONTABILIDADES.MI_FLUJOEFECTIVOVARIACIONSUBCRITERIO,SECUENCIAL,int,NO,PRI,,auto_increment
FBS_CONTABILIDADES.MI_FLUJOEFECTIVOVARIACIONSUBCRITERIO,SECUENCIALVARIACIONFLUJOEFECTIVO,int,NO,,,
FBS_CONTABILIDADES.MI_FLUJOEFECTIVOVARIACIONSUBCRITERIO,CODIGOSUBCRITERIO,varchar(20),NO,,,
FBS_CONTABILIDADES.MI_FLUJOEFECTIVOVARIACIONSUBCRITERIO,SALDODEUDORAS,tinyint,NO,,,
FBS_CONTABILIDADES.MI_FLUJOEFECTIVOVARIACIONSUBCRITERIO,SALDOACREEDORAS,tinyint,NO,,,
FBS_CONTABILIDADES.MI_FLUJOEFECTIVOVARIACIONSUBCRITERIO,PARAFLUJO,tinyint,NO,,,
FBS_CONTABILIDADES.MI_FLUJOEFECTIVOVARIACIONSUBCRITERIO,ESTAACTIVO,tinyint,NO,,,
FBS_CONTABILIDADES.MI_FLUJOEFECTIVOVARIACIONSUBCRITERIO,NUMEROVERIFICADOR,int,NO,,,
FBS_CONTABILIDADES.MI_VARIACIONFLUJOEFECTIVO,SECUENCIAL,int,NO,PRI,,auto_increment
FBS_CONTABILIDADES.MI_VARIACIONFLUJOEFECTIVO,SECUENCIALCUENTACONTABLE,int,NO,,,
FBS_CONTABILIDADES.MI_VARIACIONFLUJOEFECTIVO,ESVARIACIONFLUJOEFECTIVO,tinyint,NO,,,
FBS_CONTABILIDADES.MI_VARIACIONFLUJOEFECTIVO,ESTAACTIVO,tinyint,NO,,,
FBS_CONTABILIDADES.MI_VARIACIONFLUJOEFECTIVO,NUMEROVERIFICADOR,int,NO,,,
FBS_CONTABILIDADES.MI_VARIACIONFLUJOEFECTIVO,ESNATURALEZANEGATIVA,tinyint,NO,,,
FBS_CONTABILIDADES.MI_VARIACIONFLUJOEFECTIVO_AGRUPA,SECUENCIAL,int,NO,PRI,,auto_increment
FBS_CONTABILIDADES.MI_VARIACIONFLUJOEFECTIVO_AGRUPA,SECUENCIALVARIACIONFLUJOEFECTIVO,int,NO,,,
FBS_CONTABILIDADES.MI_VARIACIONFLUJOEFECTIVO_AGRUPA,SECUENCIALVARIACIONFLUJOEFECTIVOAGRUPA,int,NO,,,
FBS_CONTABILIDADES.MI_VARIACIONFLUJOEFECTIVO_AGRUPA,ESTAACTIVO,tinyint,NO,,,
FBS_CONTABILIDADES.MI_VARIACIONFLUJOEFECTIVO_AGRUPA,NUMEROVERIFICADOR,int,NO,,,
FBS_CONTABILIDADES.MOTIVONOTACREDITODEBITO,SECUENCIAL,int,NO,PRI,,auto_increment
FBS_CONTABILIDADES.MOTIVONOTACREDITODEBITO,CODIGO,varchar(10),NO,,,
FBS_CONTABILIDADES.MOTIVONOTACREDITODEBITO,DESCRIPCION,varchar(150),NO,,,
FBS_CONTABILIDADES.MOTIVONOTACREDITODEBITO,ESTAACTIVO,tinyint unsigned,NO,,,
FBS_CONTABILIDADES.MOTIVONOTACREDITODEBITO,NUMEROVERIFICADOR,int,NO,,,
FBS_CONTABILIDADES.MOTIVONOTACREDITODEBITO,CONCURRENCIA,timestamp(6),YES,,CURRENT_TIMESTAMP(6),DEFAULT_GENERATED on update CURRENT_TIMESTAMP(6)
FBS_CONTABILIDADES.MOVCAJCHICAEGRE_MOVCOMPRCONT,SECUENCIALMOVCOMPCONTABLE,int,NO,PRI,,
FBS_CONTABILIDADES.MOVCAJCHICAEGRE_MOVCOMPRCONT,SECUENCIALMOVCAJACHICAEGRESO,int,NO,MUL,,
FBS_CONTABILIDADES.MOVCAJCHICAEGRE_MOVCOMPRCONT,CONCURRENCIA,timestamp(6),YES,,CURRENT_TIMESTAMP(6),DEFAULT_GENERATED on update CURRENT_TIMESTAMP(6)
FBS_CONTABILIDADES.MOVCOMPBTECBLE_DOCBANC_OBS,SECUENCIALMOVCOMPBTECBLE_DOCBANC,int,NO,PRI,,
FBS_CONTABILIDADES.MOVCOMPBTECBLE_DOCBANC_OBS,OBSERVACION,varchar(1000),NO,,,
FBS_CONTABILIDADES.MOVCOMPBTECBLE_DOCBANC_OBS,CONCURRENCIA,timestamp(6),YES,,CURRENT_TIMESTAMP(6),DEFAULT_GENERATED on update CURRENT_TIMESTAMP(6)
FBS_CONTABILIDADES.MOVCOMPCONTVALORDEDUCIBLE,SECUENCIAL,int,NO,PRI,,auto_increment
FBS_CONTABILIDADES.MOVCOMPCONTVALORDEDUCIBLE,SECUENCIALMOVIMIENTOCOMPCONT,int,NO,MUL,,
FBS_CONTABILIDADES.MOVCOMPCONTVALORDEDUCIBLE,VALORDEDUCIBLE,"decimal(18,2)",NO,,,
FBS_CONTABILIDADES.MOVCOMPCONTVALORDEDUCIBLE,VALORNODEDUCIBLE,"decimal(18,2)",NO,,,
FBS_CONTABILIDADES.MOVCOMPCONTVALORDEDUCIBLE,CODIGOUSUARIO,varchar(25),NO,MUL,,
FBS_CONTABILIDADES.MOVCOMPCONTVALORDEDUCIBLE,FECHASISTEMA,datetime(3),NO,,,
FBS_CONTABILIDADES.MOVCOMPCONTVALORDEDUCIBLE,FECHAMAQUINA,datetime(3),NO,,,
FBS_CONTABILIDADES.MOVCOMPCONTVALORDEDUCIBLE,NUMEROVERIFICADOR,int,NO,,,
FBS_CONTABILIDADES.MOVCOMPCONTVALORDEDUCIBLE,CONCURRENCIA,timestamp(6),YES,,CURRENT_TIMESTAMP(6),DEFAULT_GENERATED on update CURRENT_TIMESTAMP(6)
FBS_CONTABILIDADES.MOVCOMPCTBLECUENTACONCILAGRUPAC,SECUENCIAL,int,NO,PRI,,auto_increment
FBS_CONTABILIDADES.MOVCOMPCTBLECUENTACONCILAGRUPAC,SECUENCIALMOVCOMPCUENTACONCIL,int,NO,MUL,,
FBS_CONTABILIDADES.MOVCOMPCTBLECUENTACONCILAGRUPAC,SECUENCIALMOVCTECBLECONTROL,int,NO,MUL,,
FBS_CONTABILIDADES.MOVCOMPCTBLECUENTACONCILAGRUPAC,CONCURRENCIA,timestamp(6),YES,,CURRENT_TIMESTAMP(6),DEFAULT_GENERATED on update CURRENT_TIMESTAMP(6)
FBS_CONTABILIDADES.MOVCOMPCTBLECUENTACONCILIADO,SECUENCIAL,int,NO,PRI,,auto_increment
FBS_CONTABILIDADES.MOVCOMPCTBLECUENTACONCILIADO,CODIGOUSUARIO,varchar(25),NO,MUL,,
FBS_CONTABILIDADES.MOVCOMPCTBLECUENTACONCILIADO,VALORDEBE,"decimal(9,2)",NO,,,
FBS_CONTABILIDADES.MOVCOMPCTBLECUENTACONCILIADO,VALORHABER,"decimal(9,2)",NO,,,
FBS_CONTABILIDADES.MOVCOMPCTBLECUENTACONCILIADO,FECHASISTEMA,datetime(3),NO,,,
FBS_CONTABILIDADES.MOVCOMPCTBLECUENTACONCILIADO,FECHAMAQUINA,datetime(3),NO,,,
FBS_CONTABILIDADES.MOVCOMPCTBLECUENTACONCILIADO,NUMEROVERIFICADOR,int,NO,,,
FBS_CONTABILIDADES.MOVCOMPCTBLECUENTACONCILIADO,CONCURRENCIA,timestamp(6),YES,,CURRENT_TIMESTAMP(6),DEFAULT_GENERATED on update CURRENT_TIMESTAMP(6)
FBS_CONTABILIDADES.MOVCOMPCTBLECUENTAPARACONTROL,SECUENCIALMOVIMIENTOCTECBLE,int,NO,PRI,,
FBS_CONTABILIDADES.MOVCOMPCTBLECUENTAPARACONTROL,CODIGOUSUARIOINGRESO,varchar(25),NO,MUL,,
FBS_CONTABILIDADES.MOVCOMPCTBLECUENTAPARACONTROL,REFERENCIA,varchar(100),NO,,,
FBS_CONTABILIDADES.MOVCOMPCTBLECUENTAPARACONTROL,PARACONTROL,tinyint unsigned,NO,,,
FBS_CONTABILIDADES.MOVCOMPCTBLECUENTAPARACONTROL,ESTACONCILIADO,tinyint unsigned,NO,,,
FBS_CONTABILIDADES.MOVCOMPCTBLECUENTAPARACONTROL,ESDEBITO,tinyint unsigned,NO,,,
FBS_CONTABILIDADES.MOVCOMPCTBLECUENTAPARACONTROL,VALOR,"decimal(9,2)",NO,,,
FBS_CONTABILIDADES.MOVCOMPCTBLECUENTAPARACONTROL,FECHASISTEMA,datetime(3),NO,,,
FBS_CONTABILIDADES.MOVCOMPCTBLECUENTAPARACONTROL,FECHAMAQUINA,datetime(3),NO,,,
FBS_CONTABILIDADES.MOVCOMPCTBLECUENTAPARACONTROL,NUMEROVERIFICADOR,int,NO,,,
FBS_CONTABILIDADES.MOVCOMPCTBLECUENTAPARACONTROL,CONCURRENCIA,timestamp(6),YES,,CURRENT_TIMESTAMP(6),DEFAULT_GENERATED on update CURRENT_TIMESTAMP(6)
FBS_CONTABILIDADES.MOVCOMPCTBLECUENTAPORCONCILIAR,SECUENCIALMOVIMIENTOCTECBLE,int,NO,PRI,,
FBS_CONTABILIDADES.MOVCOMPCTBLECUENTAPORCONCILIAR,ESPORPAGAR,tinyint unsigned,NO,,,
FBS_CONTABILIDADES.MOVCOMPCTBLECUENTAPORCONCILIAR,CONCILIADO,tinyint unsigned,NO,,,
FBS_CONTABILIDADES.MOVCOMPCTBLECUENTAPORCONCILIAR,CODIGOUSUARIOINGRESO,varchar(25),NO,MUL,,
FBS_CONTABILIDADES.MOVCOMPCTBLECUENTAPORCONCILIAR,FECHASISTEMA,datetime(3),NO,,,
FBS_CONTABILIDADES.MOVCOMPCTBLECUENTAPORCONCILIAR,FECHAMAQUINA,datetime(3),NO,,,
FBS_CONTABILIDADES.MOVCOMPCTBLECUENTAPORCONCILIAR,NUMEROVERIFICADOR,int,NO,,,
FBS_CONTABILIDADES.MOVCOMPCTBLECUENTAPORCONCILIAR,CONCURRENCIA,timestamp(6),YES,,CURRENT_TIMESTAMP(6),DEFAULT_GENERATED on update CURRENT_TIMESTAMP(6)
FBS_CONTABILIDADES.MOVCTACBLEAMORTIZACIONCUOTA,SECUENCIAL,int,NO,PRI,,auto_increment
FBS_CONTABILIDADES.MOVCTACBLEAMORTIZACIONCUOTA,SECCTACBLEAMORTIZACIONCUOTA,int,NO,MUL,,
FBS_CONTABILIDADES.MOVCTACBLEAMORTIZACIONCUOTA,DOCUMENTO,varchar(50),NO,,,
FBS_CONTABILIDADES.MOVCTACBLEAMORTIZACIONCUOTA,CODIGOTIPOMOVIMIENTO,varchar(20),NO,,,
FBS_CONTABILIDADES.MOVCTACBLEAMORTIZACIONCUOTA,VALOR,"decimal(9,2)",NO,,,
FBS_CONTABILIDADES.MOVCTACBLEAMORTIZACIONCUOTA,SALDO,"decimal(9,2)",NO,,,
FBS_CONTABILIDADES.MOVCTACBLEAMORTIZACIONCUOTA,CONCURRENCIA,timestamp(6),YES,,CURRENT_TIMESTAMP(6),DEFAULT_GENERATED on update CURRENT_TIMESTAMP(6)
FBS_CONTABILIDADES.MOVDOCCOMPRA_GASTBALANCSOC,SECUENCIALMOVDOCUCOMPRA,int,NO,PRI,,
FBS_CONTABILIDADES.MOVDOCCOMPRA_GASTBALANCSOC,SECUENCIALOFICINA,int,NO,MUL,,
FBS_CONTABILIDADES.MOVDOCCOMPRA_GASTBALANCSOC,CODIGOTIPOGASTOBALANCE,char(2),NO,MUL,,
FBS_CONTABILIDADES.MOVDOCCOMPRA_GASTBALANCSOC,MONTOGASTO,"decimal(9,2)",NO,,,
FBS_CONTABILIDADES.MOVDOCCOMPRA_GASTBALANCSOC,CANTIDADGASTO,int,NO,,,
FBS_CONTABILIDADES.MOVDOCCOMPRA_GASTBALANCSOC,FECHAMAQUINA,datetime(3),NO,,,
FBS_CONTABILIDADES.MOVDOCCOMPRA_GASTBALANCSOC,FECHASISTEMA,datetime(3),NO,,,
FBS_CONTABILIDADES.MOVDOCCOMPRA_GASTBALANCSOC,CONCURRENCIA,timestamp(6),YES,,CURRENT_TIMESTAMP(6),DEFAULT_GENERATED on update CURRENT_TIMESTAMP(6)
FBS_CONTABILIDADES.MOVDOCCOMPRA_VALORDEDUCIBLE,SECUENCIALMOVDOCUCOMPRA,int,NO,PRI,,
FBS_CONTABILIDADES.MOVDOCCOMPRA_VALORDEDUCIBLE,VALORDEDUCIBLE,"decimal(18,2)",NO,,,
FBS_CONTABILIDADES.MOVDOCCOMPRA_VALORDEDUCIBLE,VALORNODEDUCIBLE,"decimal(18,2)",NO,,,
FBS_CONTABILIDADES.MOVDOCCOMPRA_VALORDEDUCIBLE,CODIGOUSUARIO,varchar(25),NO,MUL,,
FBS_CONTABILIDADES.MOVDOCCOMPRA_VALORDEDUCIBLE,FECHASISTEMA,datetime(3),NO,,,
FBS_CONTABILIDADES.MOVDOCCOMPRA_VALORDEDUCIBLE,FECHAMAQUINA,datetime(3),NO,,,
FBS_CONTABILIDADES.MOVDOCCOMPRA_VALORDEDUCIBLE,NUMEROVERIFICADOR,int,NO,,,
FBS_CONTABILIDADES.MOVDOCCOMPRA_VALORDEDUCIBLE,CONCURRENCIA,timestamp(6),YES,,CURRENT_TIMESTAMP(6),DEFAULT_GENERATED on update CURRENT_TIMESTAMP(6)
FBS_CONTABILIDADES.MOVIMIENTOCOMPBTECBLEAREA,SECUENCIAL,int,NO,PRI,,auto_increment
FBS_CONTABILIDADES.MOVIMIENTOCOMPBTECBLEAREA,SECUENCIALMOVCOMPBTECBLE,int,NO,MUL,,
FBS_CONTABILIDADES.MOVIMIENTOCOMPBTECBLEAREA,SECUENCIALAREA,int,NO,MUL,,
FBS_CONTABILIDADES.MOVIMIENTOCOMPBTECBLEAREA,SECUENCIALOFICINA,int,NO,MUL,,
FBS_CONTABILIDADES.MOVIMIENTOCOMPBTECBLEAREA,VALOR,"decimal(18,2)",NO,,,
FBS_CONTABILIDADES.MOVIMIENTOCOMPBTECBLEAREA,CONCURRENCIA,timestamp(6),YES,,CURRENT_TIMESTAMP(6),DEFAULT_GENERATED on update CURRENT_TIMESTAMP(6)
FBS_CONTABILIDADES.MOVIMIENTOCOMPBTECBLEDOCPAGO,SECUENCIAL,int,NO,PRI,,auto_increment
FBS_CONTABILIDADES.MOVIMIENTOCOMPBTECBLEDOCPAGO,SECUENCIALMOVCOMPBTECBLE,int,NO,MUL,,
FBS_CONTABILIDADES.MOVIMIENTOCOMPBTECBLEDOCPAGO,SECUENCIALDOCUMENTOPAGO,int,NO,MUL,,
FBS_CONTABILIDADES.MOVIMIENTOCOMPBTECBLEDOCPAGO,SECUENCIALCUENTACONTABLEBANCARINVCHEQUE,int,NO,MUL,,
FBS_CONTABILIDADES.MOVIMIENTOCOMPBTECBLEDOCPAGO,ESTAIMPRESO,tinyint unsigned,NO,,,
FBS_CONTABILIDADES.MOVIMIENTOCOMPBTECBLEDOCPAGO,ESTAACTIVO,tinyint unsigned,NO,,,
FBS_CONTABILIDADES.MOVIMIENTOCOMPBTECBLEDOCPAGO,NUMEROVERIFICADOR,int,NO,,,
FBS_CONTABILIDADES.MOVIMIENTOCOMPBTECBLEDOCPAGO,NUMERODOCUMENTO,varchar(250),NO,,,
FBS_CONTABILIDADES.MOVIMIENTOCOMPBTECBLEDOCPAGO,NOMBREBENEFICIARIO,varchar(250),NO,,,
FBS_CONTABILIDADES.MOVIMIENTOCOMPBTECBLEDOCPAGO,GLOSA,varchar(150),NO,,,
FBS_CONTABILIDADES.MOVIMIENTOCOMPBTECBLEDOCPAGO,CONCURRENCIA,timestamp(6),YES,,CURRENT_TIMESTAMP(6),DEFAULT_GENERATED on update CURRENT_TIMESTAMP(6)
FBS_CONTABILIDADES.MOVIMIENTOCOMPBTECBLEREGISTROCONTABLE,SECUENCIAL,int,NO,PRI,,auto_increment
FBS_CONTABILIDADES.MOVIMIENTOCOMPBTECBLEREGISTROCONTABLE,SECUENCIALREGISTROCONTABLE,int,NO,MUL,,
FBS_CONTABILIDADES.MOVIMIENTOCOMPBTECBLEREGISTROCONTABLE,SECUENCIALMOVCOMPBTECONTABLE,int,NO,MUL,,
FBS_CONTABILIDADES.MOVIMIENTOCOMPBTECBLEREGISTROCONTABLE,CONCURRENCIA,timestamp(6),YES,,CURRENT_TIMESTAMP(6),DEFAULT_GENERATED on update CURRENT_TIMESTAMP(6)
FBS_CONTABILIDADES.MOVIMIENTOCOMPBTECBLE_AUXCBLE,SECUENCIALMOVCOMPBTECBLE,int,NO,PRI,,
FBS_CONTABILIDADES.MOVIMIENTOCOMPBTECBLE_AUXCBLE,SECUENCIALAUXILIARCONTABLE,int,NO,MUL,,
FBS_CONTABILIDADES.MOVIMIENTOCOMPBTECBLE_AUXCBLE,CONCURRENCIA,timestamp(6),YES,,CURRENT_TIMESTAMP(6),DEFAULT_GENERATED on update CURRENT_TIMESTAMP(6)
FBS_CONTABILIDADES.MOVIMIENTOCOMPBTECBLE_DOCBANC,SECUENCIALMOVCOMPBTECBLE,int,NO,PRI,,
FBS_CONTABILIDADES.MOVIMIENTOCOMPBTECBLE_DOCBANC,DOCUMENTOBANCARIO,varchar(250),NO,,,
FBS_CONTABILIDADES.MOVIMIENTOCOMPBTECBLE_DOCBANC,CONCILIADO,tinyint unsigned,NO,,,
FBS_CONTABILIDADES.MOVIMIENTOCOMPBTECBLE_DOCBANC,NUMEROVERIFICADOR,int,NO,,,
FBS_CONTABILIDADES.MOVIMIENTOCOMPBTECBLE_DOCBANC,DETALLECONCILIACION,varchar(250),NO,,,
FBS_CONTABILIDADES.MOVIMIENTOCOMPBTECBLE_DOCBANC,TIPOMOVIMIENTOCONTABLE,varchar(25),NO,,,
FBS_CONTABILIDADES.MOVIMIENTOCOMPBTECBLE_DOCBANC,CONCURRENCIA,timestamp(6),YES,,CURRENT_TIMESTAMP(6),DEFAULT_GENERATED on update CURRENT_TIMESTAMP(6)
FBS_CONTABILIDADES.MOVIMIENTOCOMPBTECBLE_DOCBANCANTERIOR,SECUENCIALMOVCOMPCONTDOCBANC,int,NO,PRI,,
FBS_CONTABILIDADES.MOVIMIENTOCOMPBTECBLE_DOCBANCANTERIOR,DOCUMENTOBANCARIOANTERIOR,varchar(250),NO,,,
FBS_CONTABILIDADES.MOVIMIENTOCOMPBTECBLE_DOCBANCANTERIOR,CONCURRENCIA,timestamp(6),YES,,CURRENT_TIMESTAMP(6),DEFAULT_GENERATED on update CURRENT_TIMESTAMP(6)
FBS_CONTABILIDADES.MOVIMIENTOCOMPBTECBLE_MONEDAEXTRAN,SECUENCIAL,int,NO,PRI,,auto_increment
FBS_CONTABILIDADES.MOVIMIENTOCOMPBTECBLE_MONEDAEXTRAN,SECUENCIALMOVCOMPBTECBLE,int,NO,UNI,,
FBS_CONTABILIDADES.MOVIMIENTOCOMPBTECBLE_MONEDAEXTRAN,SECUENCIALMONEDA,int,NO,MUL,,
FBS_CONTABILIDADES.MOVIMIENTOCOMPBTECBLE_MONEDAEXTRAN,COTIZACION,"decimal(9,3)",NO,,,
FBS_CONTABILIDADES.MOVIMIENTOCOMPBTECBLE_MONEDAEXTRAN,VALOR,"decimal(18,2)",NO,,,
FBS_CONTABILIDADES.MOVIMIENTOCOMPBTECBLE_MONEDAEXTRAN,CONCURRENCIA,timestamp(6),YES,,CURRENT_TIMESTAMP(6),DEFAULT_GENERATED on update CURRENT_TIMESTAMP(6)
FBS_CONTABILIDADES.MOVIMIENTOCOMPROBANTECONTABLE,SECUENCIAL,int,NO,PRI,,auto_increment
FBS_CONTABILIDADES.MOVIMIENTOCOMPROBANTECONTABLE,SECUENCIALCOMPROBANTECONTABLE,int,NO,MUL,,
FBS_CONTABILIDADES.MOVIMIENTOCOMPROBANTECONTABLE,FECHACOMPROBANTECONTABLE,datetime(3),NO,,,
FBS_CONTABILIDADES.MOVIMIENTOCOMPROBANTECONTABLE,INDICE,int,NO,,,
FBS_CONTABILIDADES.MOVIMIENTOCOMPROBANTECONTABLE,SECUENCIALCUENTACONTABLE,int,NO,MUL,,
FBS_CONTABILIDADES.MOVIMIENTOCOMPROBANTECONTABLE,SECUENCIALOFICINA,int,NO,MUL,,
FBS_CONTABILIDADES.MOVIMIENTOCOMPROBANTECONTABLE,DETALLE,varchar(500),NO,,,
FBS_CONTABILIDADES.MOVIMIENTOCOMPROBANTECONTABLE,ESDEBITO,tinyint unsigned,NO,,,
FBS_CONTABILIDADES.MOVIMIENTOCOMPROBANTECONTABLE,VALOR,"decimal(18,2)",NO,,,
FBS_CONTABILIDADES.MOVIMIENTOCOMPROBANTECONTABLE,NUMEROVERIFICADOR,int,NO,,,
FBS_CONTABILIDADES.MOVIMIENTOCOMPROBANTECONTABLE,SECMIGRA,int,YES,,,
FBS_CONTABILIDADES.MOVIMIENTOCOMPROBANTECONTABLE,CONCURRENCIA,timestamp(6),YES,,CURRENT_TIMESTAMP(6),DEFAULT_GENERATED on update CURRENT_TIMESTAMP(6)
FBS_CONTABILIDADES.MOVIMIENTOCONTROL_CAMBIOMONEDAINT,SECUENCIALMOVIMIENTOCONTROL,int,NO,PRI,,
FBS_CONTABILIDADES.MOVIMIENTOCONTROL_CAMBIOMONEDAINT,SECUENCIALCUENTACONTABLE,int,NO,MUL,,
FBS_CONTABILIDADES.MOVIMIENTOCONTROL_CAMBIOMONEDAINT,CONCURRENCIA,timestamp(6),YES,,CURRENT_TIMESTAMP(6),DEFAULT_GENERATED on update CURRENT_TIMESTAMP(6)
FBS_CONTABILIDADES.MOVIMIENTOCONTROL_TRANSFINT,SECUENCIALMOVIMIENTOCONTROL,int,NO,PRI,,
FBS_CONTABILIDADES.MOVIMIENTOCONTROL_TRANSFINT,SECUENCIALCUENTACONTABLE,int,NO,MUL,,
FBS_CONTABILIDADES.MOVIMIENTOCONTROL_TRANSFINT,CONCURRENCIA,timestamp(6),YES,,CURRENT_TIMESTAMP(6),DEFAULT_GENERATED on update CURRENT_TIMESTAMP(6)
FBS_CONTABILIDADES.MOVIMIENTODOCCOMPRA_ACTDFRIDO,SECUENCIALMOVIMIENTODOCCOMPRA,int,NO,PRI,,
FBS_CONTABILIDADES.MOVIMIENTODOCCOMPRA_ACTDFRIDO,SECUENCIALACTIVODIFERIDO,int,NO,,,
FBS_CONTABILIDADES.MOVIMIENTODOCCOMPRA_ACTDFRIDO,CONCURRENCIA,timestamp(6),YES,,CURRENT_TIMESTAMP(6),DEFAULT_GENERATED on update CURRENT_TIMESTAMP(6)
FBS_CONTABILIDADES.MOVIMIENTODOCCOMPRA_ACTIVOFIJO,SECUENCIALMOVIMIENTODOCCOMPRA,int,NO,PRI,,
FBS_CONTABILIDADES.MOVIMIENTODOCCOMPRA_ACTIVOFIJO,SECUENCIALACTIVO,int,NO,,,
FBS_CONTABILIDADES.MOVIMIENTODOCCOMPRA_ACTIVOFIJO,CONCURRENCIA,timestamp(6),YES,,CURRENT_TIMESTAMP(6),DEFAULT_GENERATED on update CURRENT_TIMESTAMP(6)
FBS_CONTABILIDADES.MOVIMIENTODOCCOMPRA_BIEN,SECUENCIALMOVIMIENTODOCCOMPRA,int,NO,PRI,,
FBS_CONTABILIDADES.MOVIMIENTODOCCOMPRA_BIEN,CODIGOARTICULOPROVEEDURIA,varchar(10),NO,,,
FBS_CONTABILIDADES.MOVIMIENTODOCCOMPRA_BIEN,CONCURRENCIA,timestamp(6),YES,,CURRENT_TIMESTAMP(6),DEFAULT_GENERATED on update CURRENT_TIMESTAMP(6)
FBS_CONTABILIDADES.MOVIMIENTODOCCOMPRA_BIENES,SECUENCIALMOVIMIENTODOCCOMPRA,int,NO,PRI,,
FBS_CONTABILIDADES.MOVIMIENTODOCCOMPRA_BIENES,SECUENCIALCUENTACONTABLEGASTO,int,NO,MUL,,
FBS_CONTABILIDADES.MOVIMIENTODOCCOMPRA_BIENES,CONCURRENCIA,timestamp(6),YES,,CURRENT_TIMESTAMP(6),DEFAULT_GENERATED on update CURRENT_TIMESTAMP(6)
FBS_CONTABILIDADES.MOVIMIENTODOCCOMPRA_SERVICIO,SECUENCIALMOVIMIENTODOCCOMPRA,int,NO,PRI,,
FBS_CONTABILIDADES.MOVIMIENTODOCCOMPRA_SERVICIO,SECUENCIALCUENTACONTABLEGASTO,int,NO,MUL,,
FBS_CONTABILIDADES.MOVIMIENTODOCCOMPRA_SERVICIO,CONCURRENCIA,timestamp(6),YES,,CURRENT_TIMESTAMP(6),DEFAULT_GENERATED on update CURRENT_TIMESTAMP(6)
FBS_CONTABILIDADES.MOVIMIENTODOCCOMP_BNS_AUXCBLE,SECUENCIALMOVDOCCOMPRABIENES,int,NO,PRI,,
FBS_CONTABILIDADES.MOVIMIENTODOCCOMP_BNS_AUXCBLE,SECUENCIALAUXILIAR,int,NO,MUL,,
FBS_CONTABILIDADES.MOVIMIENTODOCCOMP_BNS_AUXCBLE,CONCURRENCIA,timestamp(6),YES,,CURRENT_TIMESTAMP(6),DEFAULT_GENERATED on update CURRENT_TIMESTAMP(6)
FBS_CONTABILIDADES.MOVIMIENTODOCCOMP_SVC_AUXCBLE,SECUENCIALMOVDOCCOMPRASERVICIO,int,NO,PRI,,
FBS_CONTABILIDADES.MOVIMIENTODOCCOMP_SVC_AUXCBLE,SECUENCIALAUXILIAR,int,NO,MUL,,
FBS_CONTABILIDADES.MOVIMIENTODOCCOMP_SVC_AUXCBLE,CONCURRENCIA,timestamp(6),YES,,CURRENT_TIMESTAMP(6),DEFAULT_GENERATED on update CURRENT_TIMESTAMP(6)
FBS_CONTABILIDADES.MOVIMIENTODOCUMENTOCOMPRA,SECUENCIAL,int,NO,PRI,,auto_increment
FBS_CONTABILIDADES.MOVIMIENTODOCUMENTOCOMPRA,SECUENCIALDOCUMENTOCOMPRA,int,NO,MUL,,
FBS_CONTABILIDADES.MOVIMIENTODOCUMENTOCOMPRA,ORDEN,int,NO,,,
FBS_CONTABILIDADES.MOVIMIENTODOCUMENTOCOMPRA,CANTIDAD,"decimal(18,2)",NO,,,
FBS_CONTABILIDADES.MOVIMIENTODOCUMENTOCOMPRA,PRECIO,"decimal(18,3)",NO,,,
FBS_CONTABILIDADES.MOVIMIENTODOCUMENTOCOMPRA,PORCENTAJEDESCUENTO,"decimal(18,2)",NO,,,
FBS_CONTABILIDADES.MOVIMIENTODOCUMENTOCOMPRA,VALORDESCUENTO,"decimal(18,2)",NO,,,
FBS_CONTABILIDADES.MOVIMIENTODOCUMENTOCOMPRA,OBJETODEITBIS,tinyint unsigned,NO,,,
FBS_CONTABILIDADES.MOVIMIENTODOCUMENTOCOMPRA,COBRAITBIS,tinyint unsigned,NO,,,
FBS_CONTABILIDADES.MOVIMIENTODOCUMENTOCOMPRA,VALORTOTAL,"decimal(18,2)",NO,,,
FBS_CONTABILIDADES.MOVIMIENTODOCUMENTOCOMPRA,CONCEPTO,varchar(200),NO,,,
FBS_CONTABILIDADES.MOVIMIENTODOCUMENTOCOMPRA,ESTAACTIVO,tinyint unsigned,NO,,,
FBS_CONTABILIDADES.MOVIMIENTODOCUMENTOCOMPRA,PORCENTAJECARGO,"decimal(9,2)",NO,,,
FBS_CONTABILIDADES.MOVIMIENTODOCUMENTOCOMPRA,CARGO,"decimal(18,2)",NO,,,
FBS_CONTABILIDADES.MOVIMIENTODOCUMENTOCOMPRA,PORCENTAJEITBIS,"decimal(18,2)",NO,,,
FBS_CONTABILIDADES.MOVIMIENTODOCUMENTOCOMPRA,COBRAISC,tinyint unsigned,NO,,,
FBS_CONTABILIDADES.MOVIMIENTODOCUMENTOCOMPRA,COBRACDT,tinyint unsigned,NO,,,
FBS_CONTABILIDADES.MOVIMIENTODOCUMENTOCOMPRA,NUMEROVERIFICADOR,int,NO,,,
FBS_CONTABILIDADES.MOVIMIENTODOCUMENTOCOMPRA,CONCURRENCIA,timestamp(6),YES,,CURRENT_TIMESTAMP(6),DEFAULT_GENERATED on update CURRENT_TIMESTAMP(6)
FBS_CONTABILIDADES.MOVIMIENTODOCUMENTOCOMPRA,COBRAPROPINALEGAL,tinyint unsigned,NO,,0,
FBS_CONTABILIDADES.MOVIMIENTODOCUMENTOCOMPRA_CDT,SECUENCIALMOVIMIENTODOCUMENTOCOMPRA,int,NO,PRI,,
FBS_CONTABILIDADES.MOVIMIENTODOCUMENTOCOMPRA_CDT,CODIGOCONTRIBUCIONDESARROLLOTELECOMUNICACIONES,char(5),NO,MUL,,
FBS_CONTABILIDADES.MOVIMIENTODOCUMENTOCOMPRA_CDT,PORCENTAJE,"decimal(9,2)",NO,,,
FBS_CONTABILIDADES.MOVIMIENTODOCUMENTOCOMPRA_CDT,VALOR,"decimal(9,2)",NO,,,
FBS_CONTABILIDADES.MOVIMIENTODOCUMENTOCOMPRA_CDT,CONCURRENCIA,timestamp(6),YES,,CURRENT_TIMESTAMP(6),DEFAULT_GENERATED on update CURRENT_TIMESTAMP(6)
FBS_CONTABILIDADES.MOVIMIENTODOCUMENTOCOMPRA_ISC,SECUENCIALMOVIMIENTODOCUMENTOCOMPRA,int,NO,PRI,,
FBS_CONTABILIDADES.MOVIMIENTODOCUMENTOCOMPRA_ISC,CODIGOIMPUESTOSELECTIVOALCONSUMO,char(5),NO,MUL,,
FBS_CONTABILIDADES.MOVIMIENTODOCUMENTOCOMPRA_ISC,PORCENTAJE,"decimal(9,2)",NO,,,
FBS_CONTABILIDADES.MOVIMIENTODOCUMENTOCOMPRA_ISC,VALOR,"decimal(9,2)",NO,,,
FBS_CONTABILIDADES.MOVIMIENTODOCUMENTOCOMPRA_ISC,CONCURRENCIA,timestamp(6),YES,,CURRENT_TIMESTAMP(6),DEFAULT_GENERATED on update CURRENT_TIMESTAMP(6)
FBS_CONTABILIDADES.MOVIMIENTODOCUMENTOCOMPRA_PROPINALEGAL,SECUENCIALMOVIMIENTODOCUMENTOCOMPRA,int,NO,PRI,,
FBS_CONTABILIDADES.MOVIMIENTODOCUMENTOCOMPRA_PROPINALEGAL,CODIGOPROPINALEGAL,varchar(5),NO,MUL,,
FBS_CONTABILIDADES.MOVIMIENTODOCUMENTOCOMPRA_PROPINALEGAL,PORCENTAJE,"decimal(9,2)",NO,,,
FBS_CONTABILIDADES.MOVIMIENTODOCUMENTOCOMPRA_PROPINALEGAL,VALOR,"decimal(9,2)",NO,,,
FBS_CONTABILIDADES.MOVIMIENTODOCUMENTOCOMPRA_PROPINALEGAL,CONCURRENCIA,timestamp(6),YES,,CURRENT_TIMESTAMP(6),DEFAULT_GENERATED on update CURRENT_TIMESTAMP(6)
FBS_CONTABILIDADES.MOVIMIENTOPLANTILLACBL_AUXCBLE,SECUENCIALMOVPLANTILLACONTABLE,int,NO,PRI,,
FBS_CONTABILIDADES.MOVIMIENTOPLANTILLACBL_AUXCBLE,SECUENCIALAUXILIARCONTABLE,int,NO,MUL,,
FBS_CONTABILIDADES.MOVIMIENTOPLANTILLACBL_AUXCBLE,CONCURRENCIA,timestamp(6),YES,,CURRENT_TIMESTAMP(6),DEFAULT_GENERATED on update CURRENT_TIMESTAMP(6)
FBS_CONTABILIDADES.MOVIMIENTOPLANTILLACONTABLE,SECUENCIAL,int,NO,PRI,,auto_increment
FBS_CONTABILIDADES.MOVIMIENTOPLANTILLACONTABLE,CODIGOPLANTILLACONTABLE,varchar(20),NO,MUL,,
FBS_CONTABILIDADES.MOVIMIENTOPLANTILLACONTABLE,INDICE,int,NO,,,
FBS_CONTABILIDADES.MOVIMIENTOPLANTILLACONTABLE,SECUENCIALCUENTACONTABLE,int,NO,MUL,,
FBS_CONTABILIDADES.MOVIMIENTOPLANTILLACONTABLE,SECUENCIALOFICINA,int,NO,MUL,,
FBS_CONTABILIDADES.MOVIMIENTOPLANTILLACONTABLE,DETALLE,varchar(520),NO,,,
FBS_CONTABILIDADES.MOVIMIENTOPLANTILLACONTABLE,ESDEBITO,tinyint unsigned,NO,,,
FBS_CONTABILIDADES.MOVIMIENTOPLANTILLACONTABLE,VALOR,"decimal(18,2)",NO,,,
FBS_CONTABILIDADES.MOVIMIENTOPLANTILLACONTABLE,NUMEROVERIFICADOR,int,NO,,,
FBS_CONTABILIDADES.MOVIMIENTOPLANTILLACONTABLE,CONCURRENCIA,timestamp(6),YES,,CURRENT_TIMESTAMP(6),DEFAULT_GENERATED on update CURRENT_TIMESTAMP(6)
FBS_CONTABILIDADES.MOVIMINETOPLANTILLACBLE_AREA,SECUENCIAL,int,NO,PRI,,auto_increment
FBS_CONTABILIDADES.MOVIMINETOPLANTILLACBLE_AREA,SECUENCIALMOVPLANTILLACBLE,int,NO,MUL,,
FBS_CONTABILIDADES.MOVIMINETOPLANTILLACBLE_AREA,SECUENCIALAREA,int,NO,MUL,,
FBS_CONTABILIDADES.MOVIMINETOPLANTILLACBLE_AREA,VALOR,"decimal(18,2)",NO,,,
FBS_CONTABILIDADES.MOVIMINETOPLANTILLACBLE_AREA,CONCURRENCIA,timestamp(6),YES,,CURRENT_TIMESTAMP(6),DEFAULT_GENERATED on update CURRENT_TIMESTAMP(6)
FBS_CONTABILIDADES.OFICINACUENTACBLE_BAN_AUXCBLE,SECUENCIALOFICINACTACBLEBAN,int,NO,PRI,,
FBS_CONTABILIDADES.OFICINACUENTACBLE_BAN_AUXCBLE,SECUENCIALAUXILIARCONTABLE,int,NO,MUL,,
FBS_CONTABILIDADES.OFICINACUENTACBLE_BAN_AUXCBLE,ESTAACTIVA,tinyint unsigned,NO,,,
FBS_CONTABILIDADES.OFICINACUENTACBLE_BAN_AUXCBLE,NUMEROVERIFICADOR,int,NO,,,
FBS_CONTABILIDADES.OFICINACUENTACBLE_BAN_AUXCBLE,CONCURRENCIA,timestamp(6),YES,,CURRENT_TIMESTAMP(6),DEFAULT_GENERATED on update CURRENT_TIMESTAMP(6)
FBS_CONTABILIDADES.OFICINACUENTACONTABLE_BANCARIA,SECUENCIAL,int,NO,PRI,,auto_increment
FBS_CONTABILIDADES.OFICINACUENTACONTABLE_BANCARIA,SECUENCIALOFICINA,int,NO,MUL,,
FBS_CONTABILIDADES.OFICINACUENTACONTABLE_BANCARIA,SECUENCIALCUENTACONTABLEBAN,int,NO,MUL,,
FBS_CONTABILIDADES.OFICINACUENTACONTABLE_BANCARIA,NUMEROVERIFICADOR,int,NO,,,
FBS_CONTABILIDADES.OFICINACUENTACONTABLE_BANCARIA,ESTAENUSO,tinyint unsigned,NO,,,
FBS_CONTABILIDADES.OFICINACUENTACONTABLE_BANCARIA,CONCURRENCIA,timestamp(6),YES,,CURRENT_TIMESTAMP(6),DEFAULT_GENERATED on update CURRENT_TIMESTAMP(6)
FBS_CONTABILIDADES.OFICINAPRORRATEO_PORCENTAJE,SECUENCIALOFICINA,int,NO,PRI,,
FBS_CONTABILIDADES.OFICINAPRORRATEO_PORCENTAJE,PORCENTAJE,"decimal(18,2)",NO,,,
FBS_CONTABILIDADES.OFICINAPRORRATEO_PORCENTAJE,ESTAACTIVO,tinyint unsigned,NO,,,
FBS_CONTABILIDADES.OFICINAPRORRATEO_PORCENTAJE,NUMEROVERIFICADOR,int,NO,,,
FBS_CONTABILIDADES.OFICINAPRORRATEO_PORCENTAJE,CONCURRENCIA,timestamp(6),YES,,CURRENT_TIMESTAMP(6),DEFAULT_GENERATED on update CURRENT_TIMESTAMP(6)
FBS_CONTABILIDADES.ORDENCOMPRA,SECUENCIAL,int,NO,PRI,,auto_increment
FBS_CONTABILIDADES.ORDENCOMPRA,SECUENCIALCOTIZACION,int,NO,MUL,,
FBS_CONTABILIDADES.ORDENCOMPRA,SECUENCIALPROVEEDOR,int,NO,MUL,,
FBS_CONTABILIDADES.ORDENCOMPRA,SECUENCIALOFICINA,int,NO,MUL,,
FBS_CONTABILIDADES.ORDENCOMPRA,SECUENCIALMONEDA,int,NO,MUL,,
FBS_CONTABILIDADES.ORDENCOMPRA,NUMEROORDENCOMPRA,int,NO,,,
FBS_CONTABILIDADES.ORDENCOMPRA,NUMEROCOTIZACION,varchar(20),NO,,,
FBS_CONTABILIDADES.ORDENCOMPRA,VENDEDOR,varchar(50),NO,,,
FBS_CONTABILIDADES.ORDENCOMPRA,FECHAENTREGA,datetime,NO,,,
FBS_CONTABILIDADES.ORDENCOMPRA,CONDICIONESDEPAGO,varchar(100),NO,,,
FBS_CONTABILIDADES.ORDENCOMPRA,PRIMERSUBTOTAL,"decimal(18,2)",NO,,,
FBS_CONTABILIDADES.ORDENCOMPRA,DESCUENTO,"decimal(18,2)",NO,,,
FBS_CONTABILIDADES.ORDENCOMPRA,SEGUNDOSUBTOTAL,"decimal(18,2)",NO,,,
FBS_CONTABILIDADES.ORDENCOMPRA,ITBIS,"decimal(18,2)",NO,,,
FBS_CONTABILIDADES.ORDENCOMPRA,TRANSPORTE,"decimal(18,2)",NO,,,
FBS_CONTABILIDADES.ORDENCOMPRA,PRECIOTOTAL,"decimal(18,2)",NO,,,
FBS_CONTABILIDADES.ORDENCOMPRA,CODIGOUSUARIOINGRESO,varchar(25),NO,MUL,,
FBS_CONTABILIDADES.ORDENCOMPRA,FECHASISTEMAINGRESO,datetime,NO,,,
FBS_CONTABILIDADES.ORDENCOMPRA,FECHAMAQUINAINGRESO,datetime,NO,,,
FBS_CONTABILIDADES.ORDENCOMPRA,NOTAS,varchar(300),NO,,,
FBS_CONTABILIDADES.ORDENCOMPRA,CONCURRENCIA,timestamp(6),YES,,CURRENT_TIMESTAMP(6),DEFAULT_GENERATED on update CURRENT_TIMESTAMP(6)
FBS_CONTABILIDADES.ORDENCOMPRADETALLE,SECUENCIAL,int,NO,PRI,,auto_increment
FBS_CONTABILIDADES.ORDENCOMPRADETALLE,SECUENCIALORDENCOMPRA,int,NO,MUL,,
FBS_CONTABILIDADES.ORDENCOMPRADETALLE,SECUENCIALCOTIZACIONREQDETALLE,int,NO,MUL,,
FBS_CONTABILIDADES.ORDENCOMPRADETALLE,CODIGOTIPOUNIDADMEDIDA,varchar(5),NO,MUL,,
FBS_CONTABILIDADES.ORDENCOMPRADETALLE,CODIGOARTICULO,char(10),NO,MUL,,
FBS_CONTABILIDADES.ORDENCOMPRADETALLE,DESCRIPCION,varchar(500),NO,,,
FBS_CONTABILIDADES.ORDENCOMPRADETALLE,MARCA,varchar(100),NO,,,
FBS_CONTABILIDADES.ORDENCOMPRADETALLE,CANTIDAD,int,NO,,,
FBS_CONTABILIDADES.ORDENCOMPRADETALLE,PRECIONUNITARIO,"decimal(18,2)",NO,,,
FBS_CONTABILIDADES.ORDENCOMPRADETALLE,PORCENTAJEDESCUENTO,"decimal(18,2)",NO,,,
FBS_CONTABILIDADES.ORDENCOMPRADETALLE,DESCUENTO,"decimal(18,2)",NO,,,
FBS_CONTABILIDADES.ORDENCOMPRADETALLE,PORCENTAJEITBIS,"decimal(18,2)",NO,,,
FBS_CONTABILIDADES.ORDENCOMPRADETALLE,ITBIS,"decimal(18,2)",NO,,,
FBS_CONTABILIDADES.ORDENCOMPRADETALLE,TOTAL,"decimal(18,2)",NO,,,
FBS_CONTABILIDADES.ORDENCOMPRADETALLE,CONCURRENCIA,timestamp(6),YES,,CURRENT_TIMESTAMP(6),DEFAULT_GENERATED on update CURRENT_TIMESTAMP(6)
FBS_CONTABILIDADES.ORDENCOMPRA_INFORMACIONADICIONAL,SECUENCIALORDENCOMPRA,int,NO,PRI,,
FBS_CONTABILIDADES.ORDENCOMPRA_INFORMACIONADICIONAL,NUMEROFACTURA,varchar(50),NO,,,
FBS_CONTABILIDADES.ORDENCOMPRA_INFORMACIONADICIONAL,VALORFACTURADO,"decimal(18,2)",NO,,,
FBS_CONTABILIDADES.ORDENCOMPRA_INFORMACIONADICIONAL,CONCLUIDO,tinyint,NO,,,
FBS_CONTABILIDADES.ORDENCOMPRA_INFORMACIONADICIONAL,ANULADA,tinyint,NO,,,
FBS_CONTABILIDADES.ORDENCOMPRA_INFORMACIONADICIONAL,DETALLEANULACION,varchar(300),NO,,,
FBS_CONTABILIDADES.ORDENCOMPRA_INFORMACIONADICIONAL,CODIGOUSUARIOINGRESO,varchar(25),NO,MUL,,
FBS_CONTABILIDADES.ORDENCOMPRA_INFORMACIONADICIONAL,FECHASISTEMAINGRESO,datetime,NO,,,
FBS_CONTABILIDADES.ORDENCOMPRA_INFORMACIONADICIONAL,FECHAMAQUINAINGRESO,datetime,NO,,,
FBS_CONTABILIDADES.ORDENCOMPRA_INFORMACIONADICIONAL,CONCURRENCIA,timestamp(6),YES,,CURRENT_TIMESTAMP(6),DEFAULT_GENERATED on update CURRENT_TIMESTAMP(6)
FBS_CONTABILIDADES.PERFILCONTABLE,SECUENCIAL,int,NO,PRI,,auto_increment
FBS_CONTABILIDADES.PERFILCONTABLE,NOMBRE,varchar(50),NO,,,
FBS_CONTABILIDADES.PERFILCONTABLE,CODIGOTIPOCOMPROBANTECONTABLE,char(10),NO,MUL,,
FBS_CONTABILIDADES.PERFILCONTABLE,SECUENCIALESTADOCOMPBTECBLE,int,NO,MUL,,
FBS_CONTABILIDADES.PERFILCONTABLE,SEAGRUPA,tinyint unsigned,NO,,,
FBS_CONTABILIDADES.PERFILCONTABLE,SEGENERAENLINEA,tinyint unsigned,NO,,,
FBS_CONTABILIDADES.PERFILCONTABLE,CONCEPTOGENERAL,varchar(60),NO,,,
FBS_CONTABILIDADES.PERFILCONTABLE,ESTAACTIVA,tinyint unsigned,NO,,,
FBS_CONTABILIDADES.PERFILCONTABLE,NUMEROVERIFICADOR,int,NO,,,
FBS_CONTABILIDADES.PERFILCONTABLE,TIPOMOVIMIENTOCONTABLE,varchar(20),NO,,,
FBS_CONTABILIDADES.PERFILCONTABLE,CONCURRENCIA,timestamp(6),YES,,CURRENT_TIMESTAMP(6),DEFAULT_GENERATED on update CURRENT_TIMESTAMP(6)
FBS_CONTABILIDADES.PERFILCONTABLETRANS_CONTRAP,SECUENCIAL,int,NO,PRI,,auto_increment
FBS_CONTABILIDADES.PERFILCONTABLETRANS_CONTRAP,SECUENCIALPERFILCONTABLE,int,NO,MUL,,
FBS_CONTABILIDADES.PERFILCONTABLETRANS_CONTRAP,SECUENCIALTRANSACCIONCONTRAP,int,NO,UNI,,
FBS_CONTABILIDADES.PERFILCONTABLETRANS_CONTRAP,NUMEROVERIFICADOR,int,NO,,,
FBS_CONTABILIDADES.PERFILCONTABLETRANS_CONTRAP,CONCURRENCIA,timestamp(6),YES,,CURRENT_TIMESTAMP(6),DEFAULT_GENERATED on update CURRENT_TIMESTAMP(6)
FBS_CONTABILIDADES.PLANCUENTACONTABLE_V,SECUENCIALEMPRESA,int,NO,,,
FBS_CONTABILIDADES.PLANCUENTACONTABLE_V,SECUENCIAL,int,NO,,,
FBS_CONTABILIDADES.PLANCUENTACONTABLE_V,CODIGO,varchar(20),NO,,,
FBS_CONTABILIDADES.PLANCUENTACONTABLE_V,NOMBRE,varchar(4000),NO,,,
FBS_CONTABILIDADES.PLANCUENTACONTABLE_V,SECUENCIALNIVEL,int,NO,,,
FBS_CONTABILIDADES.PLANCUENTACONTABLE_V,NOMBRENIVEL,varchar(50),YES,,,
FBS_CONTABILIDADES.PLANCUENTACONTABLE_V,ESDEUDORA,tinyint unsigned,NO,,,
FBS_CONTABILIDADES.PLANCUENTACONTABLE_V,AFECTAMANUALMENTE,tinyint unsigned,NO,,,
FBS_CONTABILIDADES.PLANCUENTACONTABLE_V,ESDETOTAL,tinyint unsigned,NO,,,
FBS_CONTABILIDADES.PLANCUENTACONTABLE_V,REQUIEREAUXILIAR,tinyint unsigned,NO,,,
FBS_CONTABILIDADES.PLANCUENTACONTABLE_V,ESTAACTIVA,tinyint unsigned,NO,,,
FBS_CONTABILIDADES.PLANCUENTACONTABLE_V,SECUENCIALPADRE,int,YES,,0,
FBS_CONTABILIDADES.PLANCUENTACONTABLE_V,CODIGOPADRE,varchar(20),YES,,,
FBS_CONTABILIDADES.PLANCUENTACONTABLE_V,NOMBREPADRE,varchar(4000),YES,,,
FBS_CONTABILIDADES.PLANCUENTACONTABLE_V,NUMEROVERIFICADORD,int,NO,,,
FBS_CONTABILIDADES.PLANCUENTACONTABLE_V,NUMEROVERIFICADORPD,int,YES,,,
FBS_CONTABILIDADES.PLANCUENTACONTABLE_V,NUMEROVERIFICADORCC,int,NO,,,
FBS_CONTABILIDADES.PLANCUENTACONTABLE_V,SEPRORRATEA,tinyint unsigned,NO,,,
FBS_CONTABILIDADES.PLANCUENTACONTABLE_V,ESDEINTEGRACION,tinyint unsigned,NO,,,
FBS_CONTABILIDADES.PLANCUENTACONTABLE_V,SECUENCIALMONEDA,int,NO,,,
FBS_CONTABILIDADES.PLANCUENTACONTABLE_V,ESPARAVENTAS,tinyint unsigned,NO,,,
FBS_CONTABILIDADES.PLANCUENTACONTABLE_V,ESBANCARIA,bigint,NO,,0,
FBS_CONTABILIDADES.PLANCUENTACONTABLE_V,ESPARACAJACHICA,tinyint unsigned,NO,,,
FBS_CONTABILIDADES.PLANCUENTACONTABLE_V,REQUIEREAREA,tinyint unsigned,NO,,,
FBS_CONTABILIDADES.PLANCUENTACONTABLE_V,ESPARAPRIMANIVELACION,tinyint unsigned,NO,,,
FBS_CONTABILIDADES.PLANCUENTACONTABLE_V,AFECTALIBROVENTAS,tinyint unsigned,NO,,,
FBS_CONTABILIDADES.PLANCUENTACONTABLE_V,NOMBREMONEDA,varchar(50),NO,,,
FBS_CONTABILIDADES.PLANCUENTACONTABLE_V,PERMITEAMORTIZACION,tinyint unsigned,NO,,0,
FBS_CONTABILIDADES.PLANTILLACONTABLE,CODIGO,varchar(20),NO,PRI,,
FBS_CONTABILIDADES.PLANTILLACONTABLE,NOMBRE,varchar(250),NO,,,
FBS_CONTABILIDADES.PLANTILLACONTABLE,CODIGOTIPOCOMPROBANTECONTABLE,char(10),NO,MUL,,
FBS_CONTABILIDADES.PLANTILLACONTABLE,SECUENCIALEMPRESA,int,NO,MUL,,
FBS_CONTABILIDADES.PLANTILLACONTABLE,SECUENCIALOFICINAORIGEN,int,NO,MUL,,
FBS_CONTABILIDADES.PLANTILLACONTABLE,SECUENCIALOFICINADESTINO,int,NO,MUL,,
FBS_CONTABILIDADES.PLANTILLACONTABLE,CONCEPTO,varchar(500),NO,,,
FBS_CONTABILIDADES.PLANTILLACONTABLE,SECUENCIALMONEDA,int,NO,MUL,,
FBS_CONTABILIDADES.PLANTILLACONTABLE,NUMEROVERIFICADOR,int,NO,,,
FBS_CONTABILIDADES.PLANTILLACONTABLE,CONCURRENCIA,timestamp(6),YES,,CURRENT_TIMESTAMP(6),DEFAULT_GENERATED on update CURRENT_TIMESTAMP(6)
FBS_CONTABILIDADES.PORCENTAJEIMPUESTO,CODIGO,varchar(5),NO,PRI,,
FBS_CONTABILIDADES.PORCENTAJEIMPUESTO,NOMBRE,varchar(250),NO,,,
FBS_CONTABILIDADES.PORCENTAJEIMPUESTO,PORCENTAJE,"decimal(18,2)",NO,,,
FBS_CONTABILIDADES.PORCENTAJEIMPUESTO,ESTAACTIVO,tinyint unsigned,NO,,,
FBS_CONTABILIDADES.PORCENTAJEIMPUESTO,NUMEROVERIFICADOR,int,NO,,,
FBS_CONTABILIDADES.PORCENTAJEIMPUESTO,CONCURRENCIA,timestamp(6),YES,,CURRENT_TIMESTAMP(6),DEFAULT_GENERATED on update CURRENT_TIMESTAMP(6)
FBS_CONTABILIDADES.PORCENTAJEIMPUESTOCTACONTAMONEDA,SECUENCIAL,int,NO,PRI,,auto_increment
FBS_CONTABILIDADES.PORCENTAJEIMPUESTOCTACONTAMONEDA,CODIGOPORCENTAJEIMPUESTO,varchar(5),NO,MUL,,
FBS_CONTABILIDADES.PORCENTAJEIMPUESTOCTACONTAMONEDA,SECUENCIALCUENTACONTABLE,int,NO,MUL,,
FBS_CONTABILIDADES.PORCENTAJEIMPUESTOCTACONTAMONEDA,SECUENCIALMONEDA,int,NO,MUL,,
FBS_CONTABILIDADES.PORCENTAJEIMPUESTOCTACONTAMONEDA,ESTAACTIVO,tinyint unsigned,NO,,,
FBS_CONTABILIDADES.PORCENTAJEIMPUESTOCTACONTAMONEDA,NUMEROVERIFICADOR,int,NO,,,
FBS_CONTABILIDADES.PORCENTAJEIMPUESTOCTACONTAMONEDA,CONCURRENCIA,timestamp(6),YES,,CURRENT_TIMESTAMP(6),DEFAULT_GENERATED on update CURRENT_TIMESTAMP(6)
FBS_CONTABILIDADES.PRODUCTOCOMPRA,CODIGO,varchar(5),NO,PRI,,
FBS_CONTABILIDADES.PRODUCTOCOMPRA,NOMBRE,varchar(250),NO,,,
FBS_CONTABILIDADES.PRODUCTOCOMPRA,ESTAACTIVO,tinyint unsigned,NO,,,
FBS_CONTABILIDADES.PRODUCTOCOMPRA,NUMEROVERIFICADOR,int,NO,,,
FBS_CONTABILIDADES.PRODUCTOCOMPRA,CONCURRENCIA,timestamp(6),YES,,CURRENT_TIMESTAMP(6),DEFAULT_GENERATED on update CURRENT_TIMESTAMP(6)
FBS_CONTABILIDADES.PRODUCTOVENTAS,SECUENCIAL,int,NO,PRI,,auto_increment
FBS_CONTABILIDADES.PRODUCTOVENTAS,NOMBRE,varchar(250),NO,,,
FBS_CONTABILIDADES.PRODUCTOVENTAS,DESCRIPCION,varchar(500),NO,,,
FBS_CONTABILIDADES.PRODUCTOVENTAS,PRECIOUNITARIO,"decimal(18,2)",NO,,,
FBS_CONTABILIDADES.PRODUCTOVENTAS,CODIGOPORCENTAJEIMPUESTO,varchar(5),NO,MUL,,
FBS_CONTABILIDADES.PRODUCTOVENTAS,SECUENCIALMONEDA,int,NO,MUL,,
FBS_CONTABILIDADES.PRODUCTOVENTAS,SECUENCIALCUENTACONTABLE,int,NO,MUL,,
FBS_CONTABILIDADES.PRODUCTOVENTAS,ESTAACTIVO,tinyint unsigned,NO,,,
FBS_CONTABILIDADES.PRODUCTOVENTAS,NUMEROVERIFICADOR,int,NO,,,
FBS_CONTABILIDADES.PRODUCTOVENTAS,ESPORCONVENIO,tinyint unsigned,NO,,,
FBS_CONTABILIDADES.PRODUCTOVENTAS,CONCURRENCIA,timestamp(6),YES,,CURRENT_TIMESTAMP(6),DEFAULT_GENERATED on update CURRENT_TIMESTAMP(6)
FBS_CONTABILIDADES.PROPINALEGAL,CODIGO,varchar(5),NO,PRI,,
FBS_CONTABILIDADES.PROPINALEGAL,NOMBRE,varchar(50),NO,,,
FBS_CONTABILIDADES.PROPINALEGAL,PORCENTAJE,"decimal(9,2)",NO,,,
FBS_CONTABILIDADES.PROPINALEGAL,ESTAACTIVO,tinyint unsigned,NO,,,
FBS_CONTABILIDADES.PROPINALEGAL,CONCURRENCIA,timestamp(6),YES,,CURRENT_TIMESTAMP(6),DEFAULT_GENERATED on update CURRENT_TIMESTAMP(6)
FBS_CONTABILIDADES.PROVEEDOR,SECUENCIAL,int,NO,PRI,,auto_increment
FBS_CONTABILIDADES.PROVEEDOR,SECUENCIALEMPRESA,int,NO,MUL,,
FBS_CONTABILIDADES.PROVEEDOR,CONTACTO,varchar(100),NO,,,
FBS_CONTABILIDADES.PROVEEDOR,SECUENCIALOFICINA,int,NO,MUL,,
FBS_CONTABILIDADES.PROVEEDOR,CODIGOUSUARIOINGRESO,varchar(25),NO,MUL,,
FBS_CONTABILIDADES.PROVEEDOR,FECHASISTEMAINGRESO,datetime(3),NO,,,
FBS_CONTABILIDADES.PROVEEDOR,FECHAMAQUINAINGRESO,datetime(3),NO,,,
FBS_CONTABILIDADES.PROVEEDOR,ESTAACTIVO,tinyint unsigned,NO,,,
FBS_CONTABILIDADES.PROVEEDOR,NUMEROVERIFICADOR,int,NO,,,
FBS_CONTABILIDADES.PROVEEDOR,ESCRITICO,tinyint unsigned,NO,,,
FBS_CONTABILIDADES.PROVEEDOR,NUMEROEMPLEADOS,int,NO,,,
FBS_CONTABILIDADES.PROVEEDOR,FACTURAELECTRONICA,tinyint unsigned,NO,,,
FBS_CONTABILIDADES.PROVEEDOR,ACEPTAVENTA,tinyint unsigned,NO,,,
FBS_CONTABILIDADES.PROVEEDOR,ESTACALIFICADO,tinyint unsigned,NO,,,
FBS_CONTABILIDADES.PROVEEDOR,SECUENCIALPERSONA,int,NO,MUL,,
FBS_CONTABILIDADES.PROVEEDOR,EMITERECEPTACORREO,tinyint unsigned,NO,,,
FBS_CONTABILIDADES.PROVEEDOR,MANEJARECURSOSPUBLICOS,tinyint unsigned,NO,,,
FBS_CONTABILIDADES.PROVEEDOR,CONCARGOALTOMANDO,tinyint unsigned,NO,,,
FBS_CONTABILIDADES.PROVEEDOR,CODIGOTIPOPROVEEDOR,varchar(6),NO,MUL,,
FBS_CONTABILIDADES.PROVEEDOR,CONCURRENCIA,timestamp(6),YES,,CURRENT_TIMESTAMP(6),DEFAULT_GENERATED on update CURRENT_TIMESTAMP(6)
FBS_CONTABILIDADES.PROVEEDORANTICIPO,SECUENCIAL,int,NO,PRI,,auto_increment
FBS_CONTABILIDADES.PROVEEDORANTICIPO,SECUENCIALPROVEEDOR,int,NO,MUL,,
FBS_CONTABILIDADES.PROVEEDORANTICIPO,SECUENCIALOFICINA,int,NO,MUL,,
FBS_CONTABILIDADES.PROVEEDORANTICIPO,SECUENCIALMONEDA,int,NO,MUL,,
FBS_CONTABILIDADES.PROVEEDORANTICIPO,CODIGOFORMAPAGO,varchar(20),NO,,,
FBS_CONTABILIDADES.PROVEEDORANTICIPO,VALOR,"decimal(18,2)",NO,,,
FBS_CONTABILIDADES.PROVEEDORANTICIPO,VALORUSUADOENDOCUMENTOSCOMPRA,"decimal(18,2)",NO,,,
FBS_CONTABILIDADES.PROVEEDORANTICIPO,CONCEPTO,varchar(250),NO,,,
FBS_CONTABILIDADES.PROVEEDORANTICIPO,FECHASISTEMA,datetime(3),NO,,,
FBS_CONTABILIDADES.PROVEEDORANTICIPO,FECHAMAQUINA,datetime(3),NO,,,
FBS_CONTABILIDADES.PROVEEDORANTICIPO,CODIGOUSUARIO,varchar(25),NO,MUL,,
FBS_CONTABILIDADES.PROVEEDORANTICIPO,CODIGOESTADOANTICIPO,varchar(20),NO,,,
FBS_CONTABILIDADES.PROVEEDORANTICIPO,NUMEROVERIFICADOR,int,NO,,,
FBS_CONTABILIDADES.PROVEEDORANTICIPO,ESESPORADICO,tinyint unsigned,NO,,,
FBS_CONTABILIDADES.PROVEEDORANTICIPO,CONCURRENCIA,timestamp(6),YES,,CURRENT_TIMESTAMP(6),DEFAULT_GENERATED on update CURRENT_TIMESTAMP(6)
FBS_CONTABILIDADES.PROVEEDORANTICIPOCAMBIOESTADO,SECUENCIAL,int,NO,PRI,,auto_increment
FBS_CONTABILIDADES.PROVEEDORANTICIPOCAMBIOESTADO,SECUENCIALPROVEEDORANTICIPO,int,NO,MUL,,
FBS_CONTABILIDADES.PROVEEDORANTICIPOCAMBIOESTADO,CODIGOESTADOANTICIPO,varchar(20),NO,,,
FBS_CONTABILIDADES.PROVEEDORANTICIPOCAMBIOESTADO,COMENTARIO,varchar(250),NO,,,
FBS_CONTABILIDADES.PROVEEDORANTICIPOCAMBIOESTADO,CODIGOUSUARIO,varchar(25),NO,MUL,,
FBS_CONTABILIDADES.PROVEEDORANTICIPOCAMBIOESTADO,FECHASISTEMA,datetime(3),NO,,,
FBS_CONTABILIDADES.PROVEEDORANTICIPOCAMBIOESTADO,FECHAMAQUINA,datetime(3),NO,,,
FBS_CONTABILIDADES.PROVEEDORANTICIPOCAMBIOESTADO,CONCURRENCIA,timestamp(6),YES,,CURRENT_TIMESTAMP(6),DEFAULT_GENERATED on update CURRENT_TIMESTAMP(6)
FBS_CONTABILIDADES.PROVEEDORANTICIPO_AUXCBLE,SECUENCIALPROVEEDORANTICIPO,int,NO,PRI,,
FBS_CONTABILIDADES.PROVEEDORANTICIPO_AUXCBLE,SECUENCIALAUXILIARCONTABLE,int,NO,MUL,,
FBS_CONTABILIDADES.PROVEEDORANTICIPO_AUXCBLE,CONCURRENCIA,timestamp(6),YES,,CURRENT_TIMESTAMP(6),DEFAULT_GENERATED on update CURRENT_TIMESTAMP(6)
FBS_CONTABILIDADES.PROVEEDORANTICIPO_COMPBTECBLE,SECUENCIALPROVEEDORANTICIPO,int,NO,PRI,,
FBS_CONTABILIDADES.PROVEEDORANTICIPO_COMPBTECBLE,SECUENCIALCOMPROBANTECONTABLE,int,NO,MUL,,
FBS_CONTABILIDADES.PROVEEDORANTICIPO_COMPBTECBLE,CONCURRENCIA,timestamp(6),YES,,CURRENT_TIMESTAMP(6),DEFAULT_GENERATED on update CURRENT_TIMESTAMP(6)
FBS_CONTABILIDADES.PROVEEDORANTICIPO_CTAACREDITA,SECUENCIALPROVEEDORANTICIPO,int,NO,PRI,,
FBS_CONTABILIDADES.PROVEEDORANTICIPO_CTAACREDITA,SECUENCIALCUENTA,int,NO,MUL,,
FBS_CONTABILIDADES.PROVEEDORANTICIPO_CTAACREDITA,DOCUMENTO,varchar(50),NO,,,
FBS_CONTABILIDADES.PROVEEDORANTICIPO_CTAACREDITA,CONCURRENCIA,timestamp(6),YES,,CURRENT_TIMESTAMP(6),DEFAULT_GENERATED on update CURRENT_TIMESTAMP(6)
FBS_CONTABILIDADES.PROVEEDORANTICIPO_ORDEN,SECUENCIALPROVEEDORANTICIPO,int,NO,PRI,,
FBS_CONTABILIDADES.PROVEEDORANTICIPO_ORDEN,SECUENCIALORDEN,int,NO,MUL,,
FBS_CONTABILIDADES.PROVEEDORANTICIPO_ORDEN,CONCURRENCIA,timestamp(6),YES,,CURRENT_TIMESTAMP(6),DEFAULT_GENERATED on update CURRENT_TIMESTAMP(6)
FBS_CONTABILIDADES.PROVEEDORREFERENCIABANCARIA,SECUENCIAL,int,NO,PRI,,
FBS_CONTABILIDADES.PROVEEDORREFERENCIABANCARIA,SECUENCIALPROVEEDOR,int,NO,MUL,,
FBS_CONTABILIDADES.PROVEEDORREFERENCIABANCARIA,SECUENCIALBANCO,int,NO,MUL,,
FBS_CONTABILIDADES.PROVEEDORREFERENCIABANCARIA,CODIGOTIPOCUENTAREFERENCIA,varchar(10),NO,MUL,,
FBS_CONTABILIDADES.PROVEEDORREFERENCIABANCARIA,NUMEROCUENTA,varchar(30),NO,,,
FBS_CONTABILIDADES.PROVEEDORREFERENCIABANCARIA,ESTAACTIVA,tinyint unsigned,NO,,,
FBS_CONTABILIDADES.PROVEEDORREFERENCIABANCARIA,NUMEROVERIFICADOR,int,NO,,,
FBS_CONTABILIDADES.PROVEEDORREFERENCIABANCARIA,CONCURRENCIA,timestamp(6),YES,,CURRENT_TIMESTAMP(6),DEFAULT_GENERATED on update CURRENT_TIMESTAMP(6)
FBS_CONTABILIDADES.PROVEEDOR_COMPLEMENTO,SECUENCIALPROVEEDOR,int,NO,PRI,,
FBS_CONTABILIDADES.PROVEEDOR_COMPLEMENTO,CODIGOTIPOPROVEEDOR,varchar(10),NO,MUL,,
FBS_CONTABILIDADES.PROVEEDOR_COMPLEMENTO,PARTERELACIONADA,tinyint unsigned,NO,,,
FBS_CONTABILIDADES.PROVEEDOR_COMPLEMENTO,CONCURRENCIA,timestamp(6),YES,,CURRENT_TIMESTAMP(6),DEFAULT_GENERATED on update CURRENT_TIMESTAMP(6)
FBS_CONTABILIDADES.PROVEEDOR_COMPLEMENTONOCALIFICADO,SECUENCIALPROVEEDOR,int,NO,PRI,,
FBS_CONTABILIDADES.PROVEEDOR_COMPLEMENTONOCALIFICADO,CODIGOTIPOMOTIVONOCALIFICADO,char(3),NO,MUL,,
FBS_CONTABILIDADES.PROVEEDOR_COMPLEMENTONOCALIFICADO,ESTAACTIVO,tinyint unsigned,NO,,,
FBS_CONTABILIDADES.PROVEEDOR_COMPLEMENTONOCALIFICADO,CONCURRENCIA,timestamp(6),YES,,CURRENT_TIMESTAMP(6),DEFAULT_GENERATED on update CURRENT_TIMESTAMP(6)
FBS_CONTABILIDADES.PROVEEDOR_CUENTAACREDITACION,SECUENCIALPROVEEDOR,int,NO,PRI,,
FBS_CONTABILIDADES.PROVEEDOR_CUENTAACREDITACION,SECUENCIALCUENTA,int,NO,MUL,,
FBS_CONTABILIDADES.PROVEEDOR_CUENTAACREDITACION,ESTAACTIVO,tinyint unsigned,NO,,,
FBS_CONTABILIDADES.PROVEEDOR_CUENTAACREDITACION,CONCURRENCIA,timestamp(6),YES,,CURRENT_TIMESTAMP(6),DEFAULT_GENERATED on update CURRENT_TIMESTAMP(6)
FBS_CONTABILIDADES.PROVEEDOR_CUENTATRANSINTERBANC,SECUENCIALPROVEEDOR,int,NO,PRI,,
FBS_CONTABILIDADES.PROVEEDOR_CUENTATRANSINTERBANC,NOMBRE,varchar(250),NO,,,
FBS_CONTABILIDADES.PROVEEDOR_CUENTATRANSINTERBANC,IDENTIFICACION,varchar(20),NO,,,
FBS_CONTABILIDADES.PROVEEDOR_CUENTATRANSINTERBANC,CODIGOTIPOCUENTATRANSFERENCIA,varchar(3),NO,,,
FBS_CONTABILIDADES.PROVEEDOR_CUENTATRANSINTERBANC,SECUENCIALINSTITUCIONTRANSFER,int,NO,,,
FBS_CONTABILIDADES.PROVEEDOR_CUENTATRANSINTERBANC,NUMEROCUENTA,varchar(40),NO,,,
FBS_CONTABILIDADES.PROVEEDOR_CUENTATRANSINTERBANC,ESTAACTIVO,tinyint unsigned,NO,,,
FBS_CONTABILIDADES.PROVEEDOR_CUENTATRANSINTERBANC,CONCURRENCIA,timestamp(6),YES,,CURRENT_TIMESTAMP(6),DEFAULT_GENERATED on update CURRENT_TIMESTAMP(6)
FBS_CONTABILIDADES.PROVEEDOR_MIGRA,SECUENCIAL,int,NO,,,
FBS_CONTABILIDADES.PROVEEDOR_MIGRA,SECUENCIALEMPRESA,int,NO,,,
FBS_CONTABILIDADES.PROVEEDOR_MIGRA,CONTACTO,varchar(100),NO,,,
FBS_CONTABILIDADES.PROVEEDOR_MIGRA,SECUENCIALOFICINA,int,NO,,,
FBS_CONTABILIDADES.PROVEEDOR_MIGRA,CODIGOUSUARIOINGRESO,varchar(25),NO,,,
FBS_CONTABILIDADES.PROVEEDOR_MIGRA,FECHASISTEMAINGRESO,datetime(3),NO,,,
FBS_CONTABILIDADES.PROVEEDOR_MIGRA,FECHAMAQUINAINGRESO,datetime(3),NO,,,
FBS_CONTABILIDADES.PROVEEDOR_MIGRA,ESTAACTIVO,tinyint unsigned,NO,,,
FBS_CONTABILIDADES.PROVEEDOR_MIGRA,NUMEROVERIFICADOR,int,NO,,,
FBS_CONTABILIDADES.PROVEEDOR_MIGRA,ESCRITICO,tinyint unsigned,NO,,,
FBS_CONTABILIDADES.PROVEEDOR_MIGRA,NUMEROEMPLEADOS,int,NO,,,
FBS_CONTABILIDADES.PROVEEDOR_MIGRA,FACTURAELECTRONICA,tinyint unsigned,NO,,,
FBS_CONTABILIDADES.PROVEEDOR_MIGRA,ACEPTAVENTA,tinyint unsigned,NO,,,
FBS_CONTABILIDADES.PROVEEDOR_MIGRA,ESTACALIFICADO,tinyint unsigned,NO,,,
FBS_CONTABILIDADES.PROVEEDOR_MIGRA,SECUENCIALPERSONA,int,NO,,,
FBS_CONTABILIDADES.PROVEEDOR_MIGRA,EMITERECEPTACORREO,tinyint unsigned,NO,,,
FBS_CONTABILIDADES.PROVEEDOR_MIGRA,MANEJARECURSOSPUBLICOS,tinyint unsigned,NO,,,
FBS_CONTABILIDADES.PROVEEDOR_MIGRA,CONCARGOALTOMANDO,tinyint unsigned,NO,,,
FBS_CONTABILIDADES.PROVEEDOR_MIGRA,CODIGOTIPOPROVEEDOR,varchar(6),NO,,,
FBS_CONTABILIDADES.PROVEEDOR_MIGRA,CONCURRENCIA,timestamp(6),YES,,CURRENT_TIMESTAMP(6),DEFAULT_GENERATED on update CURRENT_TIMESTAMP(6)
FBS_CONTABILIDADES.RANGOAPROBACIONCOTIZACIONGRUPOTRAB,SECUENCIAL,int,NO,PRI,,auto_increment
FBS_CONTABILIDADES.RANGOAPROBACIONCOTIZACIONGRUPOTRAB,SECUENCIALEMPRESA,int,NO,MUL,,
FBS_CONTABILIDADES.RANGOAPROBACIONCOTIZACIONGRUPOTRAB,CODIGOGRUPOTRABAJO,varchar(20),NO,MUL,,
FBS_CONTABILIDADES.RANGOAPROBACIONCOTIZACIONGRUPOTRAB,SECUENCIALMONEDA,int,NO,MUL,,
FBS_CONTABILIDADES.RANGOAPROBACIONCOTIZACIONGRUPOTRAB,MONTOINICIO,"decimal(18,2)",NO,,,
FBS_CONTABILIDADES.RANGOAPROBACIONCOTIZACIONGRUPOTRAB,MONTOFIN,"decimal(18,2)",NO,,,
FBS_CONTABILIDADES.RANGOAPROBACIONCOTIZACIONGRUPOTRAB,ESTAACTIVO,tinyint unsigned,NO,,,
FBS_CONTABILIDADES.RANGOAPROBACIONCOTIZACIONGRUPOTRAB,NUMEROVERIFICADOR,int,NO,,,
FBS_CONTABILIDADES.RANGOAPROBACIONCOTIZACIONGRUPOTRAB,CONCURRENCIA,timestamp(6),YES,,CURRENT_TIMESTAMP(6),DEFAULT_GENERATED on update CURRENT_TIMESTAMP(6)
FBS_CONTABILIDADES.REGISTROCOMPRAS,SECUENCIAL,int,NO,PRI,,auto_increment
FBS_CONTABILIDADES.REGISTROCOMPRAS,DOCUMENTO,varchar(50),NO,,,
FBS_CONTABILIDADES.REGISTROCOMPRAS,SECUENCIALOFICINA,int,NO,MUL,,
FBS_CONTABILIDADES.REGISTROCOMPRAS,SECUENCIALMONEDA,int,NO,MUL,,
FBS_CONTABILIDADES.REGISTROCOMPRAS,CODIGOTIPODOCUMENTOCOMPRA,varchar(5),NO,MUL,,
FBS_CONTABILIDADES.REGISTROCOMPRAS,CODIGOPRODUCTOCOMPRA,varchar(5),NO,MUL,,
FBS_CONTABILIDADES.REGISTROCOMPRAS,CODIGOFORMADEPAGOCOMPRAS,varchar(10),NO,MUL,,
FBS_CONTABILIDADES.REGISTROCOMPRAS,TIPOCAMBIO,"decimal(18,3)",NO,,,
FBS_CONTABILIDADES.REGISTROCOMPRAS,TIPOIDENTIFICACION,varchar(2),NO,,,
FBS_CONTABILIDADES.REGISTROCOMPRAS,IDENTIFICACION,varchar(20),NO,,,
FBS_CONTABILIDADES.REGISTROCOMPRAS,NOMBRE,varchar(250),NO,,,
FBS_CONTABILIDADES.REGISTROCOMPRAS,NUMEROFACTURA,varchar(50),NO,,,
FBS_CONTABILIDADES.REGISTROCOMPRAS,NCF,varchar(50),NO,,,
FBS_CONTABILIDADES.REGISTROCOMPRAS,DOCUMENTOMODIFICADO,varchar(50),NO,,,
FBS_CONTABILIDADES.REGISTROCOMPRAS,FECHACOMPROBANTE,datetime(3),NO,,,
FBS_CONTABILIDADES.REGISTROCOMPRAS,FECHAPAGO,datetime(3),NO,,,
FBS_CONTABILIDADES.REGISTROCOMPRAS,FECHAMAQUINAINGRESO,datetime(3),NO,,,
FBS_CONTABILIDADES.REGISTROCOMPRAS,FECHASISTEMAINGRESO,datetime(3),NO,,,
FBS_CONTABILIDADES.REGISTROCOMPRAS,ESBIENES,tinyint unsigned,NO,,,
FBS_CONTABILIDADES.REGISTROCOMPRAS,ESSERVICIO,tinyint unsigned,NO,,,
FBS_CONTABILIDADES.REGISTROCOMPRAS,MONTOFACTURADOSERVICIOS,"decimal(18,2)",NO,,,
FBS_CONTABILIDADES.REGISTROCOMPRAS,MONTOFACTURADOBIENES,"decimal(18,2)",NO,,,
FBS_CONTABILIDADES.REGISTROCOMPRAS,TOTALMONTOFACTURADO,"decimal(18,2)",NO,,,
FBS_CONTABILIDADES.REGISTROCOMPRAS,ITBISFACTURADO,"decimal(18,2)",NO,,,
FBS_CONTABILIDADES.REGISTROCOMPRAS,ITBISRETENIDO,"decimal(18,2)",NO,,,
FBS_CONTABILIDADES.REGISTROCOMPRAS,ITBISPROPORSIONALIDAD,"decimal(18,2)",NO,,,
FBS_CONTABILIDADES.REGISTROCOMPRAS,ITBISLLEVADOALCOSTO,"decimal(18,2)",NO,,,
FBS_CONTABILIDADES.REGISTROCOMPRAS,ITBISPORADELANTAR,"decimal(18,2)",NO,,,
FBS_CONTABILIDADES.REGISTROCOMPRAS,ITBISPERCIBIDOCOMPRAS,"decimal(18,2)",NO,,,
FBS_CONTABILIDADES.REGISTROCOMPRAS,MONTOPROPINALEGAL,"decimal(18,2)",NO,,,
FBS_CONTABILIDADES.REGISTROCOMPRAS,IMPUESTOSELECTIVO,"decimal(18,2)",NO,,,
FBS_CONTABILIDADES.REGISTROCOMPRAS,OTROSIMPUESTOS,"decimal(18,2)",NO,,,
FBS_CONTABILIDADES.REGISTROCOMPRAS,CODIGOUSUARIOINGRESO,varchar(25),NO,MUL,,
FBS_CONTABILIDADES.REGISTROCOMPRAS,POSEERETENCION,tinyint unsigned,NO,,,
FBS_CONTABILIDADES.REGISTROCOMPRAS,ESPAGOEXTERIOR,tinyint unsigned,NO,,,
FBS_CONTABILIDADES.REGISTROCOMPRAS,ESTAACTIVO,tinyint unsigned,NO,,,
FBS_CONTABILIDADES.REGISTROCOMPRAS,POSEERETENCIONIGV,tinyint unsigned,NO,,,
FBS_CONTABILIDADES.REGISTROCOMPRAS,POSEEDOCUMENTOCOMPRA,tinyint unsigned,NO,,,
FBS_CONTABILIDADES.REGISTROCOMPRAS,ESDESDECOBRANZA,tinyint unsigned,NO,,0,
FBS_CONTABILIDADES.REGISTROCOMPRAS,ESTAPROCESADO,tinyint unsigned,NO,,1,
FBS_CONTABILIDADES.REGISTROCOMPRAS,CONCURRENCIA,timestamp(6),YES,,CURRENT_TIMESTAMP(6),DEFAULT_GENERATED on update CURRENT_TIMESTAMP(6)
FBS_CONTABILIDADES.REGISTROCOMPRAS_DOCUMENTOCOMPRA,SECUENCIALREGISTROCOMPRAS,int,NO,PRI,,
FBS_CONTABILIDADES.REGISTROCOMPRAS_DOCUMENTOCOMPRA,SECUENCIALDOCUMENTOCOMPRA,int,NO,MUL,,
FBS_CONTABILIDADES.REGISTROCOMPRAS_DOCUMENTOCOMPRA,CONCURRENCIA,timestamp(6),YES,,CURRENT_TIMESTAMP(6),DEFAULT_GENERATED on update CURRENT_TIMESTAMP(6)
FBS_CONTABILIDADES.REGISTROCOMPRAS_IMPIGVMONEXTRANJERA,SECUENCIALREGCOMIMPIGV,int,NO,PRI,,
FBS_CONTABILIDADES.REGISTROCOMPRAS_IMPIGVMONEXTRANJERA,ESSERVICIOS,tinyint unsigned,NO,,,
FBS_CONTABILIDADES.REGISTROCOMPRAS_IMPIGVMONEXTRANJERA,MONTOIMPUESTO,"decimal(18,2)",NO,,,
FBS_CONTABILIDADES.REGISTROCOMPRAS_IMPIGVMONEXTRANJERA,CONCURRENCIA,timestamp(6),YES,,CURRENT_TIMESTAMP(6),DEFAULT_GENERATED on update CURRENT_TIMESTAMP(6)
FBS_CONTABILIDADES.REGISTROCOMPRAS_IMPRENMONEXTRANJERA,SECUENCIALREGCOMIMPRENTA,int,NO,PRI,,
FBS_CONTABILIDADES.REGISTROCOMPRAS_IMPRENMONEXTRANJERA,MONTORETENCIONRENTA,"decimal(18,2)",NO,,,
FBS_CONTABILIDADES.REGISTROCOMPRAS_IMPRENMONEXTRANJERA,ISRPERCIBIDOCOMPRAS,"decimal(18,2)",NO,,,
FBS_CONTABILIDADES.REGISTROCOMPRAS_IMPRENMONEXTRANJERA,CONCURRENCIA,timestamp(6),YES,,CURRENT_TIMESTAMP(6),DEFAULT_GENERATED on update CURRENT_TIMESTAMP(6)
FBS_CONTABILIDADES.REGISTROCOMPRAS_IMPUESTOIGV,SECUENCIALREGISTROCOMPRAS,int,NO,PRI,,
FBS_CONTABILIDADES.REGISTROCOMPRAS_IMPUESTOIGV,SECUENCIALRETENCIONIGV,int,NO,MUL,,
FBS_CONTABILIDADES.REGISTROCOMPRAS_IMPUESTOIGV,ESSERVICIOS,tinyint unsigned,NO,,,
FBS_CONTABILIDADES.REGISTROCOMPRAS_IMPUESTOIGV,MONTOIMPUESTO,"decimal(18,2)",NO,,,
FBS_CONTABILIDADES.REGISTROCOMPRAS_IMPUESTOIGV,PORCENTAJEIMPUESTO,"decimal(18,2)",NO,,,
FBS_CONTABILIDADES.REGISTROCOMPRAS_IMPUESTOIGV,CONCURRENCIA,timestamp(6),YES,,CURRENT_TIMESTAMP(6),DEFAULT_GENERATED on update CURRENT_TIMESTAMP(6)
FBS_CONTABILIDADES.REGISTROCOMPRAS_IMPUESTORENTA,SECUENCIALREGISTROCOMPRA,int,NO,PRI,,
FBS_CONTABILIDADES.REGISTROCOMPRAS_IMPUESTORENTA,CODIGOTIPORETENCION,varchar(5),NO,MUL,,
FBS_CONTABILIDADES.REGISTROCOMPRAS_IMPUESTORENTA,PORCENTAJEIMPUESTORENTA,"decimal(18,2)",NO,,,
FBS_CONTABILIDADES.REGISTROCOMPRAS_IMPUESTORENTA,MONTORETENCIONRENTA,"decimal(18,2)",NO,,,
FBS_CONTABILIDADES.REGISTROCOMPRAS_IMPUESTORENTA,ISRPERCIBIDOCOMPRAS,"decimal(18,2)",NO,,,
FBS_CONTABILIDADES.REGISTROCOMPRAS_IMPUESTORENTA,CONCURRENCIA,timestamp(6),YES,,CURRENT_TIMESTAMP(6),DEFAULT_GENERATED on update CURRENT_TIMESTAMP(6)
FBS_CONTABILIDADES.REGISTROCOMPRAS_MONEDAEXTRANJERA,SECUENCIALREGISTROCOMPRAS,int,NO,PRI,,
FBS_CONTABILIDADES.REGISTROCOMPRAS_MONEDAEXTRANJERA,MONTOFACTURADOSERVICIOS,"decimal(18,2)",NO,,,
FBS_CONTABILIDADES.REGISTROCOMPRAS_MONEDAEXTRANJERA,MONTOFACTURADOBIENES,"decimal(18,2)",NO,,,
FBS_CONTABILIDADES.REGISTROCOMPRAS_MONEDAEXTRANJERA,TOTALMONTOFACTURADO,"decimal(18,2)",NO,,,
FBS_CONTABILIDADES.REGISTROCOMPRAS_MONEDAEXTRANJERA,ITBISFACTURADO,"decimal(18,2)",NO,,,
FBS_CONTABILIDADES.REGISTROCOMPRAS_MONEDAEXTRANJERA,ITBISRETENIDO,"decimal(18,2)",NO,,,
FBS_CONTABILIDADES.REGISTROCOMPRAS_MONEDAEXTRANJERA,ITBISPROPORSIONALIDAD,"decimal(18,2)",NO,,,
FBS_CONTABILIDADES.REGISTROCOMPRAS_MONEDAEXTRANJERA,ITBISLLEVADOALCOSTO,"decimal(18,2)",NO,,,
FBS_CONTABILIDADES.REGISTROCOMPRAS_MONEDAEXTRANJERA,ITBISPORADELANTAR,"decimal(18,2)",NO,,,
FBS_CONTABILIDADES.REGISTROCOMPRAS_MONEDAEXTRANJERA,ITBISPERCIBIDOCOMPRAS,"decimal(18,2)",NO,,,
FBS_CONTABILIDADES.REGISTROCOMPRAS_MONEDAEXTRANJERA,MONTOPROPINALEGAL,"decimal(18,2)",NO,,,
FBS_CONTABILIDADES.REGISTROCOMPRAS_MONEDAEXTRANJERA,IMPUESTOSELECTIVO,"decimal(18,2)",NO,,,
FBS_CONTABILIDADES.REGISTROCOMPRAS_MONEDAEXTRANJERA,OTROSIMPUESTOS,"decimal(18,2)",NO,,,
FBS_CONTABILIDADES.REGISTROCOMPRAS_MONEDAEXTRANJERA,CONCURRENCIA,timestamp(6),YES,,CURRENT_TIMESTAMP(6),DEFAULT_GENERATED on update CURRENT_TIMESTAMP(6)
FBS_CONTABILIDADES.REGISTROCOMPRAS_PAGOEXTERIOR,SECUENCIALREGISTROCOMPRAS,int,NO,PRI,,
FBS_CONTABILIDADES.REGISTROCOMPRAS_PAGOEXTERIOR,CODIGOPAISDESTINO,varchar(10),NO,MUL,,
FBS_CONTABILIDADES.REGISTROCOMPRAS_PAGOEXTERIOR,CODIGOTIPOSERVICIO,varchar(5),NO,MUL,,
FBS_CONTABILIDADES.REGISTROCOMPRAS_PAGOEXTERIOR,ESPARTERELACIONADA,tinyint unsigned,NO,,,
FBS_CONTABILIDADES.REGISTROCOMPRAS_PAGOEXTERIOR,CONCURRENCIA,timestamp(6),YES,,CURRENT_TIMESTAMP(6),DEFAULT_GENERATED on update CURRENT_TIMESTAMP(6)
FBS_CONTABILIDADES.REGISTROREPAROS,SECUENCIAL,int,NO,PRI,,auto_increment
FBS_CONTABILIDADES.REGISTROREPAROS,SECUENCIALMONEDA,int,NO,MUL,,
FBS_CONTABILIDADES.REGISTROREPAROS,FECHAEMISION,datetime(3),NO,,,
FBS_CONTABILIDADES.REGISTROREPAROS,TIPOGASTO,varchar(300),NO,,,
FBS_CONTABILIDADES.REGISTROREPAROS,IMPORTETOTAL,"decimal(18,2)",NO,,,
FBS_CONTABILIDADES.REGISTROREPAROS,SECMOVEGRESOPREIMPRESO,int,NO,MUL,,
FBS_CONTABILIDADES.REGISTROREPAROS,CONCURRENCIA,timestamp(6),YES,,CURRENT_TIMESTAMP(6),DEFAULT_GENERATED on update CURRENT_TIMESTAMP(6)
FBS_CONTABILIDADES.REGISTROVENTAS,SECUENCIAL,int,NO,PRI,,auto_increment
FBS_CONTABILIDADES.REGISTROVENTAS,SECUENCIALOFICINA,int,NO,MUL,,
FBS_CONTABILIDADES.REGISTROVENTAS,SECUENCIALMONEDA,int,NO,MUL,,
FBS_CONTABILIDADES.REGISTROVENTAS,CODIGOTIPODOCUMENTOVENTA,varchar(4),NO,MUL,,
FBS_CONTABILIDADES.REGISTROVENTAS,CODIGOTIPOINGRESOVENTA,varchar(5),NO,MUL,,
FBS_CONTABILIDADES.REGISTROVENTAS,TIPOIDENTIFICACION,varchar(2),NO,,,
FBS_CONTABILIDADES.REGISTROVENTAS,IDENTIFICACION,varchar(25),NO,,,
FBS_CONTABILIDADES.REGISTROVENTAS,NOMBRE,varchar(250),NO,,,
FBS_CONTABILIDADES.REGISTROVENTAS,NUMEROCOMPROBANTEFISCAL,varchar(25),NO,,,
FBS_CONTABILIDADES.REGISTROVENTAS,NUMEROCOMPROBANTEFISCALMODIFICADO,varchar(25),NO,,,
FBS_CONTABILIDADES.REGISTROVENTAS,FECHACOMPROBANTE,datetime(3),NO,,,
FBS_CONTABILIDADES.REGISTROVENTAS,FECHARETENCION,datetime(3),NO,,,
FBS_CONTABILIDADES.REGISTROVENTAS,MONTOFACTURADO,"decimal(18,2)",NO,,,
FBS_CONTABILIDADES.REGISTROVENTAS,ITBISFACTURADO,"decimal(18,2)",NO,,,
FBS_CONTABILIDADES.REGISTROVENTAS,ITBISRETENIDOPORTERCEROS,"decimal(18,2)",NO,,,
FBS_CONTABILIDADES.REGISTROVENTAS,ITBISPERCIBIDO,"decimal(18,2)",NO,,,
FBS_CONTABILIDADES.REGISTROVENTAS,RETENCIONRENTAPORTERCEROS,"decimal(18,2)",NO,,,
FBS_CONTABILIDADES.REGISTROVENTAS,ISRPERCIBIDO,"decimal(18,2)",NO,,,
FBS_CONTABILIDADES.REGISTROVENTAS,IMPUESTOSELECTIVOALCONSUMO,"decimal(18,2)",NO,,,
FBS_CONTABILIDADES.REGISTROVENTAS,OTROSIMPUESTOS,"decimal(18,2)",NO,,,
FBS_CONTABILIDADES.REGISTROVENTAS,MONTOPROPINALEGAL,"decimal(18,2)",NO,,,
FBS_CONTABILIDADES.REGISTROVENTAS,FECHASISTEMAINGRESO,datetime(3),NO,MUL,,
FBS_CONTABILIDADES.REGISTROVENTAS,FECHAMAQUINAINGRESO,datetime(3),NO,,,
FBS_CONTABILIDADES.REGISTROVENTAS,CODIGOUSUARIOINGRESO,varchar(25),NO,MUL,,
FBS_CONTABILIDADES.REGISTROVENTAS,ESTAACTIVO,tinyint unsigned,NO,,,
FBS_CONTABILIDADES.REGISTROVENTAS,SERIE,varchar(5),NO,,,
FBS_CONTABILIDADES.REGISTROVENTAS,NUMERO,int,NO,,,
FBS_CONTABILIDADES.REGISTROVENTAS,NUMEROFACTURA,int,NO,,,
FBS_CONTABILIDADES.REGISTROVENTAS,DOCUMENTO,varchar(50),NO,MUL,,
FBS_CONTABILIDADES.REGISTROVENTAS,ESENLOTE,tinyint,NO,,0,
FBS_CONTABILIDADES.REGISTROVENTAS,CONCURRENCIA,timestamp(6),YES,,CURRENT_TIMESTAMP(6),DEFAULT_GENERATED on update CURRENT_TIMESTAMP(6)
FBS_CONTABILIDADES.REGISTROVENTASFORMADEPAGO,SECUENCIAL,int,NO,PRI,,auto_increment
FBS_CONTABILIDADES.REGISTROVENTASFORMADEPAGO,SECUENCIALREGISTROVENTAS,int,NO,MUL,,
FBS_CONTABILIDADES.REGISTROVENTASFORMADEPAGO,CODIGOFORMAPAGO,varchar(10),NO,MUL,,
FBS_CONTABILIDADES.REGISTROVENTASFORMADEPAGO,VALOR,"decimal(18,2)",NO,,,
FBS_CONTABILIDADES.REGISTROVENTASFORMADEPAGO,CONCURRENCIA,timestamp(6),YES,,CURRENT_TIMESTAMP(6),DEFAULT_GENERATED on update CURRENT_TIMESTAMP(6)
FBS_CONTABILIDADES.REGISTROVENTAS_ANULADO,SECUENCIALREGISTROVENTAS,int,NO,PRI,,
FBS_CONTABILIDADES.REGISTROVENTAS_ANULADO,SECUENCIALMOTIVONOTACREDITO,int,NO,MUL,,
FBS_CONTABILIDADES.REGISTROVENTAS_ANULADO,CONCURRENCIA,timestamp(6),YES,,CURRENT_TIMESTAMP(6),DEFAULT_GENERATED on update CURRENT_TIMESTAMP(6)
FBS_CONTABILIDADES.REGISTROVENTAS_COMPROBANTECONTABLE,SECUENCIALREGISTROVENTAS,int,NO,PRI,,
FBS_CONTABILIDADES.REGISTROVENTAS_COMPROBANTECONTABLE,SECUENCIALCOMPROBANTECONTABLE,int,NO,MUL,,
FBS_CONTABILIDADES.REGISTROVENTAS_COMPROBANTECONTABLE,CONCURRENCIA,timestamp(6),YES,,CURRENT_TIMESTAMP(6),DEFAULT_GENERATED on update CURRENT_TIMESTAMP(6)
FBS_CONTABILIDADES.RELACIONPROVEEDOR,CODIGO,varchar(6),NO,PRI,,
FBS_CONTABILIDADES.RELACIONPROVEEDOR,NOMBRE,varchar(100),NO,,,
FBS_CONTABILIDADES.RELACIONPROVEEDOR,ESTAACTIVO,tinyint unsigned,NO,,,
FBS_CONTABILIDADES.RELACIONPROVEEDOR,NUMEROVERIFICADOR,int,NO,,,
FBS_CONTABILIDADES.RELACIONPROVEEDOR,ESPORSERVICIO,tinyint unsigned,NO,,,
FBS_CONTABILIDADES.RELACIONPROVEEDOR,CONCURRENCIA,timestamp(6),YES,,CURRENT_TIMESTAMP(6),DEFAULT_GENERATED on update CURRENT_TIMESTAMP(6)
FBS_CONTABILIDADES.REPORTEADOR,SECUENCIAL,int,NO,PRI,,auto_increment
FBS_CONTABILIDADES.REPORTEADOR,SECUENCIALEMPRESA,int,NO,MUL,,
FBS_CONTABILIDADES.REPORTEADOR,TITULO,varchar(100),NO,,,
FBS_CONTABILIDADES.REPORTEADOR,ESCOMPARATIVO,tinyint unsigned,NO,,,
FBS_CONTABILIDADES.REPORTEADOR,ESTAACTIVO,tinyint unsigned,NO,,,
FBS_CONTABILIDADES.REPORTEADOR,NUMEROVERIFICADOR,int,NO,,,
FBS_CONTABILIDADES.REPORTEADOR,CONCURRENCIA,timestamp(6),YES,,CURRENT_TIMESTAMP(6),DEFAULT_GENERATED on update CURRENT_TIMESTAMP(6)
FBS_CONTABILIDADES.RETENCIONIGV,SECUENCIAL,int,NO,PRI,,auto_increment
FBS_CONTABILIDADES.RETENCIONIGV,CODIGO,varchar(5),NO,,,
FBS_CONTABILIDADES.RETENCIONIGV,SECUENCIALEMPRESA,int,NO,MUL,,
FBS_CONTABILIDADES.RETENCIONIGV,NOMBRE,varchar(250),NO,,,
FBS_CONTABILIDADES.RETENCIONIGV,PORCENTAJE,"decimal(18,2)",NO,,,
FBS_CONTABILIDADES.RETENCIONIGV,SECUENCIALCUENTACONTABLE,int,NO,MUL,,
FBS_CONTABILIDADES.RETENCIONIGV,FORMULARIO,int,NO,,,
FBS_CONTABILIDADES.RETENCIONIGV,ESTAACTIVO,tinyint unsigned,NO,,,
FBS_CONTABILIDADES.RETENCIONIGV,NUMEROVERIFICADOR,int,NO,,,
FBS_CONTABILIDADES.RETENCIONIGV,CODIGOANEXORETENCIONIGV,varchar(3),NO,,,
FBS_CONTABILIDADES.RETENCIONIGV,SECUENCIALMONEDA,int,NO,MUL,1,
FBS_CONTABILIDADES.RETENCIONIGV,CONCURRENCIA,timestamp(6),YES,,CURRENT_TIMESTAMP(6),DEFAULT_GENERATED on update CURRENT_TIMESTAMP(6)
FBS_CONTABILIDADES.RETENCIONIGV_AUXILIARCONTABLE,SECUENCIALRETENCIONIGV,int,NO,PRI,,
FBS_CONTABILIDADES.RETENCIONIGV_AUXILIARCONTABLE,SECUENCIALAUXILIARCONTABLE,int,NO,MUL,,
FBS_CONTABILIDADES.RETENCIONIGV_AUXILIARCONTABLE,CONCURRENCIA,timestamp(6),YES,,CURRENT_TIMESTAMP(6),DEFAULT_GENERATED on update CURRENT_TIMESTAMP(6)
FBS_CONTABILIDADES.SALDOCONTABLE,SECUENCIAL,int,NO,PRI,,auto_increment
FBS_CONTABILIDADES.SALDOCONTABLE,SECUENCIALCUENTACONTABLE,int,NO,MUL,,
FBS_CONTABILIDADES.SALDOCONTABLE,SECUENCIALDIVISIONORGANIZACION,int,NO,MUL,,
FBS_CONTABILIDADES.SALDOCONTABLE,FECHA,datetime(3),NO,MUL,,
FBS_CONTABILIDADES.SALDOCONTABLE,SECUENCIALMONEDA,int,NO,MUL,,
FBS_CONTABILIDADES.SALDOCONTABLE,SALDOINICIAL,"decimal(18,2)",NO,,,
FBS_CONTABILIDADES.SALDOCONTABLE,TOTALDEBITO,"decimal(18,2)",NO,,,
FBS_CONTABILIDADES.SALDOCONTABLE,TOTALCREDITO,"decimal(18,2)",NO,,,
FBS_CONTABILIDADES.SALDOCONTABLE,ESTACERRADO,tinyint unsigned,NO,MUL,,
FBS_CONTABILIDADES.SALDOCONTABLE,NUMEROVERIFICADOR,int,NO,,,
FBS_CONTABILIDADES.SALDOCONTABLE,SECMIGRA,int,YES,,,
FBS_CONTABILIDADES.SALDOCONTABLE,CONCURRENCIA,timestamp(6),YES,,CURRENT_TIMESTAMP(6),DEFAULT_GENERATED on update CURRENT_TIMESTAMP(6)
FBS_CONTABILIDADES.SALDOCONTABLEANUAL,SECUENCIAL,int,NO,PRI,,auto_increment
FBS_CONTABILIDADES.SALDOCONTABLEANUAL,SECUENCIALCUENTACONTABLE,int,NO,MUL,,
FBS_CONTABILIDADES.SALDOCONTABLEANUAL,SECUENCIALDIVISIONORGANIZACION,int,NO,MUL,,
FBS_CONTABILIDADES.SALDOCONTABLEANUAL,FECHA,datetime(3),NO,,,
FBS_CONTABILIDADES.SALDOCONTABLEANUAL,SECUENCIALMONEDA,int,NO,MUL,,
FBS_CONTABILIDADES.SALDOCONTABLEANUAL,SALDOINICIAL,"decimal(18,2)",NO,,,
FBS_CONTABILIDADES.SALDOCONTABLEANUAL,TOTALDEBITO,"decimal(18,2)",NO,,,
FBS_CONTABILIDADES.SALDOCONTABLEANUAL,TOTALCREDITO,"decimal(18,2)",NO,,,
FBS_CONTABILIDADES.SALDOCONTABLEANUAL,ESTACERRADO,tinyint unsigned,NO,,,
FBS_CONTABILIDADES.SALDOCONTABLEANUAL,NUMEROVERIFICADOR,int,NO,,,
FBS_CONTABILIDADES.SALDOCONTABLEANUAL,FECHASISTEMA,datetime(3),NO,,,
FBS_CONTABILIDADES.SALDOCONTABLEANUAL,FECHAMAQUINA,datetime(3),NO,,,
FBS_CONTABILIDADES.SALDOCONTABLEANUAL,SECUENCIALSALDOCONTABLE,int,NO,UNI,,
FBS_CONTABILIDADES.SALDOCONTABLEANUAL,NUMEROMES,int,NO,,,
FBS_CONTABILIDADES.SALDOCONTABLEANUAL,ESTAPROCESADO,tinyint unsigned,NO,,,
FBS_CONTABILIDADES.SALDOCONTABLEANUAL,CONCURRENCIA,timestamp(6),YES,,CURRENT_TIMESTAMP(6),DEFAULT_GENERATED on update CURRENT_TIMESTAMP(6)
FBS_CONTABILIDADES.SALDOCONTABLEANUAL_MONEDAEXTRANJERA,SECUENCIALSALDOCONTABLEANUAL,int,NO,PRI,,
FBS_CONTABILIDADES.SALDOCONTABLEANUAL_MONEDAEXTRANJERA,SALDOINICIAL,"decimal(18,2)",NO,,,
FBS_CONTABILIDADES.SALDOCONTABLEANUAL_MONEDAEXTRANJERA,TOTALDEBITO,"decimal(18,2)",NO,,,
FBS_CONTABILIDADES.SALDOCONTABLEANUAL_MONEDAEXTRANJERA,TOTALCREDITO,"decimal(18,2)",NO,,,
FBS_CONTABILIDADES.SALDOCONTABLEANUAL_MONEDAEXTRANJERA,CONCURRENCIA,timestamp(6),YES,,CURRENT_TIMESTAMP(6),DEFAULT_GENERATED on update CURRENT_TIMESTAMP(6)
FBS_CONTABILIDADES.SALDOCONTABLEAREA,SECUENCIAL,int,NO,PRI,,auto_increment
FBS_CONTABILIDADES.SALDOCONTABLEAREA,SECUENCIALSALDOCONTABLE,int,NO,MUL,,
FBS_CONTABILIDADES.SALDOCONTABLEAREA,SECUENCIALAREA,int,NO,MUL,,
FBS_CONTABILIDADES.SALDOCONTABLEAREA,SALDOINICIAL,"decimal(18,2)",NO,,,
FBS_CONTABILIDADES.SALDOCONTABLEAREA,TOTALDEBITO,"decimal(18,2)",NO,,,
FBS_CONTABILIDADES.SALDOCONTABLEAREA,TOTALCREDITO,"decimal(18,2)",NO,,,
FBS_CONTABILIDADES.SALDOCONTABLEAREA,ESTACERRADO,tinyint unsigned,NO,,,
FBS_CONTABILIDADES.SALDOCONTABLEAREA,NUMEROVERIFICADOR,int,NO,,,
FBS_CONTABILIDADES.SALDOCONTABLEAREA,CONCURRENCIA,timestamp(6),YES,,CURRENT_TIMESTAMP(6),DEFAULT_GENERATED on update CURRENT_TIMESTAMP(6)
FBS_CONTABILIDADES.SALDOCONTABLEAUXILIARCONTABLE,SECUENCIAL,int,NO,PRI,,auto_increment
FBS_CONTABILIDADES.SALDOCONTABLEAUXILIARCONTABLE,SECUENCIALSALDOCONTABLE,int,NO,MUL,,
FBS_CONTABILIDADES.SALDOCONTABLEAUXILIARCONTABLE,SECUENCIALAUXILIARCONTABLE,int,NO,MUL,,
FBS_CONTABILIDADES.SALDOCONTABLEAUXILIARCONTABLE,SALDOINICIAL,"decimal(18,2)",NO,,,
FBS_CONTABILIDADES.SALDOCONTABLEAUXILIARCONTABLE,TOTALDEBITO,"decimal(18,2)",NO,,,
FBS_CONTABILIDADES.SALDOCONTABLEAUXILIARCONTABLE,TOTALCREDITO,"decimal(18,2)",NO,,,
FBS_CONTABILIDADES.SALDOCONTABLEAUXILIARCONTABLE,ESTACERRADO,tinyint unsigned,NO,,,
FBS_CONTABILIDADES.SALDOCONTABLEAUXILIARCONTABLE,NUMEROVERIFICADOR,int,NO,,,
FBS_CONTABILIDADES.SALDOCONTABLEAUXILIARCONTABLE,CONCURRENCIA,timestamp(6),YES,,CURRENT_TIMESTAMP(6),DEFAULT_GENERATED on update CURRENT_TIMESTAMP(6)
FBS_CONTABILIDADES.SALDOCONTABLECIERRENIVELACION,SECUENCIAL,int,NO,PRI,,auto_increment
FBS_CONTABILIDADES.SALDOCONTABLECIERRENIVELACION,SECUENCIALCUENTACONTABLE,int,NO,MUL,,
FBS_CONTABILIDADES.SALDOCONTABLECIERRENIVELACION,SECUENCIALDIVISIONORGANIZACION,int,NO,MUL,,
FBS_CONTABILIDADES.SALDOCONTABLECIERRENIVELACION,FECHA,datetime(3),NO,,,
FBS_CONTABILIDADES.SALDOCONTABLECIERRENIVELACION,SECUENCIALMONEDA,int,NO,MUL,,
FBS_CONTABILIDADES.SALDOCONTABLECIERRENIVELACION,SALDOINICIAL,"decimal(18,2)",NO,,,
FBS_CONTABILIDADES.SALDOCONTABLECIERRENIVELACION,TOTALDEBITO,"decimal(18,2)",NO,,,
FBS_CONTABILIDADES.SALDOCONTABLECIERRENIVELACION,TOTALCREDITO,"decimal(18,2)",NO,,,
FBS_CONTABILIDADES.SALDOCONTABLECIERRENIVELACION,ESTACERRADO,tinyint unsigned,NO,,,
FBS_CONTABILIDADES.SALDOCONTABLECIERRENIVELACION,NUMEROVERIFICADOR,int,NO,,,
FBS_CONTABILIDADES.SALDOCONTABLECIERRENIVELACION,CONCURRENCIA,timestamp(6),YES,,CURRENT_TIMESTAMP(6),DEFAULT_GENERATED on update CURRENT_TIMESTAMP(6)
FBS_CONTABILIDADES.SALDOCONTABLE_MONEDAEXTRANJERA,SECUENCIALSALDOCONTABLE,int,NO,PRI,,
FBS_CONTABILIDADES.SALDOCONTABLE_MONEDAEXTRANJERA,SALDOINICIAL,"decimal(18,2)",NO,,,
FBS_CONTABILIDADES.SALDOCONTABLE_MONEDAEXTRANJERA,TOTALDEBITO,"decimal(18,2)",NO,,,
FBS_CONTABILIDADES.SALDOCONTABLE_MONEDAEXTRANJERA,TOTALCREDITO,"decimal(18,2)",NO,,,
FBS_CONTABILIDADES.SALDOCONTABLE_MONEDAEXTRANJERA,NUMEROVERIFICADOR,int,NO,,,
FBS_CONTABILIDADES.SALDOCONTABLE_MONEDAEXTRANJERA,CONCURRENCIA,timestamp(6),YES,,CURRENT_TIMESTAMP(6),DEFAULT_GENERATED on update CURRENT_TIMESTAMP(6)
FBS_CONTABILIDADES.SALDOCONTABLE_RESPALDO,SECUENCIAL,int,NO,PRI,,auto_increment
FBS_CONTABILIDADES.SALDOCONTABLE_RESPALDO,SECUENCIALCUENTACONTABLE,int,NO,MUL,,
FBS_CONTABILIDADES.SALDOCONTABLE_RESPALDO,SECUENCIALDIVISIONORGANIZACION,int,NO,MUL,,
FBS_CONTABILIDADES.SALDOCONTABLE_RESPALDO,FECHA,datetime(3),NO,,,
FBS_CONTABILIDADES.SALDOCONTABLE_RESPALDO,SECUENCIALMONEDA,int,NO,MUL,,
FBS_CONTABILIDADES.SALDOCONTABLE_RESPALDO,SALDOINICIAL,"decimal(18,2)",NO,,,
FBS_CONTABILIDADES.SALDOCONTABLE_RESPALDO,TOTALDEBITO,"decimal(18,2)",NO,,,
FBS_CONTABILIDADES.SALDOCONTABLE_RESPALDO,TOTALCREDITO,"decimal(18,2)",NO,,,
FBS_CONTABILIDADES.SALDOCONTABLE_RESPALDO,ESTACERRADO,tinyint unsigned,NO,,,
FBS_CONTABILIDADES.SALDOCONTABLE_RESPALDO,NUMEROVERIFICADOR,int,NO,,,
FBS_CONTABILIDADES.SALDOCONTABLE_RESPALDO,SECMIGRA,int,YES,,,
FBS_CONTABILIDADES.SALDOCONTABLE_RESPALDO,CONCURRENCIA,timestamp(6),YES,,CURRENT_TIMESTAMP(6),DEFAULT_GENERATED on update CURRENT_TIMESTAMP(6)
FBS_CONTABILIDADES.SOLICITUDCOTIZACION,SECUENCIAL,int,NO,PRI,,auto_increment
FBS_CONTABILIDADES.SOLICITUDCOTIZACION,SECUENCIALREQUERIMIENTO,int,NO,MUL,,
FBS_CONTABILIDADES.SOLICITUDCOTIZACION,CODIGOUSUARIOINGRESO,varchar(25),NO,MUL,,
FBS_CONTABILIDADES.SOLICITUDCOTIZACION,OBSERVACION,varchar(300),NO,,,
FBS_CONTABILIDADES.SOLICITUDCOTIZACION,FECHASISTEMAINGRESO,datetime,NO,,,
FBS_CONTABILIDADES.SOLICITUDCOTIZACION,FECHAMAQUINAINGRESO,datetime,NO,,,
FBS_CONTABILIDADES.SOLICITUDCOTIZACION,ESTAACTIVA,tinyint,NO,,,
FBS_CONTABILIDADES.SOLICITUDCOTIZACION,CONCURRENCIA,timestamp(6),YES,,CURRENT_TIMESTAMP(6),DEFAULT_GENERATED on update CURRENT_TIMESTAMP(6)
FBS_CONTABILIDADES.SOLICITUDCOTIZACIONREQDETALLE,SECUENCIAL,int,NO,PRI,,auto_increment
FBS_CONTABILIDADES.SOLICITUDCOTIZACIONREQDETALLE,SECUENCIALSOLICITUDCOTIZACION,int,NO,MUL,,
FBS_CONTABILIDADES.SOLICITUDCOTIZACIONREQDETALLE,SECUENCIALREQUERIMIENTODETALLE,int,NO,MUL,,
FBS_CONTABILIDADES.SOLICITUDCOTIZACIONREQDETALLE,CODIGOTIPOUNIDADMEDIDA,varchar(5),NO,MUL,,
FBS_CONTABILIDADES.SOLICITUDCOTIZACIONREQDETALLE,CODIGOARTICULO,char(10),NO,MUL,,
FBS_CONTABILIDADES.SOLICITUDCOTIZACIONREQDETALLE,CANTIDAD,int,NO,,,
FBS_CONTABILIDADES.SOLICITUDCOTIZACIONREQDETALLE,MARCA,varchar(100),NO,,,
FBS_CONTABILIDADES.SOLICITUDCOTIZACIONREQDETALLE,CONCURRENCIA,timestamp(6),YES,,CURRENT_TIMESTAMP(6),DEFAULT_GENERATED on update CURRENT_TIMESTAMP(6)
FBS_CONTABILIDADES.SOLICITUDREVERSODOCUMENTOCOMPR,SECUENCIAL,int,NO,PRI,,
FBS_CONTABILIDADES.SOLICITUDREVERSODOCUMENTOCOMPR,SECUENCIALDOCUMENTOCOMPRA,int,NO,MUL,,
FBS_CONTABILIDADES.SOLICITUDREVERSODOCUMENTOCOMPR,COMENTARIO,varchar(100),NO,,,
FBS_CONTABILIDADES.SOLICITUDREVERSODOCUMENTOCOMPR,CODIGOUSUARIO,varchar(25),NO,MUL,,
FBS_CONTABILIDADES.SOLICITUDREVERSODOCUMENTOCOMPR,FECHASISTEMA,datetime(3),NO,,,
FBS_CONTABILIDADES.SOLICITUDREVERSODOCUMENTOCOMPR,FECHAMAQUINA,datetime(3),NO,,,
FBS_CONTABILIDADES.SOLICITUDREVERSODOCUMENTOCOMPR,CODIGOESTADOSOLICITUD,varchar(20),NO,,,
FBS_CONTABILIDADES.SOLICITUDREVERSODOCUMENTOCOMPR,NUMEROVERIFICADOR,int,NO,,,
FBS_CONTABILIDADES.SOLICITUDREVERSODOCUMENTOCOMPR,CONCURRENCIA,timestamp(6),YES,,CURRENT_TIMESTAMP(6),DEFAULT_GENERATED on update CURRENT_TIMESTAMP(6)
FBS_CONTABILIDADES.SOLREVERSODOCUCOMPCAMBIOESTAD,SECUENCIAL,int,NO,PRI,,
FBS_CONTABILIDADES.SOLREVERSODOCUCOMPCAMBIOESTAD,SECUENCIALSOLICITUDREVERSODOCU,int,NO,MUL,,
FBS_CONTABILIDADES.SOLREVERSODOCUCOMPCAMBIOESTAD,CODIGOUSUARIO,varchar(25),NO,MUL,,
FBS_CONTABILIDADES.SOLREVERSODOCUCOMPCAMBIOESTAD,FECHASISTEMA,datetime(3),NO,,,
FBS_CONTABILIDADES.SOLREVERSODOCUCOMPCAMBIOESTAD,FECHAMAQUINA,datetime(3),NO,,,
FBS_CONTABILIDADES.SOLREVERSODOCUCOMPCAMBIOESTAD,CODIGOESTADOSOLICITUD,varchar(20),NO,,,
FBS_CONTABILIDADES.SOLREVERSODOCUCOMPCAMBIOESTAD,CONCURRENCIA,timestamp(6),YES,,CURRENT_TIMESTAMP(6),DEFAULT_GENERATED on update CURRENT_TIMESTAMP(6)
FBS_CONTABILIDADES.TIPOCOMBPTECBLEETACONDGRUPTRAB,SECUENCIAL,int,NO,PRI,,auto_increment
FBS_CONTABILIDADES.TIPOCOMBPTECBLEETACONDGRUPTRAB,SECTIPCOMPBTECBLEETACONDICION,int,NO,MUL,,
FBS_CONTABILIDADES.TIPOCOMBPTECBLEETACONDGRUPTRAB,CODIGOGRUPOTRABAJO,varchar(20),NO,MUL,,
FBS_CONTABILIDADES.TIPOCOMBPTECBLEETACONDGRUPTRAB,ESTAACTIVO,tinyint unsigned,NO,,,
FBS_CONTABILIDADES.TIPOCOMBPTECBLEETACONDGRUPTRAB,NUMEROVERIFICADOR,int,NO,,,
FBS_CONTABILIDADES.TIPOCOMBPTECBLEETACONDGRUPTRAB,CONCURRENCIA,timestamp(6),YES,,CURRENT_TIMESTAMP(6),DEFAULT_GENERATED on update CURRENT_TIMESTAMP(6)
FBS_CONTABILIDADES.TIPOCOMPROBANTECONTABLE,CODIGO,char(10),NO,PRI,,
FBS_CONTABILIDADES.TIPOCOMPROBANTECONTABLE,NOMBRE,varchar(20),NO,,,
FBS_CONTABILIDADES.TIPOCOMPROBANTECONTABLE,ESTAACTIVO,tinyint unsigned,NO,,,
FBS_CONTABILIDADES.TIPOCOMPROBANTECONTABLE,NUMEROVERIFICADOR,int,NO,,,
FBS_CONTABILIDADES.TIPOCOMPROBANTECONTABLE,ESDEEGRESO,tinyint unsigned,NO,,,
FBS_CONTABILIDADES.TIPOCOMPROBANTECONTABLE,CONCURRENCIA,timestamp(6),YES,,CURRENT_TIMESTAMP(6),DEFAULT_GENERATED on update CURRENT_TIMESTAMP(6)
FBS_CONTABILIDADES.TIPOCOMPROBANTECONTABLEDOCPAGO,SECUENCIAL,int,NO,PRI,,auto_increment
FBS_CONTABILIDADES.TIPOCOMPROBANTECONTABLEDOCPAGO,CODIGOTIPOCOMPROBANTECONTABLE,char(10),NO,MUL,,
FBS_CONTABILIDADES.TIPOCOMPROBANTECONTABLEDOCPAGO,SECUENCIALDOCUMENTOPAGO,int,NO,MUL,,
FBS_CONTABILIDADES.TIPOCOMPROBANTECONTABLEDOCPAGO,ESTAACTIVO,tinyint unsigned,NO,,,
FBS_CONTABILIDADES.TIPOCOMPROBANTECONTABLEDOCPAGO,NUMEROVERIFICADOR,int,NO,,,
FBS_CONTABILIDADES.TIPOCOMPROBANTECONTABLEDOCPAGO,CONCURRENCIA,timestamp(6),YES,,CURRENT_TIMESTAMP(6),DEFAULT_GENERATED on update CURRENT_TIMESTAMP(6)
FBS_CONTABILIDADES.TIPOCOMPROBANTECONTABLEEMPRESA,SECUENCIAL,int,NO,PRI,,auto_increment
FBS_CONTABILIDADES.TIPOCOMPROBANTECONTABLEEMPRESA,CODIGOTIPOCOMPROBANTECONTABLE,char(10),NO,MUL,,
FBS_CONTABILIDADES.TIPOCOMPROBANTECONTABLEEMPRESA,SECUENCIALEMPRESA,int,NO,MUL,,
FBS_CONTABILIDADES.TIPOCOMPROBANTECONTABLEEMPRESA,ESTAACTIVO,tinyint unsigned,NO,,,
FBS_CONTABILIDADES.TIPOCOMPROBANTECONTABLEEMPRESA,NUMEROVERIFICADOR,int,NO,,,
FBS_CONTABILIDADES.TIPOCOMPROBANTECONTABLEEMPRESA,CONCURRENCIA,timestamp(6),YES,,CURRENT_TIMESTAMP(6),DEFAULT_GENERATED on update CURRENT_TIMESTAMP(6)
FBS_CONTABILIDADES.TIPOCOMPROBANTECONTABLEETACOND,SECUENCIAL,int,NO,PRI,,auto_increment
FBS_CONTABILIDADES.TIPOCOMPROBANTECONTABLEETACOND,SECUENCIALTIPOCOMBTECBLEETA,int,NO,MUL,,
FBS_CONTABILIDADES.TIPOCOMPROBANTECONTABLEETACOND,MONTOCOMPROBANTECBLEINICIAL,"decimal(18,2)",NO,,,
FBS_CONTABILIDADES.TIPOCOMPROBANTECONTABLEETACOND,MONTOCOMPROBANTECBLEFINAL,"decimal(18,2)",NO,,,
FBS_CONTABILIDADES.TIPOCOMPROBANTECONTABLEETACOND,ESTAACTIVO,tinyint unsigned,NO,,,
FBS_CONTABILIDADES.TIPOCOMPROBANTECONTABLEETACOND,NUMEROVERIFICADOR,int,NO,,,
FBS_CONTABILIDADES.TIPOCOMPROBANTECONTABLEETACOND,CONCURRENCIA,timestamp(6),YES,,CURRENT_TIMESTAMP(6),DEFAULT_GENERATED on update CURRENT_TIMESTAMP(6)
FBS_CONTABILIDADES.TIPOCOMPROBANTECONTABLEETAPA,SECUENCIAL,int,NO,PRI,,auto_increment
FBS_CONTABILIDADES.TIPOCOMPROBANTECONTABLEETAPA,CODIGOTIPOCOMPROBANTECONTABLE,char(10),NO,MUL,,
FBS_CONTABILIDADES.TIPOCOMPROBANTECONTABLEETAPA,SECUENCIALETAPA,int,NO,MUL,,
FBS_CONTABILIDADES.TIPOCOMPROBANTECONTABLEETAPA,IMPRIMECOMPROBANTE,tinyint unsigned,NO,,,
FBS_CONTABILIDADES.TIPOCOMPROBANTECONTABLEETAPA,IMPRIMEDOCUMENTOPAGO,tinyint unsigned,NO,,,
FBS_CONTABILIDADES.TIPOCOMPROBANTECONTABLEETAPA,IMPRIMERETENCION,tinyint unsigned,NO,,,
FBS_CONTABILIDADES.TIPOCOMPROBANTECONTABLEETAPA,ESTAACTIVO,tinyint unsigned,NO,,,
FBS_CONTABILIDADES.TIPOCOMPROBANTECONTABLEETAPA,NUMEROVERIFICADOR,int,NO,,,
FBS_CONTABILIDADES.TIPOCOMPROBANTECONTABLEETAPA,INGRESAPRORRATEO,tinyint unsigned,NO,,,
FBS_CONTABILIDADES.TIPOCOMPROBANTECONTABLEETAPA,GENERAPRORRATEO,tinyint unsigned,NO,,,
FBS_CONTABILIDADES.TIPOCOMPROBANTECONTABLEETAPA,VERIFICAIMPUESTOS,tinyint unsigned,NO,,,
FBS_CONTABILIDADES.TIPOCOMPROBANTECONTABLEETAPA,CONCURRENCIA,timestamp(6),YES,,CURRENT_TIMESTAMP(6),DEFAULT_GENERATED on update CURRENT_TIMESTAMP(6)
FBS_CONTABILIDADES.TIPOCOMPROBANTECONTABLEOFICINA,SECUENCIAL,int,NO,PRI,,auto_increment
FBS_CONTABILIDADES.TIPOCOMPROBANTECONTABLEOFICINA,CODIGOTIPOCOMPROBANTECONTABLE,char(10),NO,MUL,,
FBS_CONTABILIDADES.TIPOCOMPROBANTECONTABLEOFICINA,SECUENCIALOFICINA,int,NO,MUL,,
FBS_CONTABILIDADES.TIPOCOMPROBANTECONTABLEOFICINA,PERIODO,char(6),NO,,,
FBS_CONTABILIDADES.TIPOCOMPROBANTECONTABLEOFICINA,ULTIMONUMEROCOMPROBANTECBLE,int,NO,,,
FBS_CONTABILIDADES.TIPOCOMPROBANTECONTABLEOFICINA,NUMEROVERIFICADOR,int,NO,,,
FBS_CONTABILIDADES.TIPOCOMPROBANTECONTABLEOFICINA,CONCURRENCIA,timestamp(6),YES,,CURRENT_TIMESTAMP(6),DEFAULT_GENERATED on update CURRENT_TIMESTAMP(6)
FBS_CONTABILIDADES.TIPOCOMPROBANTECONTABLE_RESPALDO,CODIGO,char(10),NO,PRI,,
FBS_CONTABILIDADES.TIPOCOMPROBANTECONTABLE_RESPALDO,NOMBRE,varchar(20),NO,,,
FBS_CONTABILIDADES.TIPOCOMPROBANTECONTABLE_RESPALDO,ESTAACTIVO,tinyint unsigned,NO,,,
FBS_CONTABILIDADES.TIPOCOMPROBANTECONTABLE_RESPALDO,NUMEROVERIFICADOR,int,NO,,,
FBS_CONTABILIDADES.TIPOCOMPROBANTECONTABLE_RESPALDO,ESDEEGRESO,tinyint unsigned,NO,,,
FBS_CONTABILIDADES.TIPOCOMPROBANTECONTABLE_RESPALDO,CONCURRENCIA,timestamp(6),YES,,CURRENT_TIMESTAMP(6),DEFAULT_GENERATED on update CURRENT_TIMESTAMP(6)
FBS_CONTABILIDADES.TIPODOCUMENTOCOMPRA,CODIGO,varchar(5),NO,PRI,,
FBS_CONTABILIDADES.TIPODOCUMENTOCOMPRA,NOMBRE,varchar(1000),NO,,,
FBS_CONTABILIDADES.TIPODOCUMENTOCOMPRA,TIPOCOMPROBANTEANEXO,char(3),NO,,,
FBS_CONTABILIDADES.TIPODOCUMENTOCOMPRA,ESTAACTIVO,tinyint unsigned,NO,,,
FBS_CONTABILIDADES.TIPODOCUMENTOCOMPRA,NUMEROVERIFICADOR,int,NO,,,
FBS_CONTABILIDADES.TIPODOCUMENTOCOMPRA,CODIGOSUNAT,varchar(10),NO,,,
FBS_CONTABILIDADES.TIPODOCUMENTOCOMPRA,MODIFICADOCUMENTO,tinyint unsigned,NO,,0,
FBS_CONTABILIDADES.TIPODOCUMENTOCOMPRA,CONCURRENCIA,timestamp(6),YES,,CURRENT_TIMESTAMP(6),DEFAULT_GENERATED on update CURRENT_TIMESTAMP(6)
FBS_CONTABILIDADES.TIPODOCUMENTOVENTA,CODIGO,varchar(4),NO,PRI,,
FBS_CONTABILIDADES.TIPODOCUMENTOVENTA,NOMBRE,varchar(100),NO,,,
FBS_CONTABILIDADES.TIPODOCUMENTOVENTA,TIPOCOMPROBANTEANEXO,char(6),NO,,,
FBS_CONTABILIDADES.TIPODOCUMENTOVENTA,ESTAACTIVO,tinyint unsigned,NO,,,
FBS_CONTABILIDADES.TIPODOCUMENTOVENTA,NUMEROVERIFICADOR,int,NO,,,
FBS_CONTABILIDADES.TIPODOCUMENTOVENTA,ESPARACONSUMIDORFINAL,tinyint unsigned,NO,,,
FBS_CONTABILIDADES.TIPODOCUMENTOVENTA,GENERAFACTURA,tinyint unsigned,NO,,1,
FBS_CONTABILIDADES.TIPODOCUMENTOVENTA,ENVIARAENTETRIBUTARIO,tinyint unsigned,NO,,,
FBS_CONTABILIDADES.TIPODOCUMENTOVENTA,CONCURRENCIA,timestamp(6),YES,,CURRENT_TIMESTAMP(6),DEFAULT_GENERATED on update CURRENT_TIMESTAMP(6)
FBS_CONTABILIDADES.TIPOGASTOBALANCESOCIAL,CODIGO,char(2),NO,PRI,,
FBS_CONTABILIDADES.TIPOGASTOBALANCESOCIAL,NOMBRE,varchar(150),NO,,,
FBS_CONTABILIDADES.TIPOGASTOBALANCESOCIAL,ESTAACTIVO,tinyint unsigned,NO,,,
FBS_CONTABILIDADES.TIPOGASTOBALANCESOCIAL,NUMEROVERIFICADOR,int,NO,,,
FBS_CONTABILIDADES.TIPOGASTOBALANCESOCIAL,CONCURRENCIA,timestamp(6),YES,,CURRENT_TIMESTAMP(6),DEFAULT_GENERATED on update CURRENT_TIMESTAMP(6)
FBS_CONTABILIDADES.TIPOIDPROVEEDORCLIENTE,CODIGO,varchar(2),NO,PRI,,
FBS_CONTABILIDADES.TIPOIDPROVEEDORCLIENTE,NOMBRE,varchar(50),NO,,,
FBS_CONTABILIDADES.TIPOIDPROVEEDORCLIENTE,ESTAACTIVO,tinyint unsigned,NO,,,
FBS_CONTABILIDADES.TIPOIDPROVEEDORCLIENTE,NUMEROVERIFICADOR,int,NO,,,
FBS_CONTABILIDADES.TIPOIDPROVEEDORCLIENTE,CONCURRENCIA,timestamp(6),YES,,CURRENT_TIMESTAMP(6),DEFAULT_GENERATED on update CURRENT_TIMESTAMP(6)
FBS_CONTABILIDADES.TIPOINGRESOVENTA,CODIGO,varchar(5),NO,PRI,,
FBS_CONTABILIDADES.TIPOINGRESOVENTA,NOMBRE,varchar(100),NO,,,
FBS_CONTABILIDADES.TIPOINGRESOVENTA,ESTAACTIVO,tinyint unsigned,NO,,,
FBS_CONTABILIDADES.TIPOINGRESOVENTA,NUMEROVERIFICADOR,int,NO,,,
FBS_CONTABILIDADES.TIPOINGRESOVENTA,CONCURRENCIA,timestamp(6),YES,,CURRENT_TIMESTAMP(6),DEFAULT_GENERATED on update CURRENT_TIMESTAMP(6)
FBS_CONTABILIDADES.TIPOMOTIVOPROVEEDORNOCALIFICADO,CODIGO,char(3),NO,PRI,,
FBS_CONTABILIDADES.TIPOMOTIVOPROVEEDORNOCALIFICADO,NOMBRE,varchar(150),NO,,,
FBS_CONTABILIDADES.TIPOMOTIVOPROVEEDORNOCALIFICADO,ESTAACTIVO,tinyint unsigned,NO,,,
FBS_CONTABILIDADES.TIPOMOTIVOPROVEEDORNOCALIFICADO,NUMEROVERIFICADOR,int,NO,,,
FBS_CONTABILIDADES.TIPOMOTIVOPROVEEDORNOCALIFICADO,CONCURRENCIA,timestamp(6),YES,,CURRENT_TIMESTAMP(6),DEFAULT_GENERATED on update CURRENT_TIMESTAMP(6)
FBS_CONTABILIDADES.TIPOPAGO,CODIGO,varchar(10),NO,PRI,,
FBS_CONTABILIDADES.TIPOPAGO,NOMBRE,varchar(50),NO,,,
FBS_CONTABILIDADES.TIPOPAGO,REQUIEREPAIS,tinyint unsigned,NO,,,
FBS_CONTABILIDADES.TIPOPAGO,ESTAACTIVO,tinyint unsigned,NO,,,
FBS_CONTABILIDADES.TIPOPAGO,NUMEROVERIFICADOR,int,NO,,,
FBS_CONTABILIDADES.TIPOPAGO,CONCURRENCIA,timestamp(6),YES,,CURRENT_TIMESTAMP(6),DEFAULT_GENERATED on update CURRENT_TIMESTAMP(6)
FBS_CONTABILIDADES.TIPOPOLITICARSE,CODIGO,varchar(6),NO,PRI,,
FBS_CONTABILIDADES.TIPOPOLITICARSE,NOMBRE,varchar(100),NO,,,
FBS_CONTABILIDADES.TIPOPOLITICARSE,ESTAACTIVO,tinyint unsigned,NO,,,
FBS_CONTABILIDADES.TIPOPOLITICARSE,NUMEROVERIFICADOR,int,NO,,,
FBS_CONTABILIDADES.TIPOPOLITICARSE,CONCURRENCIA,timestamp(6),YES,,CURRENT_TIMESTAMP(6),DEFAULT_GENERATED on update CURRENT_TIMESTAMP(6)
FBS_CONTABILIDADES.TIPOPROVEEDOR,CODIGO,varchar(6),NO,PRI,,
FBS_CONTABILIDADES.TIPOPROVEEDOR,NOMBRE,varchar(100),NO,,,
FBS_CONTABILIDADES.TIPOPROVEEDOR,ESTAACTIVO,tinyint unsigned,NO,,,
FBS_CONTABILIDADES.TIPOPROVEEDOR,NUMEROVERIFICADOR,int,NO,,,
FBS_CONTABILIDADES.TIPOPROVEEDOR,CONCURRENCIA,timestamp(6),YES,,CURRENT_TIMESTAMP(6),DEFAULT_GENERATED on update CURRENT_TIMESTAMP(6)
FBS_CONTABILIDADES.TIPOPROVEEDORSRI,CODIGO,varchar(10),NO,PRI,,
FBS_CONTABILIDADES.TIPOPROVEEDORSRI,NOMBRE,varchar(50),NO,,,
FBS_CONTABILIDADES.TIPOPROVEEDORSRI,ESTAACTIVO,tinyint unsigned,NO,,,
FBS_CONTABILIDADES.TIPOPROVEEDORSRI,NUMEROVERIFICADOR,int,NO,,,
FBS_CONTABILIDADES.TIPOPROVEEDORSRI,CONCURRENCIA,timestamp(6),YES,,CURRENT_TIMESTAMP(6),DEFAULT_GENERATED on update CURRENT_TIMESTAMP(6)
FBS_CONTABILIDADES.TIPOSERVICIO,CODIGO,varchar(5),NO,PRI,,
FBS_CONTABILIDADES.TIPOSERVICIO,NOMBRE,varchar(200),NO,,,
FBS_CONTABILIDADES.TIPOSERVICIO,ESTAACTIVO,tinyint unsigned,NO,,,
FBS_CONTABILIDADES.TIPOSERVICIO,NUMEROVERIFICADOR,int,NO,,,
FBS_CONTABILIDADES.TIPOSERVICIO,CONCURRENCIA,timestamp(6),YES,,CURRENT_TIMESTAMP(6),DEFAULT_GENERATED on update CURRENT_TIMESTAMP(6)
FBS_CONTABILIDADES.TIPOUNIDADMEDIDA,CODIGO,varchar(5),NO,PRI,,
FBS_CONTABILIDADES.TIPOUNIDADMEDIDA,NOMBRE,varchar(100),NO,,,
FBS_CONTABILIDADES.TIPOUNIDADMEDIDA,ESTAACTIVO,tinyint unsigned,NO,,,
FBS_CONTABILIDADES.TIPOUNIDADMEDIDA,NUMEROVERIFICADOR,int,NO,,,
FBS_CONTABILIDADES.TIPOUNIDADMEDIDA,CONCURRENCIA,timestamp(6),YES,,CURRENT_TIMESTAMP(6),DEFAULT_GENERATED on update CURRENT_TIMESTAMP(6)
FBS_CONTABILIDADES.TRANSACCIONTIPOCOMPROBANTECBLE,SECUENCIALTRANSACCION,int,NO,PRI,,
FBS_CONTABILIDADES.TRANSACCIONTIPOCOMPROBANTECBLE,CODIGOTIPOCOMPROBANTECONTABLE,char(10),NO,MUL,,
FBS_CONTABILIDADES.TRANSACCIONTIPOCOMPROBANTECBLE,NUMEROVERIFICADOR,int,NO,,,
FBS_CONTABILIDADES.TRANSACCIONTIPOCOMPROBANTECBLE,CONCURRENCIA,timestamp(6),YES,,CURRENT_TIMESTAMP(6),DEFAULT_GENERATED on update CURRENT_TIMESTAMP(6)
FBS_CONTABILIDADES.V_COMPROBANTECONTABLE,SECUENCIAL,int,NO,,0,
FBS_CONTABILIDADES.V_COMPROBANTECONTABLE,NUMERO,int,NO,,,
FBS_CONTABILIDADES.V_COMPROBANTECONTABLE,CODIGOTIPOCOMPROBANTECONTABLE,char(10),NO,,,
FBS_CONTABILIDADES.V_COMPROBANTECONTABLE,NOMBRETIPOCOMPROBANTECONTABLE,varchar(20),NO,,,
FBS_CONTABILIDADES.V_COMPROBANTECONTABLE,FECHA,datetime(3),NO,,,
FBS_CONTABILIDADES.V_COMPROBANTECONTABLE,CONCEPTO,varchar(1000),NO,,,
FBS_CONTABILIDADES.V_COMPROBANTECONTABLE,SECUENCIALESTADOCOMPBTECBLE,int,NO,,,
FBS_CONTABILIDADES.V_COMPROBANTECONTABLE,NOMBREESTADOCOMPROBANTECONTABLE,varchar(50),NO,,,
FBS_CONTABILIDADES.V_COMPROBANTECONTABLE,FECHAPROCESO,datetime(3),NO,,,
FBS_CONTABILIDADES.V_COMPROBANTECONTABLE,SECUENCIALOFICINADESTINO,int,NO,,,
FBS_CONTABILIDADES.V_COMPROBANTECONTABLE,NOMBREOFICINA,varchar(4000),NO,,,
FBS_CONTABILIDADES.V_COMPROBANTECONTABLE,NOMBREUSUARIO,varchar(50),NO,,,
FBS_CONTABILIDADES.V_COMPROBANTECONTABLE,VALOR,"decimal(40,2)",YES,,,
FBS_CONTABILIDADES.V_COMPROBANTECONTABLE,SECUENCIALMONEDA,int,NO,,,
FBS_CONTABILIDADES.V_COMPROBANTECONTABLE,NOMBREMONEDA,varchar(50),NO,,,
FBS_CONTABILIDADES.V_COMPROBANTECONTABLE,DOCUMENTOAUTOMATICO,longtext,NO,,,
