Table,Column Name,Data Type,Nullable,Key,Default,Extra
FBS_CREDITO.AHORROSOLICITUDTIPOGARANTIA,SECUENCIAL,int,NO,PRI,,auto_increment
FBS_CREDITO.AHORROSOLICITUDTIPOGARANTIA,SECUENCIALSOLICTIPOGARANTIA,int,NO,MUL,,
FBS_CREDITO.AHORROSOLICITUDTIPOGARANTIA,SECUENCIALCUENTAMAESTRO,int,NO,MUL,,
FBS_CREDITO.AHORROSOLICITUDTIPOGARANTIA,DETALLE,varchar(1000),NO,,,
FBS_CREDITO.AHORROSOLICITUDTIPOGARANTIA,VALOR,"decimal(18,2)",NO,,,
FBS_CREDITO.AHORROSOLICITUDTIPOGARANTIA,CODIGOUSUARIOINGRESO,varchar(25),NO,MUL,,
FBS_CREDITO.AHORROSOLICITUDTIPOGARANTIA,FECHAINGRESO,datetime(3),NO,,,
FBS_CREDITO.AHORROSOLICITUDTIPOGARANTIA,ESTAACTIVA,tinyint unsigned,NO,,,
FBS_CREDITO.AHORROSOLICITUDTIPOGARANTIA,NUMEROVERIFICADOR,int,NO,,,
FBS_CREDITO.AHORROSOLICITUDTIPOGARANTIA,CONCURRENCIA,timestamp(6),YES,,CURRENT_TIMESTAMP(6),DEFAULT_GENERATED on update CURRENT_TIMESTAMP(6)
FBS_CREDITO.ANEXOSOLICITUD,SECUENCIAL,int,NO,PRI,,auto_increment
FBS_CREDITO.ANEXOSOLICITUD,SECUENCIALSOLICITUD,int,NO,MUL,,
FBS_CREDITO.ANEXOSOLICITUD,DESCRIPCION,varchar(1000),NO,,,
FBS_CREDITO.ANEXOSOLICITUD,CODIGOUSUARIOINGRESO,varchar(25),NO,MUL,,
FBS_CREDITO.ANEXOSOLICITUD,FECHAMAQUINAINGRESO,datetime(3),NO,,,
FBS_CREDITO.ANEXOSOLICITUD,FECHASISTEMAINGRESO,datetime(3),NO,,,
FBS_CREDITO.ANEXOSOLICITUD,MONTOAPROBADOANTERIOR,"decimal(18,2)",NO,,,
FBS_CREDITO.ANEXOSOLICITUD,FRECUENCIADEPAGOANTERIOR,int,NO,,,
FBS_CREDITO.ANEXOSOLICITUD,NUMEROCUOTASANTERIOR,int,NO,,,
FBS_CREDITO.ANEXOSOLICITUD,ESTAACTIVO,tinyint unsigned,NO,,,
FBS_CREDITO.ANEXOSOLICITUD,NUMEROVERIFICADOR,int,NO,,,
FBS_CREDITO.ANEXOSOLICITUD,CODIGOSUBCALFCONTANTERIOR,varchar(10),NO,MUL,,
FBS_CREDITO.ANEXOSOLICITUD,CONCURRENCIA,timestamp(6),YES,,CURRENT_TIMESTAMP(6),DEFAULT_GENERATED on update CURRENT_TIMESTAMP(6)
FBS_CREDITO.APORTEPATRIMONIAL,SECUENCIAL,int,NO,PRI,,auto_increment
FBS_CREDITO.APORTEPATRIMONIAL,SECUENCIALCOMPONENTECAUSAL,int,NO,MUL,,
FBS_CREDITO.APORTEPATRIMONIAL,CODIGOTIPOPRESTAMO,char(10),NO,MUL,,
FBS_CREDITO.APORTEPATRIMONIAL,MONTODEUDAINICIALPRESTAMO,"decimal(18,2)",NO,,,
FBS_CREDITO.APORTEPATRIMONIAL,MONTODEUDAFINALPRESTAMO,"decimal(18,2)",NO,,,
FBS_CREDITO.APORTEPATRIMONIAL,VALORAPORTEPATRIMONIAL,"decimal(18,2)",NO,,,
FBS_CREDITO.APORTEPATRIMONIAL,ESTAACTIVO,tinyint unsigned,NO,,,
FBS_CREDITO.APORTEPATRIMONIAL,NUMEROVERIFICADOR,int,NO,,,
FBS_CREDITO.APORTEPATRIMONIAL,CONCURRENCIA,timestamp(6),YES,,CURRENT_TIMESTAMP(6),DEFAULT_GENERATED on update CURRENT_TIMESTAMP(6)
FBS_CREDITO.AVALUOGARANTIAHIPOTECARIA,SECUENCIAL,int,NO,PRI,,auto_increment
FBS_CREDITO.AVALUOGARANTIAHIPOTECARIA,SECUENCIALGARANTIAHIPOTECARIA,int,NO,MUL,,
FBS_CREDITO.AVALUOGARANTIAHIPOTECARIA,FECHAAVALUO,datetime(3),NO,,,
FBS_CREDITO.AVALUOGARANTIAHIPOTECARIA,VALORAVALUO,"decimal(18,2)",NO,,,
FBS_CREDITO.AVALUOGARANTIAHIPOTECARIA,DESCRIPCIONAVALUO,varchar(1000),NO,,,
FBS_CREDITO.AVALUOGARANTIAHIPOTECARIA,VALORREMATE,"decimal(18,2)",NO,,,
FBS_CREDITO.AVALUOGARANTIAHIPOTECARIA,FECHAMAQUINAINGRESO,datetime(3),NO,,,
FBS_CREDITO.AVALUOGARANTIAHIPOTECARIA,FECHASISTEMAINGRESO,datetime(3),NO,,,
FBS_CREDITO.AVALUOGARANTIAHIPOTECARIA,CODIGOUSUARIOINGRESO,varchar(25),NO,MUL,,
FBS_CREDITO.AVALUOGARANTIAHIPOTECARIA,ESTAACTIVO,tinyint unsigned,NO,,,
FBS_CREDITO.AVALUOGARANTIAHIPOTECARIA,NUMEROVERIFICADOR,int,NO,,,
FBS_CREDITO.AVALUOGARANTIAHIPOTECARIA,CODIGOPERITO,varchar(15),NO,MUL,,
FBS_CREDITO.AVALUOGARANTIAHIPOTECARIA,DOCUMENTOAVALUO,varchar(50),NO,,,
FBS_CREDITO.AVALUOGARANTIAHIPOTECARIA,ANIOSANTIGUEDAD,int,NO,,,
FBS_CREDITO.AVALUOGARANTIAHIPOTECARIA,VALORPORMETROCUADRADO,"decimal(18,2)",NO,,,
FBS_CREDITO.AVALUOGARANTIAHIPOTECARIA,ESVIVIENDAUNICA,tinyint unsigned,NO,,,
FBS_CREDITO.AVALUOGARANTIAHIPOTECARIA,ESPRIMERUSOVIVIENDA,tinyint unsigned,NO,,,
FBS_CREDITO.AVALUOGARANTIAHIPOTECARIA,VALORAVALUOCOMERCIAL,"decimal(18,2)",NO,,,
FBS_CREDITO.AVALUOGARANTIAHIPOTECARIA,VALORAVALUOCATASTRAL,"decimal(18,2)",NO,,,
FBS_CREDITO.AVALUOGARANTIAHIPOTECARIA,VALORREALIZACION,"decimal(18,2)",NO,,,
FBS_CREDITO.AVALUOGARANTIAHIPOTECARIA,SECUENCIALMONEDA,int,NO,MUL,,
FBS_CREDITO.AVALUOGARANTIAHIPOTECARIA,CONCURRENCIA,timestamp(6),YES,,CURRENT_TIMESTAMP(6),DEFAULT_GENERATED on update CURRENT_TIMESTAMP(6)
FBS_CREDITO.AVALUOGARANTIAPRENDARIA,SECUENCIAL,int,NO,PRI,,auto_increment
FBS_CREDITO.AVALUOGARANTIAPRENDARIA,SECUENCIALGARANTIAPRENDARIA,int,NO,MUL,,
FBS_CREDITO.AVALUOGARANTIAPRENDARIA,FECHAAVALUO,datetime(3),NO,,,
FBS_CREDITO.AVALUOGARANTIAPRENDARIA,VALORAVALUO,"decimal(18,2)",NO,,,
FBS_CREDITO.AVALUOGARANTIAPRENDARIA,DESCRIPCIONAVALUO,varchar(1000),NO,,,
FBS_CREDITO.AVALUOGARANTIAPRENDARIA,VALORREMATE,"decimal(18,2)",NO,,,
FBS_CREDITO.AVALUOGARANTIAPRENDARIA,FECHAMAQUINAINGRESO,datetime(3),NO,,,
FBS_CREDITO.AVALUOGARANTIAPRENDARIA,FECHASISTEMAINGRESO,datetime(3),NO,,,
FBS_CREDITO.AVALUOGARANTIAPRENDARIA,CODIGOUSUARIOINGRESO,varchar(25),NO,MUL,,
FBS_CREDITO.AVALUOGARANTIAPRENDARIA,ESTAACTIVO,tinyint unsigned,NO,,,
FBS_CREDITO.AVALUOGARANTIAPRENDARIA,NUMEROVERIFICADOR,int,NO,,,
FBS_CREDITO.AVALUOGARANTIAPRENDARIA,CODIGOPERITO,varchar(15),NO,MUL,,
FBS_CREDITO.AVALUOGARANTIAPRENDARIA,DOCUMENTOAVALUO,varchar(50),NO,,,
FBS_CREDITO.AVALUOGARANTIAPRENDARIA,VALORAVALUOCOMERCIAL,"decimal(18,2)",NO,,,
FBS_CREDITO.AVALUOGARANTIAPRENDARIA,VALORAVALUOCATASTRAL,"decimal(18,2)",NO,,,
FBS_CREDITO.AVALUOGARANTIAPRENDARIA,SECUENCIALMONEDA,int,NO,,,
FBS_CREDITO.AVALUOGARANTIAPRENDARIA,CONCURRENCIA,timestamp(6),YES,,CURRENT_TIMESTAMP(6),DEFAULT_GENERATED on update CURRENT_TIMESTAMP(6)
FBS_CREDITO.AVALUOSSIB,SECUENCIAL,int,NO,PRI,,auto_increment
FBS_CREDITO.AVALUOSSIB,SECUENCIALOFICINA,int,NO,MUL,,
FBS_CREDITO.AVALUOSSIB,DESCRIPCION,varchar(80),NO,,,
FBS_CREDITO.AVALUOSSIB,VALOR,"decimal(18,2)",NO,,,
FBS_CREDITO.AVALUOSSIB,ESURBANO,tinyint unsigned,NO,,,
FBS_CREDITO.AVALUOSSIB,ESTAACTIVO,tinyint unsigned,NO,,,
FBS_CREDITO.AVALUOSSIB,NUMEROVERIFICADOR,int,NO,,,
FBS_CREDITO.AVALUOSSIB,CONCURRENCIA,timestamp(6),YES,,CURRENT_TIMESTAMP(6),DEFAULT_GENERATED on update CURRENT_TIMESTAMP(6)
FBS_CREDITO.CALIFCONT_CTASORDDEMAN,CODIGOCALIFICACIONCONTABLE,varchar(10),NO,PRI,,
FBS_CREDITO.CALIFCONT_CTASORDDEMAN,SECCUENTACBLEORDENDEUDORA,int,NO,MUL,,
FBS_CREDITO.CALIFCONT_CTASORDDEMAN,SECCUENTACBLEORDENACREEDORA,int,NO,MUL,,
FBS_CREDITO.CALIFCONT_CTASORDDEMAN,CONCURRENCIA,timestamp(6),YES,,CURRENT_TIMESTAMP(6),DEFAULT_GENERATED on update CURRENT_TIMESTAMP(6)
FBS_CREDITO.CALIFCONT_CTASORDENCAJE,CODIGOCALIFICACIONCONTABLE,varchar(10),NO,PRI,,
FBS_CREDITO.CALIFCONT_CTASORDENCAJE,SECCUENTACBLEORDENDEUDORA,int,NO,MUL,,
FBS_CREDITO.CALIFCONT_CTASORDENCAJE,SECCUENTACBLEORDENACREEDORA,int,NO,MUL,,
FBS_CREDITO.CALIFCONT_CTASORDENCAJE,CONCURRENCIA,timestamp(6),YES,,CURRENT_TIMESTAMP(6),DEFAULT_GENERATED on update CURRENT_TIMESTAMP(6)
FBS_CREDITO.CALIFCONT_CTASORDENDPF,CODIGOCALIFICACIONCONTABLE,varchar(10),NO,PRI,,
FBS_CREDITO.CALIFCONT_CTASORDENDPF,SECCUENTACBLEORDENDEUDORA,int,NO,MUL,,
FBS_CREDITO.CALIFCONT_CTASORDENDPF,SECCUENTACBLEORDENACREEDORA,int,NO,MUL,,
FBS_CREDITO.CALIFCONT_CTASORDENDPF,CONCURRENCIA,timestamp(6),YES,,CURRENT_TIMESTAMP(6),DEFAULT_GENERATED on update CURRENT_TIMESTAMP(6)
FBS_CREDITO.CALIFCONT_CTASORDENREPROGRAMACION,SECUENCIAL,int,NO,PRI,,auto_increment
FBS_CREDITO.CALIFCONT_CTASORDENREPROGRAMACION,SECUENCIALMONEDA,int,NO,MUL,,
FBS_CREDITO.CALIFCONT_CTASORDENREPROGRAMACION,CODIGOCALIFICACIONCONTABLE,varchar(10),NO,MUL,,
FBS_CREDITO.CALIFCONT_CTASORDENREPROGRAMACION,SECCUENTACBLEORDENDEUDORA,int,NO,MUL,,
FBS_CREDITO.CALIFCONT_CTASORDENREPROGRAMACION,SECCUENTACBLEORDENACREEDORA,int,NO,MUL,,
FBS_CREDITO.CALIFCONT_CTASORDENREPROGRAMACION,CONCURRENCIA,timestamp(6),YES,,CURRENT_TIMESTAMP(6),DEFAULT_GENERATED on update CURRENT_TIMESTAMP(6)
FBS_CREDITO.CALIFCONT_CTASORDVINCULADOS,CODIGOCALIFICACIONCONTABLE,varchar(10),NO,PRI,,
FBS_CREDITO.CALIFCONT_CTASORDVINCULADOS,SECCUENTACBLEORDENDEUDORA,int,NO,MUL,,
FBS_CREDITO.CALIFCONT_CTASORDVINCULADOS,SECCUENTACBLEORDENACREEDORA,int,NO,MUL,,
FBS_CREDITO.CALIFCONT_CTASORDVINCULADOS,CONCURRENCIA,timestamp(6),YES,,CURRENT_TIMESTAMP(6),DEFAULT_GENERATED on update CURRENT_TIMESTAMP(6)
FBS_CREDITO.CALIFICACIONCONTABLE,CODIGO,varchar(10),NO,PRI,,
FBS_CREDITO.CALIFICACIONCONTABLE,NOMBRE,varchar(50),NO,,,
FBS_CREDITO.CALIFICACIONCONTABLE,SIGLAS,char(3),NO,,,
FBS_CREDITO.CALIFICACIONCONTABLE,DIASTRASPASO,int,NO,,,
FBS_CREDITO.CALIFICACIONCONTABLE,CONSTANTECALCULOPI,"decimal(18,2)",NO,,,
FBS_CREDITO.CALIFICACIONCONTABLE,ESTAACTIVO,tinyint unsigned,NO,,,
FBS_CREDITO.CALIFICACIONCONTABLE,NUMEROVERIFICADOR,int,NO,,,
FBS_CREDITO.CALIFICACIONCONTABLE,SIGLASSBS,varchar(2),NO,,,
FBS_CREDITO.CALIFICACIONCONTABLE,PORCENTAJECAPACIDADPAGO,"decimal(18,2)",NO,,,
FBS_CREDITO.CALIFICACIONCONTABLE,ESREESTRUCTURADO,tinyint unsigned,NO,,,
FBS_CREDITO.CALIFICACIONCONTABLE,PERMITEREPROGRAMACION,tinyint unsigned,NO,,,
FBS_CREDITO.CALIFICACIONCONTABLE,DIASPARASUSPENSION,int,NO,,,
FBS_CREDITO.CALIFICACIONCONTABLE,DIASTRASPASOTOTAL,int,NO,,0,
FBS_CREDITO.CALIFICACIONCONTABLE,DIASCONTROLALMACEN,int,NO,,0,
FBS_CREDITO.CALIFICACIONCONTABLE,CONCURRENCIA,timestamp(6),YES,,CURRENT_TIMESTAMP(6),DEFAULT_GENERATED on update CURRENT_TIMESTAMP(6)
FBS_CREDITO.CALIFICACIONCONTPLANTILLASCO,SECUENCIAL,int,NO,PRI,,auto_increment
FBS_CREDITO.CALIFICACIONCONTPLANTILLASCO,CODIGOCALIFICACIONCONTABLE,varchar(10),NO,MUL,,
FBS_CREDITO.CALIFICACIONCONTPLANTILLASCO,CODIGOPLANTILLASCORING,varchar(20),NO,MUL,,
FBS_CREDITO.CALIFICACIONCONTPLANTILLASCO,ESTAACTIVO,tinyint unsigned,NO,,,
FBS_CREDITO.CALIFICACIONCONTPLANTILLASCO,NUMEROVERIFICADOR,int,NO,,,
FBS_CREDITO.CALIFICACIONCONTPLANTILLASCO,CONCURRENCIA,timestamp(6),YES,,CURRENT_TIMESTAMP(6),DEFAULT_GENERATED on update CURRENT_TIMESTAMP(6)
FBS_CREDITO.CATEGORIADOCUMENTO,CODIGOCATEGORIA,varchar(10),NO,PRI,,
FBS_CREDITO.CATEGORIADOCUMENTO,DIRECCIONORIGEN,varchar(50),NO,,,
FBS_CREDITO.CATEGORIADOCUMENTO,DIRECCIONDESTINO,varchar(50),NO,,,
FBS_CREDITO.CATEGORIADOCUMENTO,ESTAACTIVO,tinyint unsigned,NO,,,
FBS_CREDITO.CATEGORIADOCUMENTO,NUMEROVERIFICADOR,int,NO,,,
FBS_CREDITO.CATEGORIADOCUMENTO,CONCURRENCIA,timestamp(6),YES,,CURRENT_TIMESTAMP(6),DEFAULT_GENERATED on update CURRENT_TIMESTAMP(6)
FBS_CREDITO.CATEGORIAOFICIAL,CODIGO,varchar(20),NO,PRI,,
FBS_CREDITO.CATEGORIAOFICIAL,NOMBRE,varchar(100),NO,,,
FBS_CREDITO.CATEGORIAOFICIAL,ESTAACTIVO,tinyint unsigned,NO,,,
FBS_CREDITO.CATEGORIAOFICIAL,NUMEROVERIFICADOR,int,NO,,,
FBS_CREDITO.CATEGORIAOFICIAL,CONCURRENCIA,timestamp(6),YES,,CURRENT_TIMESTAMP(6),DEFAULT_GENERATED on update CURRENT_TIMESTAMP(6)
FBS_CREDITO.CAUSALANULACION,SECUENCIAL,int,NO,PRI,,auto_increment
FBS_CREDITO.CAUSALANULACION,DESCRIPCION,varchar(500),NO,,,
FBS_CREDITO.CAUSALANULACION,ESTAACTIVO,tinyint unsigned,NO,,,
FBS_CREDITO.CAUSALANULACION,NUMEROVERIFICADOR,int,NO,,,
FBS_CREDITO.CAUSALANULACION,CONCURRENCIA,timestamp(6),YES,,CURRENT_TIMESTAMP(6),DEFAULT_GENERATED on update CURRENT_TIMESTAMP(6)
FBS_CREDITO.CHEQUESOLICITUDTIPOGARANTIA,SECUENCIAL,int,NO,PRI,,auto_increment
FBS_CREDITO.CHEQUESOLICITUDTIPOGARANTIA,SECUENCIALSOLICTIPOGARANTIA,int,NO,MUL,,
FBS_CREDITO.CHEQUESOLICITUDTIPOGARANTIA,SECUENCIALCHEQUE,int,NO,MUL,,
FBS_CREDITO.CHEQUESOLICITUDTIPOGARANTIA,DETALLE,varchar(500),NO,,,
FBS_CREDITO.CHEQUESOLICITUDTIPOGARANTIA,FECHACHEQUE,datetime(3),NO,,,
FBS_CREDITO.CHEQUESOLICITUDTIPOGARANTIA,CODIGOUSUARIOINGRESO,varchar(25),NO,MUL,,
FBS_CREDITO.CHEQUESOLICITUDTIPOGARANTIA,FECHAINGRESO,datetime(3),NO,,,
FBS_CREDITO.CHEQUESOLICITUDTIPOGARANTIA,ESTAACTIVA,tinyint unsigned,NO,,,
FBS_CREDITO.CHEQUESOLICITUDTIPOGARANTIA,NUMEROVERIFICADOR,int,NO,,,
FBS_CREDITO.CHEQUESOLICITUDTIPOGARANTIA,CONCURRENCIA,timestamp(6),YES,,CURRENT_TIMESTAMP(6),DEFAULT_GENERATED on update CURRENT_TIMESTAMP(6)
FBS_CREDITO.CICN,CODIGO,varchar(10),NO,PRI,,
FBS_CREDITO.CICN,DESCRIPCION,varchar(200),NO,,,
FBS_CREDITO.CICN,CODIGOSECTORECONOMICOCREDITO,varchar(10),NO,MUL,,
FBS_CREDITO.CICN,SIGLAS,varchar(3),NO,,,
FBS_CREDITO.CICN,ESTAACTIVO,tinyint unsigned,NO,,,
FBS_CREDITO.CICN,NUMEROVERIFICADOR,int,NO,,,
FBS_CREDITO.CICN,CONCURRENCIA,timestamp(6),YES,,CURRENT_TIMESTAMP(6),DEFAULT_GENERATED on update CURRENT_TIMESTAMP(6)
FBS_CREDITO.CLASEGARANTIA,CODIGO,varchar(25),NO,PRI,,
FBS_CREDITO.CLASEGARANTIA,NOMBRE,varchar(200),NO,,,
FBS_CREDITO.CLASEGARANTIA,ESTAACTIVO,tinyint unsigned,NO,,,
FBS_CREDITO.CLASEGARANTIA,NUMEROVERIFICADOR,int,NO,,,
FBS_CREDITO.CLASEGARANTIA,CONCURRENCIA,timestamp(6),YES,,CURRENT_TIMESTAMP(6),DEFAULT_GENERATED on update CURRENT_TIMESTAMP(6)
FBS_CREDITO.CLIENTE_OFICIALCREDITO,SECUENCIALCLIENTE,int,NO,PRI,,
FBS_CREDITO.CLIENTE_OFICIALCREDITO,CODIGOUSUARIOOFICIALCREDITO,varchar(25),NO,MUL,,
FBS_CREDITO.CLIENTE_OFICIALCREDITO,NUMEROVERIFICADOR,int,NO,,,
FBS_CREDITO.CLIENTE_OFICIALCREDITO,CONCURRENCIA,timestamp(6),YES,,CURRENT_TIMESTAMP(6),DEFAULT_GENERATED on update CURRENT_TIMESTAMP(6)
FBS_CREDITO.COMPONENTE_CREDITO,SECUENCIALCOMPONENTE,int,NO,PRI,,
FBS_CREDITO.COMPONENTE_CREDITO,AUMENTADEUDA,tinyint unsigned,NO,,,
FBS_CREDITO.COMPONENTE_CREDITO,GENERASEGUROVISTA,tinyint unsigned,NO,,,
FBS_CREDITO.COMPONENTE_CREDITO,AFECTAOPERACION,tinyint unsigned,NO,,,
FBS_CREDITO.COMPONENTE_CREDITO,DEBITAANTESDEADJUDICACIONPREST,tinyint unsigned,NO,,,
FBS_CREDITO.COMPONENTE_CREDITO,ESEDITABLE,tinyint unsigned,NO,,,
FBS_CREDITO.COMPONENTE_CREDITO,ESPARAGARANTIAAVAL,tinyint unsigned,NO,,,
FBS_CREDITO.COMPONENTE_CREDITO,ESSEGURODESGRAVAMEN,tinyint,NO,,0,
FBS_CREDITO.COMPONENTE_CREDITO,PAGOENCAJA,tinyint unsigned,NO,,,
FBS_CREDITO.COMPONENTE_CREDITO,CONCURRENCIA,timestamp(6),YES,,CURRENT_TIMESTAMP(6),DEFAULT_GENERATED on update CURRENT_TIMESTAMP(6)
FBS_CREDITO.COMPONENTE_CREDITO_AUTOMATICO,SECUENCIALCOMPONENTECREDITO,int,NO,PRI,,
FBS_CREDITO.COMPONENTE_CREDITO_AUTOMATICO,NOMBREMETODO,varchar(50),NO,,,
FBS_CREDITO.COMPONENTE_CREDITO_AUTOMATICO,ESTAACTIVO,tinyint unsigned,NO,,,
FBS_CREDITO.COMPONENTE_CREDITO_AUTOMATICO,NUMEROVERIFICADOR,int,NO,,,
FBS_CREDITO.COMPONENTE_CREDITO_AUTOMATICO,CONCURRENCIA,timestamp(6),YES,,CURRENT_TIMESTAMP(6),DEFAULT_GENERATED on update CURRENT_TIMESTAMP(6)
FBS_CREDITO.COMPONENTE_CREDITO_CAUSAL,SECUENCIALCOMPONENTECREDITO,int,NO,PRI,,
FBS_CREDITO.COMPONENTE_CREDITO_CAUSAL,SECUENCIALCOMPONENTECAUSAL,int,NO,MUL,,
FBS_CREDITO.COMPONENTE_CREDITO_CAUSAL,ESTAACTIVO,tinyint unsigned,NO,,,
FBS_CREDITO.COMPONENTE_CREDITO_CAUSAL,NUMEROVERIFICADOR,int,NO,,,
FBS_CREDITO.COMPONENTE_CREDITO_CAUSAL,CONCURRENCIA,timestamp(6),YES,,CURRENT_TIMESTAMP(6),DEFAULT_GENERATED on update CURRENT_TIMESTAMP(6)
FBS_CREDITO.COMPONENTE_CREDITO_MANUAL,SECUENCIALCOMPONENTECREDITO,int,NO,PRI,,
FBS_CREDITO.COMPONENTE_CREDITO_MANUAL,ESTAACTIVO,tinyint unsigned,NO,,,
FBS_CREDITO.COMPONENTE_CREDITO_MANUAL,NUMEROVERIFICADOR,int,NO,,,
FBS_CREDITO.COMPONENTE_CREDITO_MANUAL,CONCURRENCIA,timestamp(6),YES,,CURRENT_TIMESTAMP(6),DEFAULT_GENERATED on update CURRENT_TIMESTAMP(6)
FBS_CREDITO.COMPONENTE_CREDITO_TIPOSEGUROSUBTIPO,SECUENCIALCOMPONENTECREDITO,int,NO,PRI,,
FBS_CREDITO.COMPONENTE_CREDITO_TIPOSEGUROSUBTIPO,CODIGOTIPOSEGUROSUBTIPO,varchar(20),NO,MUL,,
FBS_CREDITO.COMPONENTE_CREDITO_TIPOSEGUROSUBTIPO,ESTAACTIVO,tinyint unsigned,NO,,,
FBS_CREDITO.COMPONENTE_CREDITO_TIPOSEGUROSUBTIPO,NUMEROVERIFICADOR,int,NO,,,
FBS_CREDITO.COMPONENTE_CREDITO_TIPOSEGUROSUBTIPO,CONCURRENCIA,timestamp(6),YES,,CURRENT_TIMESTAMP(6),DEFAULT_GENERATED on update CURRENT_TIMESTAMP(6)
FBS_CREDITO.CONDICIONAVAL,CODIGO,char(2),NO,PRI,,
FBS_CREDITO.CONDICIONAVAL,NOMBRE,varchar(80),NO,,,
FBS_CREDITO.CONDICIONAVAL,ESTAACTIVO,tinyint unsigned,NO,,,
FBS_CREDITO.CONDICIONAVAL,NUMEROVERIFICADOR,int,NO,,,
FBS_CREDITO.CONDICIONAVAL,CONCURRENCIA,timestamp(6),YES,,CURRENT_TIMESTAMP(6),DEFAULT_GENERATED on update CURRENT_TIMESTAMP(6)
FBS_CREDITO.CONDICIONAVALCOBERTURA,SECUENCIAL,int,NO,PRI,,auto_increment
FBS_CREDITO.CONDICIONAVALCOBERTURA,CODIGOCONDICIONAVAL,char(2),NO,MUL,,
FBS_CREDITO.CONDICIONAVALCOBERTURA,PLAZOINICIO,int,NO,,,
FBS_CREDITO.CONDICIONAVALCOBERTURA,PLAZOFIN,int,NO,,,
FBS_CREDITO.CONDICIONAVALCOBERTURA,PORCENTAJEVALOR,"decimal(9,2)",NO,,,
FBS_CREDITO.CONDICIONAVALCOBERTURA,PORCENTAJECOMISION,"decimal(9,2)",NO,,,
FBS_CREDITO.CONDICIONAVALCOBERTURA,ESTAACTIVO,tinyint unsigned,NO,,,
FBS_CREDITO.CONDICIONAVALCOBERTURA,NUMEROVERIFICADOR,int,NO,,,
FBS_CREDITO.CONDICIONAVALCOBERTURA,CONCURRENCIA,timestamp(6),YES,,CURRENT_TIMESTAMP(6),DEFAULT_GENERATED on update CURRENT_TIMESTAMP(6)
FBS_CREDITO.CONDICIONREAJUSTECUOTA,SECUENCIAL,int,NO,PRI,,auto_increment
FBS_CREDITO.CONDICIONREAJUSTECUOTA,VALORCUOTAINICIAL,"decimal(18,2)",NO,,,
FBS_CREDITO.CONDICIONREAJUSTECUOTA,VALORCUOTAFINAL,"decimal(18,2)",NO,,,
FBS_CREDITO.CONDICIONREAJUSTECUOTA,FACTOR,"decimal(18,2)",NO,,,
FBS_CREDITO.CONDICIONREAJUSTECUOTA,PORCENTAJETOLERANCIA,"decimal(18,2)",NO,,,
FBS_CREDITO.CONDICIONREAJUSTECUOTA,ESTAACTIVO,tinyint unsigned,NO,,,
FBS_CREDITO.CONDICIONREAJUSTECUOTA,NUMEROVERIFICADOR,int,NO,,,
FBS_CREDITO.CONDICIONREAJUSTECUOTA,CONCURRENCIA,timestamp(6),YES,,CURRENT_TIMESTAMP(6),DEFAULT_GENERATED on update CURRENT_TIMESTAMP(6)
FBS_CREDITO.CONDICIONTABLAAMORTIZACION,SECUENCIAL,int,NO,PRI,,auto_increment
FBS_CREDITO.CONDICIONTABLAAMORTIZACION,ESCUOTAFIJA,tinyint unsigned,NO,MUL,,
FBS_CREDITO.CONDICIONTABLAAMORTIZACION,CODIGOGENERACIONVENCCUOTA,varchar(20),NO,MUL,,
FBS_CREDITO.CONDICIONTABLAAMORTIZACION,ESCONALICUOTA,tinyint unsigned,NO,,,
FBS_CREDITO.CONDICIONTABLAAMORTIZACION,ESINTERESSOBRESALDOS,tinyint unsigned,NO,,,
FBS_CREDITO.CONDICIONTABLAAMORTIZACION,AUMENTAPRIMERACUOTA,tinyint unsigned,NO,,,
FBS_CREDITO.CONDICIONTABLAAMORTIZACION,SECUENCIALEMPRESA,int,NO,MUL,,
FBS_CREDITO.CONDICIONTABLAAMORTIZACION,ESTAACTIVO,tinyint unsigned,NO,,,
FBS_CREDITO.CONDICIONTABLAAMORTIZACION,NUMEROVERIFICADOR,int,NO,,,
FBS_CREDITO.CONDICIONTABLAAMORTIZACION,NOMBRE,varchar(50),NO,,,
FBS_CREDITO.CONDICIONTABLAAMORTIZACION,CONCURRENCIA,timestamp(6),YES,,CURRENT_TIMESTAMP(6),DEFAULT_GENERATED on update CURRENT_TIMESTAMP(6)
FBS_CREDITO.CONTROLDOCUMENTOSOLICITUD,SECUENCIAL,int,NO,PRI,,auto_increment
FBS_CREDITO.CONTROLDOCUMENTOSOLICITUD,SECUENCIALSOLICITUD,int,NO,MUL,,
FBS_CREDITO.CONTROLDOCUMENTOSOLICITUD,CODIGOUSUARIOINGRESO,varchar(25),NO,MUL,,
FBS_CREDITO.CONTROLDOCUMENTOSOLICITUD,FECHAMAQUINAINGRESO,datetime(3),NO,,,
FBS_CREDITO.CONTROLDOCUMENTOSOLICITUD,FECHASISTEMAINGRESO,datetime(3),NO,,,
FBS_CREDITO.CONTROLDOCUMENTOSOLICITUD,ESTAACTIVO,tinyint unsigned,NO,,,
FBS_CREDITO.CONTROLDOCUMENTOSOLICITUD,NUMEROVERIFICADOR,int,NO,,,
FBS_CREDITO.CONTROLDOCUMENTOSOLICITUD,CONCURRENCIA,timestamp(6),YES,,CURRENT_TIMESTAMP(6),DEFAULT_GENERATED on update CURRENT_TIMESTAMP(6)
FBS_CREDITO.CONVENIOCREDITO,SECUENCIAL,int,NO,PRI,,auto_increment
FBS_CREDITO.CONVENIOCREDITO,CODIGOTIPOPRESTAMO,char(10),NO,MUL,,
FBS_CREDITO.CONVENIOCREDITO,SECUENCIALCLIENTE,int,NO,MUL,,
FBS_CREDITO.CONVENIOCREDITO,VALOR,"decimal(18,2)",NO,,,
FBS_CREDITO.CONVENIOCREDITO,FECHAADJUDICACION,datetime(3),NO,,,
FBS_CREDITO.CONVENIOCREDITO,FECHAVENCIMIENTO,datetime(3),NO,,,
FBS_CREDITO.CONVENIOCREDITO,CODIGOUSUARIOINGRESO,varchar(25),NO,MUL,,
FBS_CREDITO.CONVENIOCREDITO,ESTAACTIVO,tinyint unsigned,NO,,,
FBS_CREDITO.CONVENIOCREDITO,NUMEROVERIFICADOR,int,NO,,,
FBS_CREDITO.CONVENIOCREDITO,VALORUTILIZADO,"decimal(18,2)",NO,,,
FBS_CREDITO.CONVENIOCREDITO,SECUENCIALSOLICITUDCONVENIO,int,NO,MUL,,
FBS_CREDITO.CONVENIOCREDITO,CONCURRENCIA,timestamp(6),YES,,CURRENT_TIMESTAMP(6),DEFAULT_GENERATED on update CURRENT_TIMESTAMP(6)
FBS_CREDITO.CONVENIOCREDITOSOLICITUDCREDITO,SECUENCIAL,int,NO,PRI,,auto_increment
FBS_CREDITO.CONVENIOCREDITOSOLICITUDCREDITO,SECUENCIALCONVENIO,int,NO,MUL,,
FBS_CREDITO.CONVENIOCREDITOSOLICITUDCREDITO,SECUENCIALSOLICITUD,int,NO,MUL,,
FBS_CREDITO.CONVENIOCREDITOSOLICITUDCREDITO,CONCURRENCIA,timestamp(6),YES,,CURRENT_TIMESTAMP(6),DEFAULT_GENERATED on update CURRENT_TIMESTAMP(6)
FBS_CREDITO.CREDITREPORTORDEN,SECUENCIALORDEN,int,NO,PRI,,
FBS_CREDITO.CREDITREPORTORDEN,CONCURRENCIA,timestamp(6),YES,,CURRENT_TIMESTAMP(6),DEFAULT_GENERATED on update CURRENT_TIMESTAMP(6)
FBS_CREDITO.CTRLDOCSOLITEMCTRLDOC,SECUENCIAL,int,NO,PRI,,auto_increment
FBS_CREDITO.CTRLDOCSOLITEMCTRLDOC,SECUENCIALCONTROLDOCSOL,int,NO,MUL,,
FBS_CREDITO.CTRLDOCSOLITEMCTRLDOC,SECUENCIALITEMCONTROLDOC,int,NO,MUL,,
FBS_CREDITO.CTRLDOCSOLITEMCTRLDOC,ORDEN,int,NO,,,
FBS_CREDITO.CTRLDOCSOLITEMCTRLDOC,RECEPTADOTITULAR,tinyint unsigned,NO,,,
FBS_CREDITO.CTRLDOCSOLITEMCTRLDOC,OBSERVACIONES,varchar(250),NO,,,
FBS_CREDITO.CTRLDOCSOLITEMCTRLDOC,ESTAACTIVO,tinyint unsigned,NO,,,
FBS_CREDITO.CTRLDOCSOLITEMCTRLDOC,NUMEROVERIFICADOR,int,NO,,,
FBS_CREDITO.CTRLDOCSOLITEMCTRLDOC,RECEPTADOCONYUGE,tinyint unsigned,NO,,,
FBS_CREDITO.CTRLDOCSOLITEMCTRLDOC,RECEPTADOGARANTEUNO,tinyint unsigned,NO,,,
FBS_CREDITO.CTRLDOCSOLITEMCTRLDOC,RECEPTADOGARANTEDOS,tinyint unsigned,NO,,,
FBS_CREDITO.CTRLDOCSOLITEMCTRLDOC,CONCURRENCIA,timestamp(6),YES,,CURRENT_TIMESTAMP(6),DEFAULT_GENERATED on update CURRENT_TIMESTAMP(6)
FBS_CREDITO.DATOCREDITICIO,SECUENCIAL,int,NO,PRI,,auto_increment
FBS_CREDITO.DATOCREDITICIO,SECUENCIALPERSONA,int,NO,UNI,,
FBS_CREDITO.DATOCREDITICIO,NOMBREARRENDADORVIVIENDA,varchar(400),NO,,,
FBS_CREDITO.DATOCREDITICIO,NUMEROMESESVIVIENDA,int,NO,,,
FBS_CREDITO.DATOCREDITICIO,DESCRIPCIONACTIVIDADECONOMICA,varchar(500),NO,,,
FBS_CREDITO.DATOCREDITICIO,NUMEROMESESACTIVIDADECONOMICA,int,NO,,,
FBS_CREDITO.DATOCREDITICIO,TOTALINGRESOS,"decimal(18,2)",NO,,,
FBS_CREDITO.DATOCREDITICIO,TOTALGASTOS,"decimal(18,2)",NO,,,
FBS_CREDITO.DATOCREDITICIO,TOTALACTIVOS,"decimal(18,2)",NO,,,
FBS_CREDITO.DATOCREDITICIO,TOTALPASIVOS,"decimal(18,2)",NO,,,
FBS_CREDITO.DATOCREDITICIO,NUMEROMESESJUSTIFICAINGRESO,int,NO,,,
FBS_CREDITO.DATOCREDITICIO,SECUENCIALDIVPOLRESIDENCIA,int,NO,MUL,,
FBS_CREDITO.DATOCREDITICIO,SECUENCIALDIVACTIVIDADECON,int,NO,MUL,,
FBS_CREDITO.DATOCREDITICIO,DIASULTIMOPRESTAMO,int,NO,,,
FBS_CREDITO.DATOCREDITICIO,DIASPENULTIMOPRESTAMO,int,NO,,,
FBS_CREDITO.DATOCREDITICIO,CALIFICACIONBUROCLIENTEPROPIO,varchar(2),NO,,,
FBS_CREDITO.DATOCREDITICIO,VALORCUOTA,"decimal(18,2)",NO,,,
FBS_CREDITO.DATOCREDITICIO,NUMEROTRABAJADORES,int,NO,,,
FBS_CREDITO.DATOCREDITICIO,PORCENTAJEGANANCIANEGOCIO,"decimal(18,2)",NO,,,
FBS_CREDITO.DATOCREDITICIO,CARGASFAMILIARES,int,NO,,,
FBS_CREDITO.DATOCREDITICIO,NUMEROVERIFICADOR,int,NO,,,
FBS_CREDITO.DATOCREDITICIO,SECTORECONOMICO,varchar(200),NO,,,
FBS_CREDITO.DATOCREDITICIO,CONCURRENCIA,timestamp(6),YES,,CURRENT_TIMESTAMP(6),DEFAULT_GENERATED on update CURRENT_TIMESTAMP(6)
FBS_CREDITO.DATOCREDITICIOSOLICITUDPERSONA,SECUENCIAL,int,NO,PRI,,auto_increment
FBS_CREDITO.DATOCREDITICIOSOLICITUDPERSONA,SECUENCIALSOLICITUD,int,NO,MUL,,
FBS_CREDITO.DATOCREDITICIOSOLICITUDPERSONA,SECUENCIALPERSONA,int,NO,MUL,,
FBS_CREDITO.DATOCREDITICIOSOLICITUDPERSONA,NOMBREARRENDADORVIVIENDA,varchar(400),NO,,,
FBS_CREDITO.DATOCREDITICIOSOLICITUDPERSONA,NUMEROMESESVIVIENDA,int,NO,,,
FBS_CREDITO.DATOCREDITICIOSOLICITUDPERSONA,DESCRIPCIONACTIVIDADECONOMICA,varchar(500),NO,,,
FBS_CREDITO.DATOCREDITICIOSOLICITUDPERSONA,NUMEROMESESACTIVIDADECONOMICA,int,NO,,,
FBS_CREDITO.DATOCREDITICIOSOLICITUDPERSONA,SECUENCIALDIVPOLSOLICITUD,int,NO,MUL,,
FBS_CREDITO.DATOCREDITICIOSOLICITUDPERSONA,SECUENCIALDIVPOLRESIDENCIA,int,NO,MUL,,
FBS_CREDITO.DATOCREDITICIOSOLICITUDPERSONA,TOTALINGRESOS,"decimal(18,2)",NO,,,
FBS_CREDITO.DATOCREDITICIOSOLICITUDPERSONA,TOTALGASTOS,"decimal(18,2)",NO,,,
FBS_CREDITO.DATOCREDITICIOSOLICITUDPERSONA,TOTALACTIVOS,"decimal(18,2)",NO,,,
FBS_CREDITO.DATOCREDITICIOSOLICITUDPERSONA,TOTALPASIVOS,"decimal(18,2)",NO,,,
FBS_CREDITO.DATOCREDITICIOSOLICITUDPERSONA,SECUENCIALDIVACTIVIDADECON,int,NO,MUL,,
FBS_CREDITO.DATOCREDITICIOSOLICITUDPERSONA,DIASULTIMOPRESTAMO,int,NO,,,
FBS_CREDITO.DATOCREDITICIOSOLICITUDPERSONA,DIASPENULTIMOPRESTAMO,int,NO,,,
FBS_CREDITO.DATOCREDITICIOSOLICITUDPERSONA,CALIFICACIONBUROCLIENTEPROPIO,varchar(2),NO,,,
FBS_CREDITO.DATOCREDITICIOSOLICITUDPERSONA,VALORCUOTA,"decimal(18,2)",NO,,,
FBS_CREDITO.DATOCREDITICIOSOLICITUDPERSONA,NUMEROMESESJUSTIFICAINGRESO,int,NO,,,
FBS_CREDITO.DATOCREDITICIOSOLICITUDPERSONA,NUMEROTRABAJADORES,int,NO,,,
FBS_CREDITO.DATOCREDITICIOSOLICITUDPERSONA,PORCENTAJEGANANCIANEGOCIO,"decimal(18,2)",NO,,,
FBS_CREDITO.DATOCREDITICIOSOLICITUDPERSONA,NUMEROVERIFICADOR,int,NO,,,
FBS_CREDITO.DATOCREDITICIOSOLICITUDPERSONA,CAPACIDADPAGO,"decimal(9,2)",NO,,,
FBS_CREDITO.DATOCREDITICIOSOLICITUDPERSONA,MONTORECOMENDADO,"decimal(9,2)",NO,,,
FBS_CREDITO.DATOCREDITICIOSOLICITUDPERSONA,ENDEUDAMIENTOPROYECTADO,"decimal(9,2)",NO,,,
FBS_CREDITO.DATOCREDITICIOSOLICITUDPERSONA,CONCURRENCIA,timestamp(6),YES,,CURRENT_TIMESTAMP(6),DEFAULT_GENERATED on update CURRENT_TIMESTAMP(6)
FBS_CREDITO.DATOCREDITICIOSOLICITUDPERSONADEUDASIFIS,SECUENCIAL,int,NO,PRI,,auto_increment
FBS_CREDITO.DATOCREDITICIOSOLICITUDPERSONADEUDASIFIS,SECUENCIALDATOCREDSOLPERSONA,int,NO,MUL,,
FBS_CREDITO.DATOCREDITICIOSOLICITUDPERSONADEUDASIFIS,NOMBREINSTITUCION,varchar(500),NO,,,
FBS_CREDITO.DATOCREDITICIOSOLICITUDPERSONADEUDASIFIS,SALDO,"decimal(18,2)",NO,,,
FBS_CREDITO.DATOCREDITICIOSOLICITUDPERSONADEUDASIFIS,CUOTA,"decimal(18,2)",NO,,,
FBS_CREDITO.DATOCREDITICIOSOLICITUDPERSONADEUDASIFIS,CONCURRENCIA,timestamp(6),YES,,CURRENT_TIMESTAMP(6),DEFAULT_GENERATED on update CURRENT_TIMESTAMP(6)
FBS_CREDITO.DATOCREDITICIOSOLICPERS_NAT,SECDATOCREDITICIOSOLICPERS,int,NO,PRI,,
FBS_CREDITO.DATOCREDITICIOSOLICPERS_NAT,CODIGOESTADOCIVILPUNTJPARACALIF,char(1),NO,MUL,,
FBS_CREDITO.DATOCREDITICIOSOLICPERS_NAT,CODIGOTIPOEDUCACIONPUNTJPARACALIF,char(2),NO,MUL,,
FBS_CREDITO.DATOCREDITICIOSOLICPERS_NAT,CODIGOTIPOVIVIENDAPUNTJPARACALIF,char(3),NO,MUL,,
FBS_CREDITO.DATOCREDITICIOSOLICPERS_NAT,EDAD,"decimal(18,2)",NO,,,
FBS_CREDITO.DATOCREDITICIOSOLICPERS_NAT,NUMEROVERIFICADOR,int,NO,,,
FBS_CREDITO.DATOCREDITICIOSOLICPERS_NAT,ESMASCULINO,tinyint unsigned,NO,,,
FBS_CREDITO.DATOCREDITICIOSOLICPERS_NAT,CARGASFAMILIARES,int,NO,,,
FBS_CREDITO.DATOCREDITICIOSOLICPERS_NAT,CODIGOORIGENINGRESOS,varchar(2),NO,MUL,,
FBS_CREDITO.DATOCREDITICIOSOLICPERS_NAT,CODIGOSUBORIGENINGRESOS,varchar(3),NO,MUL,,
FBS_CREDITO.DATOCREDITICIOSOLICPERS_NAT,CONCURRENCIA,timestamp(6),YES,,CURRENT_TIMESTAMP(6),DEFAULT_GENERATED on update CURRENT_TIMESTAMP(6)
FBS_CREDITO.DATOCREDITICIOSOLICPERS_ORG,SECDATOCREDITICIOSOLICPERS,int,NO,PRI,,
FBS_CREDITO.DATOCREDITICIOSOLICPERS_ORG,ANIOSDESERVICIO,"decimal(18,2)",NO,,,
FBS_CREDITO.DATOCREDITICIOSOLICPERS_ORG,ANIOSDESERVICIOLEGAL,"decimal(18,2)",NO,,,
FBS_CREDITO.DATOCREDITICIOSOLICPERS_ORG,NUMEROVERIFICADOR,int,NO,,,
FBS_CREDITO.DATOCREDITICIOSOLICPERS_ORG,CONCURRENCIA,timestamp(6),YES,,CURRENT_TIMESTAMP(6),DEFAULT_GENERATED on update CURRENT_TIMESTAMP(6)
FBS_CREDITO.DATOCRETCSOLICPERSITEMECON,SECUENCIAL,int,NO,PRI,,auto_increment
FBS_CREDITO.DATOCRETCSOLICPERSITEMECON,SECUENCIALDATOCRETCSOLICPERS,int,NO,MUL,,
FBS_CREDITO.DATOCRETCSOLICPERSITEMECON,CODIGOITEMECONOMICO,varchar(10),NO,MUL,,
FBS_CREDITO.DATOCRETCSOLICPERSITEMECON,MONTO,"decimal(18,2)",NO,,,
FBS_CREDITO.DATOCRETCSOLICPERSITEMECON,ESTAACTIVO,tinyint unsigned,NO,,,
FBS_CREDITO.DATOCRETCSOLICPERSITEMECON,NUMEROVERIFICADOR,int,NO,,,
FBS_CREDITO.DATOCRETCSOLICPERSITEMECON,DESCRIPCION,varchar(600),NO,,,
FBS_CREDITO.DATOCRETCSOLICPERSITEMECON,CONCURRENCIA,timestamp(6),YES,,CURRENT_TIMESTAMP(6),DEFAULT_GENERATED on update CURRENT_TIMESTAMP(6)
FBS_CREDITO.DATOCRETCSOLICPERSITEMPATR,SECUENCIAL,int,NO,PRI,,auto_increment
FBS_CREDITO.DATOCRETCSOLICPERSITEMPATR,SECUENCIALDATOCRETCSOLICPERS,int,NO,MUL,,
FBS_CREDITO.DATOCRETCSOLICPERSITEMPATR,CODIGOITEMPATRIMONIAL,varchar(10),NO,MUL,,
FBS_CREDITO.DATOCRETCSOLICPERSITEMPATR,DESCRIPCION,varchar(300),NO,,,
FBS_CREDITO.DATOCRETCSOLICPERSITEMPATR,MONTO,"decimal(18,2)",NO,,,
FBS_CREDITO.DATOCRETCSOLICPERSITEMPATR,ESTAACTIVO,tinyint unsigned,NO,,,
FBS_CREDITO.DATOCRETCSOLICPERSITEMPATR,NUMEROVERIFICADOR,int,NO,,,
FBS_CREDITO.DATOCRETCSOLICPERSITEMPATR,CONCURRENCIA,timestamp(6),YES,,CURRENT_TIMESTAMP(6),DEFAULT_GENERATED on update CURRENT_TIMESTAMP(6)
FBS_CREDITO.DATOCRETCSOLICPERS_NAT_CONYUGE,SECDATOCRETCSOLICPERSNAT,int,NO,PRI,,
FBS_CREDITO.DATOCRETCSOLICPERS_NAT_CONYUGE,SECUENCIALPERSONANATCONYUGE,int,NO,,,
FBS_CREDITO.DATOCRETCSOLICPERS_NAT_CONYUGE,ESTAACTIVO,tinyint unsigned,NO,,,
FBS_CREDITO.DATOCRETCSOLICPERS_NAT_CONYUGE,NUMEROVERIFICADOR,int,NO,,,
FBS_CREDITO.DATOCRETCSOLICPERS_NAT_CONYUGE,CONCURRENCIA,timestamp(6),YES,,CURRENT_TIMESTAMP(6),DEFAULT_GENERATED on update CURRENT_TIMESTAMP(6)
FBS_CREDITO.DATOCRETCSOLICPERS_ORGGRUSOC,SECDATOCREDITICIOSOLICPERS,int,NO,PRI,,
FBS_CREDITO.DATOCRETCSOLICPERS_ORGGRUSOC,ANIOSDECONFORMACION,"decimal(18,2)",NO,,,
FBS_CREDITO.DATOCRETCSOLICPERS_ORGGRUSOC,ANIOSDECONFORMACIONLEGAL,"decimal(18,2)",NO,,,
FBS_CREDITO.DATOCRETCSOLICPERS_ORGGRUSOC,ESRURAL,tinyint unsigned,NO,,,
FBS_CREDITO.DATOCRETCSOLICPERS_ORGGRUSOC,NUMEROVERIFICADOR,int,NO,,,
FBS_CREDITO.DATOCRETCSOLICPERS_ORGGRUSOC,CONCURRENCIA,timestamp(6),YES,,CURRENT_TIMESTAMP(6),DEFAULT_GENERATED on update CURRENT_TIMESTAMP(6)
FBS_CREDITO.DESTINOCREDITO,CODIGO,varchar(10),NO,PRI,,
FBS_CREDITO.DESTINOCREDITO,DESCRIPCION,varchar(500),NO,,,
FBS_CREDITO.DESTINOCREDITO,SIGLAS,varchar(3),NO,,,
FBS_CREDITO.DESTINOCREDITO,ESTAACTIVO,tinyint unsigned,NO,,,
FBS_CREDITO.DESTINOCREDITO,NUMEROVERIFICADOR,int,NO,,,
FBS_CREDITO.DESTINOCREDITO,CONCURRENCIA,timestamp(6),YES,,CURRENT_TIMESTAMP(6),DEFAULT_GENERATED on update CURRENT_TIMESTAMP(6)
FBS_CREDITO.DESTINOCREDITOCALIFCONTABLE,SECUENCIAL,int,NO,PRI,,auto_increment
FBS_CREDITO.DESTINOCREDITOCALIFCONTABLE,CODIGODESTINOCREDITO,varchar(10),NO,MUL,,
FBS_CREDITO.DESTINOCREDITOCALIFCONTABLE,CODIGOCALIFICACIONCONTABLE,varchar(10),NO,MUL,,
FBS_CREDITO.DESTINOCREDITOCALIFCONTABLE,ESTAACTIVO,tinyint unsigned,NO,,,
FBS_CREDITO.DESTINOCREDITOCALIFCONTABLE,NUMEROVERIFICADOR,int,NO,,,
FBS_CREDITO.DESTINOCREDITOCALIFCONTABLE,CONCURRENCIA,timestamp(6),YES,,CURRENT_TIMESTAMP(6),DEFAULT_GENERATED on update CURRENT_TIMESTAMP(6)
FBS_CREDITO.DESTINOFINANCIERO,CODIGO,char(10),NO,PRI,,
FBS_CREDITO.DESTINOFINANCIERO,NOMBRE,varchar(500),NO,,,
FBS_CREDITO.DESTINOFINANCIERO,SIGLAS,char(3),NO,,,
FBS_CREDITO.DESTINOFINANCIERO,ESTAACTIVO,tinyint unsigned,NO,,,
FBS_CREDITO.DESTINOFINANCIERO,NUMEROVERIFICADOR,int,NO,,,
FBS_CREDITO.DESTINOFINANCIERO,CONCURRENCIA,timestamp(6),YES,,CURRENT_TIMESTAMP(6),DEFAULT_GENERATED on update CURRENT_TIMESTAMP(6)
FBS_CREDITO.DOCUMENTO,SECUENCIAL,int,NO,PRI,,auto_increment
FBS_CREDITO.DOCUMENTO,DESCRIPCION,varchar(100),NO,,,
FBS_CREDITO.DOCUMENTO,PATHREPORTE,varchar(100),NO,,,
FBS_CREDITO.DOCUMENTO,ESPERSONANATURAL,tinyint unsigned,NO,,,
FBS_CREDITO.DOCUMENTO,ESPERSONAORGANIZACION,tinyint unsigned,NO,,,
FBS_CREDITO.DOCUMENTO,REQUIEREIMPRESION,tinyint unsigned,NO,,,
FBS_CREDITO.DOCUMENTO,ESTAACTIVO,tinyint unsigned,NO,,,
FBS_CREDITO.DOCUMENTO,NUMEROVERIFICADOR,int,NO,,,
FBS_CREDITO.DOCUMENTO,REQUIEREFIRMANTE,tinyint unsigned,NO,,0,
FBS_CREDITO.DOCUMENTO,ESPARAGARANTIA,tinyint unsigned,NO,,0,
FBS_CREDITO.DOCUMENTO,ESPARATIPOCONDICION,tinyint unsigned,NO,,0,
FBS_CREDITO.DOCUMENTO,CONCURRENCIA,timestamp(6),YES,,CURRENT_TIMESTAMP(6),DEFAULT_GENERATED on update CURRENT_TIMESTAMP(6)
FBS_CREDITO.DOCUMENTOCUSTODIA,SECUENCIAL,int,NO,PRI,,auto_increment
FBS_CREDITO.DOCUMENTOCUSTODIA,CODIGOTIPODOCCUSTODIA,varchar(20),NO,MUL,,
FBS_CREDITO.DOCUMENTOCUSTODIA,SECUENCIALCLIENTE,int,NO,MUL,,
FBS_CREDITO.DOCUMENTOCUSTODIA,NUMERODOCUMENTO,varchar(50),NO,,,
FBS_CREDITO.DOCUMENTOCUSTODIA,VALOR,"decimal(18,2)",NO,,,
FBS_CREDITO.DOCUMENTOCUSTODIA,CODIGOUSUARIO,varchar(25),NO,MUL,,
FBS_CREDITO.DOCUMENTOCUSTODIA,FECHASISTEMA,datetime(3),NO,,,
FBS_CREDITO.DOCUMENTOCUSTODIA,FECHAMAQUINA,datetime(3),NO,,,
FBS_CREDITO.DOCUMENTOCUSTODIA,ENCUSTODIA,tinyint unsigned,NO,,,
FBS_CREDITO.DOCUMENTOCUSTODIA,ESTAENTREGADO,tinyint unsigned,NO,,,
FBS_CREDITO.DOCUMENTOCUSTODIA,CONCURRENCIA,timestamp(6),YES,,CURRENT_TIMESTAMP(6),DEFAULT_GENERATED on update CURRENT_TIMESTAMP(6)
FBS_CREDITO.DOCUMENTOCUSTODIA_ENTREGA,SECUENCIAL,int,NO,PRI,,auto_increment
FBS_CREDITO.DOCUMENTOCUSTODIA_ENTREGA,SECUENCIALDOCCUSTODIA,int,NO,MUL,,
FBS_CREDITO.DOCUMENTOCUSTODIA_ENTREGA,OBSERVACION,varchar(250),NO,,,
FBS_CREDITO.DOCUMENTOCUSTODIA_ENTREGA,CODIGOUSUARIO,varchar(25),NO,MUL,,
FBS_CREDITO.DOCUMENTOCUSTODIA_ENTREGA,FECHASISTEMA,datetime(3),NO,,,
FBS_CREDITO.DOCUMENTOCUSTODIA_ENTREGA,FECHAMAQUINA,datetime(3),NO,,,
FBS_CREDITO.DOCUMENTOCUSTODIA_ENTREGA,CONCURRENCIA,timestamp(6),YES,,CURRENT_TIMESTAMP(6),DEFAULT_GENERATED on update CURRENT_TIMESTAMP(6)
FBS_CREDITO.DOCUMENTOCUSTODIA_INGRESO,SECUENCIAL,int,NO,PRI,,auto_increment
FBS_CREDITO.DOCUMENTOCUSTODIA_INGRESO,SECUENCIALDOCCUSTODIA,int,NO,MUL,,
FBS_CREDITO.DOCUMENTOCUSTODIA_INGRESO,OBSERVACION,varchar(250),NO,,,
FBS_CREDITO.DOCUMENTOCUSTODIA_INGRESO,CODIGOUSUARIO,varchar(25),NO,MUL,,
FBS_CREDITO.DOCUMENTOCUSTODIA_INGRESO,FECHASISTEMA,datetime(3),NO,,,
FBS_CREDITO.DOCUMENTOCUSTODIA_INGRESO,FECHAMAQUINA,datetime(3),NO,,,
FBS_CREDITO.DOCUMENTOCUSTODIA_INGRESO,CONCURRENCIA,timestamp(6),YES,,CURRENT_TIMESTAMP(6),DEFAULT_GENERATED on update CURRENT_TIMESTAMP(6)
FBS_CREDITO.DOCUMENTOFIRMANTES,SECUENCIAL,int,NO,PRI,,auto_increment
FBS_CREDITO.DOCUMENTOFIRMANTES,SECUENCIALDOCUMENTO,int,NO,MUL,,
FBS_CREDITO.DOCUMENTOFIRMANTES,SECUENCIALOFICINA,int,NO,MUL,,
FBS_CREDITO.DOCUMENTOFIRMANTES,MONTOINICIO,"decimal(18,2)",NO,,,
FBS_CREDITO.DOCUMENTOFIRMANTES,MONTOFIN,"decimal(18,2)",NO,,,
FBS_CREDITO.DOCUMENTOFIRMANTES,SECUENCIALPERSONA,int,NO,MUL,,
FBS_CREDITO.DOCUMENTOFIRMANTES,ESTAACTIVO,tinyint unsigned,NO,,,
FBS_CREDITO.DOCUMENTOFIRMANTES,SECUENCIALPERSONASUPLENTE,int,NO,MUL,1,
FBS_CREDITO.DOCUMENTOFIRMANTES,CONCURRENCIA,timestamp(6),YES,,CURRENT_TIMESTAMP(6),DEFAULT_GENERATED on update CURRENT_TIMESTAMP(6)
FBS_CREDITO.DOCUMENTO_TIPOGARANTIA,SECUENCIALDOCUMENTO,int,NO,PRI,,
FBS_CREDITO.DOCUMENTO_TIPOGARANTIA,CODIGOTIPOGARANTIA,char(10),NO,MUL,,
FBS_CREDITO.DOCUMENTO_TIPOGARANTIA,CONCURRENCIA,timestamp(6),YES,,CURRENT_TIMESTAMP(6),DEFAULT_GENERATED on update CURRENT_TIMESTAMP(6)
FBS_CREDITO.DPFSOLICITUDTIPOGARANTIA,SECUENCIAL,int,NO,PRI,,auto_increment
FBS_CREDITO.DPFSOLICITUDTIPOGARANTIA,SECUENCIALSOLICTIPOGARANTIA,int,NO,MUL,,
FBS_CREDITO.DPFSOLICITUDTIPOGARANTIA,SECUENCIALDPF,int,NO,,,
FBS_CREDITO.DPFSOLICITUDTIPOGARANTIA,DETALLE,varchar(1000),NO,,,
FBS_CREDITO.DPFSOLICITUDTIPOGARANTIA,CODIGOUSUARIOINGRESO,varchar(25),NO,MUL,,
FBS_CREDITO.DPFSOLICITUDTIPOGARANTIA,FECHAINGRESO,datetime(3),NO,,,
FBS_CREDITO.DPFSOLICITUDTIPOGARANTIA,ESTAACTIVA,tinyint unsigned,NO,,,
FBS_CREDITO.DPFSOLICITUDTIPOGARANTIA,NUMEROVERIFICADOR,int,NO,,,
FBS_CREDITO.DPFSOLICITUDTIPOGARANTIA,CONCURRENCIA,timestamp(6),YES,,CURRENT_TIMESTAMP(6),DEFAULT_GENERATED on update CURRENT_TIMESTAMP(6)
FBS_CREDITO.DPFSOLITIPOGARITEMDOC,SECUENCIAL,int,NO,PRI,,auto_increment
FBS_CREDITO.DPFSOLITIPOGARITEMDOC,SECUENCIALSOLICTIPOGARANTIA,int,NO,MUL,,
FBS_CREDITO.DPFSOLITIPOGARITEMDOC,CODIGOITEMDOCUMENTO,varchar(10),NO,MUL,,
FBS_CREDITO.DPFSOLITIPOGARITEMDOC,URL,varchar(75),NO,,,
FBS_CREDITO.DPFSOLITIPOGARITEMDOC,ESTAACTIVO,tinyint unsigned,NO,,,
FBS_CREDITO.DPFSOLITIPOGARITEMDOC,NUMEROVERIFICADOR,int,NO,,,
FBS_CREDITO.DPFSOLITIPOGARITEMDOC,VERIFICADO,tinyint unsigned,NO,,,
FBS_CREDITO.DPFSOLITIPOGARITEMDOC,CODIGOBARRAS,varchar(50),NO,,,
FBS_CREDITO.DPFSOLITIPOGARITEMDOC,CODIGOCATEGORIADOC,varchar(50),NO,,,
FBS_CREDITO.DPFSOLITIPOGARITEMDOC,VERSIONAREPROCESO,tinyint unsigned,NO,,,
FBS_CREDITO.DPFSOLITIPOGARITEMDOC,BORRAR,tinyint unsigned,NO,,,
FBS_CREDITO.DPFSOLITIPOGARITEMDOC,NUEVO,tinyint unsigned,NO,,,
FBS_CREDITO.DPFSOLITIPOGARITEMDOC,CONCURRENCIA,timestamp(6),YES,,CURRENT_TIMESTAMP(6),DEFAULT_GENERATED on update CURRENT_TIMESTAMP(6)
FBS_CREDITO.EMPRESA_PARAMETROBUROCREDITO,SECUENCIALEMPRESA,int,NO,PRI,,
FBS_CREDITO.EMPRESA_PARAMETROBUROCREDITO,BURODECREDITO,varchar(250),NO,,,
FBS_CREDITO.EMPRESA_PARAMETROBUROCREDITO,NUMEROVERIFICADOR,int,NO,,,
FBS_CREDITO.EMPRESA_PARAMETROBUROCREDITO,CONCURRENCIA,timestamp(6),YES,,CURRENT_TIMESTAMP(6),DEFAULT_GENERATED on update CURRENT_TIMESTAMP(6)
FBS_CREDITO.EMPRESA_PARAMETROCOBERTURAGAR,SECUENCIALEMPRESA,int,NO,PRI,,
FBS_CREDITO.EMPRESA_PARAMETROCOBERTURAGAR,PORCENTAJEMINIMOCOBERTURA,"decimal(18,2)",NO,,,
FBS_CREDITO.EMPRESA_PARAMETROCOBERTURAGAR,NUMEROVERIFICADOR,int,NO,,,
FBS_CREDITO.EMPRESA_PARAMETROCOBERTURAGAR,CONCURRENCIA,timestamp(6),YES,,CURRENT_TIMESTAMP(6),DEFAULT_GENERATED on update CURRENT_TIMESTAMP(6)
FBS_CREDITO.EMPRESA_PARAMETROCREDITREPORT,SECUENCIALEMPRESA,int,NO,PRI,,
FBS_CREDITO.EMPRESA_PARAMETROCREDITREPORT,ESCOBROORDEN,tinyint unsigned,NO,,,
FBS_CREDITO.EMPRESA_PARAMETROCREDITREPORT,VALORORDEN,"decimal(18,2)",NO,,,
FBS_CREDITO.EMPRESA_PARAMETROCREDITREPORT,DIASVIGENCIA,int,NO,,,
FBS_CREDITO.EMPRESA_PARAMETROCREDITREPORT,SECUENCIALCAUSAL,int,NO,,,
FBS_CREDITO.EMPRESA_PARAMETROCREDITREPORT,NUMEROVERIFICADOR,int,NO,,,
FBS_CREDITO.EMPRESA_PARAMETROCREDITREPORT,CONCURRENCIA,timestamp(6),YES,,CURRENT_TIMESTAMP(6),DEFAULT_GENERATED on update CURRENT_TIMESTAMP(6)
FBS_CREDITO.EMPRESA_PARAMETROGENERACIONCRE,SECUENCIALEMPRESA,int,NO,PRI,,
FBS_CREDITO.EMPRESA_PARAMETROGENERACIONCRE,ULTIMONUMEROSOLICITUD,int,NO,,,
FBS_CREDITO.EMPRESA_PARAMETROGENERACIONCRE,NUMEROVERIFICADOR,int,NO,,,
FBS_CREDITO.EMPRESA_PARAMETROGENERACIONCRE,DIASMINIMOCUOTA,int,NO,,,
FBS_CREDITO.EMPRESA_PARAMETROGENERACIONCRE,VALIDASEGMENTOS,tinyint unsigned,NO,,,
FBS_CREDITO.EMPRESA_PARAMETROGENERACIONCRE,MONTOCONTROLVENTASMICRO,"decimal(18,2)",NO,,,
FBS_CREDITO.EMPRESA_PARAMETROGENERACIONCRE,VALIDANORMATIVARENOVACION,tinyint unsigned,NO,,,
FBS_CREDITO.EMPRESA_PARAMETROGENERACIONCRE,DIASMAXIMOPRIMERACUOTA,int,NO,,,
FBS_CREDITO.EMPRESA_PARAMETROGENERACIONCRE,VALIDAFERIADOS,tinyint unsigned,NO,,,
FBS_CREDITO.EMPRESA_PARAMETROGENERACIONCRE,MAXIMODIADEPAGO,int,NO,,,
FBS_CREDITO.EMPRESA_PARAMETROGENERACIONCRE,CONCURRENCIA,timestamp(6),YES,,CURRENT_TIMESTAMP(6),DEFAULT_GENERATED on update CURRENT_TIMESTAMP(6)
FBS_CREDITO.EMPRESA_PARAMETROIMPRESIONDOCS,SECUENCIALEMPRESA,int,NO,PRI,,
FBS_CREDITO.EMPRESA_PARAMETROIMPRESIONDOCS,VISTAIMPRIMEPAGAREPERSONANAT,varchar(100),NO,,,
FBS_CREDITO.EMPRESA_PARAMETROIMPRESIONDOCS,VISTAIMPRIMEPAGAREPERORG,varchar(100),NO,,,
FBS_CREDITO.EMPRESA_PARAMETROIMPRESIONDOCS,VISTAIMPRIMESOLICITUDPERNAT,varchar(100),NO,,,
FBS_CREDITO.EMPRESA_PARAMETROIMPRESIONDOCS,VISTAIMPRIMESOLICITUDPERSORG,varchar(100),NO,,,
FBS_CREDITO.EMPRESA_PARAMETROIMPRESIONDOCS,NUMEROVERIFICADOR,int,NO,,,
FBS_CREDITO.EMPRESA_PARAMETROIMPRESIONDOCS,VISTAIMPRIMEPAGAREPERNATDETALL,varchar(100),NO,,,
FBS_CREDITO.EMPRESA_PARAMETROIMPRESIONDOCS,VISTAIMPRIMEPAGAREPERORGDETALL,varchar(100),NO,,,
FBS_CREDITO.EMPRESA_PARAMETROIMPRESIONDOCS,CONCURRENCIA,timestamp(6),YES,,CURRENT_TIMESTAMP(6),DEFAULT_GENERATED on update CURRENT_TIMESTAMP(6)
FBS_CREDITO.EMPRESA_PARAMETROLIMITECREDITO,SECUENCIALEMPRESA,int,NO,PRI,,
FBS_CREDITO.EMPRESA_PARAMETROLIMITECREDITO,CODIGOCONTABLE,varchar(10),NO,,,
FBS_CREDITO.EMPRESA_PARAMETROLIMITECREDITO,PORCENTAJECLIENTE,"decimal(9,2)",NO,,,
FBS_CREDITO.EMPRESA_PARAMETROLIMITECREDITO,PORCENTAJECLIENTEEXCEDE,"decimal(9,2)",NO,,,
FBS_CREDITO.EMPRESA_PARAMETROLIMITECREDITO,PORCENTAJEVINCULADO,"decimal(9,2)",NO,,,
FBS_CREDITO.EMPRESA_PARAMETROLIMITECREDITO,PORCENTAJEVINCULADOGRUPO,"decimal(9,2)",NO,,,
FBS_CREDITO.EMPRESA_PARAMETROLIMITECREDITO,MAXIMOPORCENTAJEUNIDADFAMILIAR,"decimal(9,2)",NO,,,
FBS_CREDITO.EMPRESA_PARAMETROLIMITECREDITO,ESTAACTIVO,tinyint unsigned,NO,,,
FBS_CREDITO.EMPRESA_PARAMETROLIMITECREDITO,NUMEROVERIFICADOR,int,NO,,,
FBS_CREDITO.EMPRESA_PARAMETROLIMITECREDITO,CONCURRENCIA,timestamp(6),YES,,CURRENT_TIMESTAMP(6),DEFAULT_GENERATED on update CURRENT_TIMESTAMP(6)
FBS_CREDITO.EMPRESA_PARAMETROSOLICITUD,SECUENCIALEMPRESA,int,NO,PRI,,
FBS_CREDITO.EMPRESA_PARAMETROSOLICITUD,VARIASSOLICITUDESWORKFLOW,tinyint unsigned,NO,,,
FBS_CREDITO.EMPRESA_PARAMETROSOLICITUD,NUMEROVERIFICADOR,int,NO,,,
FBS_CREDITO.EMPRESA_PARAMETROSOLICITUD,CONCURRENCIA,timestamp(6),YES,,CURRENT_TIMESTAMP(6),DEFAULT_GENERATED on update CURRENT_TIMESTAMP(6)
FBS_CREDITO.EMPRESA_PARAMETROTASAINTERES,SECUENCIALEMPRESA,int,NO,PRI,,
FBS_CREDITO.EMPRESA_PARAMETROTASAINTERES,OBTIENETASAINTERESPORTIPOPREST,tinyint unsigned,NO,,,
FBS_CREDITO.EMPRESA_PARAMETROTASAINTERES,AJUSTATASAENBASEATEA,tinyint unsigned,NO,,,
FBS_CREDITO.EMPRESA_PARAMETROTASAINTERES,NUMEROVERIFICADOR,int,NO,,,
FBS_CREDITO.EMPRESA_PARAMETROTASAINTERES,TRABAJACONTEA,tinyint unsigned,NO,,,
FBS_CREDITO.EMPRESA_PARAMETROTASAINTERES,CONCURRENCIA,timestamp(6),YES,,CURRENT_TIMESTAMP(6),DEFAULT_GENERATED on update CURRENT_TIMESTAMP(6)
FBS_CREDITO.EMPRESA_PARAMETROVALIDACIONCRE,SECUENCIALEMPRESA,int,NO,PRI,,
FBS_CREDITO.EMPRESA_PARAMETROVALIDACIONCRE,NUMEROVERIFICADOR,int,NO,,,
FBS_CREDITO.EMPRESA_PARAMETROVALIDACIONCRE,NUMEROGARANTIASPORCLIENTE,int,NO,,,
FBS_CREDITO.EMPRESA_PARAMETROVALIDACIONCRE,ACEPTAGARANTIACRUZADA,tinyint unsigned,NO,,,
FBS_CREDITO.EMPRESA_PARAMETROVALIDACIONCRE,EDADMAXIMAGARANTE,int,NO,,,
FBS_CREDITO.EMPRESA_PARAMETROVALIDACIONCRE,OPERACIONESUNIDADFAMILIAR,int,NO,,,
FBS_CREDITO.EMPRESA_PARAMETROVALIDACIONCRE,VIGENCIAAUTORIZACIONNUMEROOPERACION,int,NO,,,
FBS_CREDITO.EMPRESA_PARAMETROVALIDACIONCRE,MONTOCNTRLENDEUMONOFICIAL,"decimal(18,2)",NO,,50000.00,
FBS_CREDITO.EMPRESA_PARAMETROVALIDACIONCRE,EDADMAXIMASEGURODESGRAVAMEN,int,NO,,,
FBS_CREDITO.EMPRESA_PARAMETROVALIDACIONCRE,PORCENTAJECAPACIDADPAGO,"decimal(18,2)",NO,,,
FBS_CREDITO.EMPRESA_PARAMETROVALIDACIONCRE,CONCURRENCIA,timestamp(6),YES,,CURRENT_TIMESTAMP(6),DEFAULT_GENERATED on update CURRENT_TIMESTAMP(6)
FBS_CREDITO.EMPRESA_PARAMETROVALIDACIONVINCULADOS,SECUENCIALEMPRESA,int,NO,PRI,,
FBS_CREDITO.EMPRESA_PARAMETROVALIDACIONVINCULADOS,TIEMPOMINIMOEMPLEADOFIJO,int,NO,,,
FBS_CREDITO.EMPRESA_PARAMETROVALIDACIONVINCULADOS,PORCIENTOMAXIMOSALARIOCONSIDERAR,"decimal(18,2)",NO,,,
FBS_CREDITO.EMPRESA_PARAMETROVALIDACIONVINCULADOS,PORCIENTOLIMITEINDIVIDUAL,"decimal(18,2)",NO,,,
FBS_CREDITO.EMPRESA_PARAMETROVALIDACIONVINCULADOS,CONCURRENCIA,timestamp(6),YES,,CURRENT_TIMESTAMP(6),DEFAULT_GENERATED on update CURRENT_TIMESTAMP(6)
FBS_CREDITO.EMP_PARAMCTASORDENGENERACION,SECUENCIALEMPRESA,int,NO,PRI,,
FBS_CREDITO.EMP_PARAMCTASORDENGENERACION,SECCUENTACBLEORDENDEUDORA,int,NO,MUL,,
FBS_CREDITO.EMP_PARAMCTASORDENGENERACION,SECCUENTACBLEORDENACREEDORA,int,NO,MUL,,
FBS_CREDITO.EMP_PARAMCTASORDENGENERACION,CONCURRENCIA,timestamp(6),YES,,CURRENT_TIMESTAMP(6),DEFAULT_GENERATED on update CURRENT_TIMESTAMP(6)
FBS_CREDITO.ESTADOCIVIL_PUNTAJEPARACALIF,CODIGOESTADOCIVIL,char(1),NO,PRI,,
FBS_CREDITO.ESTADOCIVIL_PUNTAJEPARACALIF,PUNTAJEPARACALIFSOLICSOBREDIEZ,"decimal(18,2)",NO,,,
FBS_CREDITO.ESTADOCIVIL_PUNTAJEPARACALIF,DESCRIPCION,varchar(50),NO,,,
FBS_CREDITO.ESTADOCIVIL_PUNTAJEPARACALIF,PUNTAJEPARACALIFICACIONPI,"decimal(18,2)",NO,,,
FBS_CREDITO.ESTADOCIVIL_PUNTAJEPARACALIF,CONCURRENCIA,timestamp(6),YES,,CURRENT_TIMESTAMP(6),DEFAULT_GENERATED on update CURRENT_TIMESTAMP(6)
FBS_CREDITO.ESTADOGARANTIAAVAL,CODIGO,char(2),NO,PRI,,
FBS_CREDITO.ESTADOGARANTIAAVAL,NOMBRE,varchar(50),NO,,,
FBS_CREDITO.ESTADOGARANTIAAVAL,ESTAACTIVO,tinyint unsigned,NO,,,
FBS_CREDITO.ESTADOGARANTIAAVAL,NUMEROVERIFICADOR,int,NO,,,
FBS_CREDITO.ESTADOGARANTIAAVAL,CONCURRENCIA,timestamp(6),YES,,CURRENT_TIMESTAMP(6),DEFAULT_GENERATED on update CURRENT_TIMESTAMP(6)
FBS_CREDITO.ESTADOGARANTIAHIPOTECARIA,CODIGO,char(2),NO,PRI,,
FBS_CREDITO.ESTADOGARANTIAHIPOTECARIA,NOMBRE,varchar(50),NO,,,
FBS_CREDITO.ESTADOGARANTIAHIPOTECARIA,ESTAACTIVO,tinyint unsigned,NO,,,
FBS_CREDITO.ESTADOGARANTIAHIPOTECARIA,NUMEROVERIFICADOR,int,NO,,,
FBS_CREDITO.ESTADOGARANTIAHIPOTECARIA,CONCURRENCIA,timestamp(6),YES,,CURRENT_TIMESTAMP(6),DEFAULT_GENERATED on update CURRENT_TIMESTAMP(6)
FBS_CREDITO.ESTADOSOLICITUD,CODIGO,char(2),NO,PRI,,
FBS_CREDITO.ESTADOSOLICITUD,NOMBRE,varchar(50),NO,,,
FBS_CREDITO.ESTADOSOLICITUD,SECUENCIALEMPRESA,int,NO,MUL,,
FBS_CREDITO.ESTADOSOLICITUD,ESTAACTIVO,tinyint unsigned,NO,,,
FBS_CREDITO.ESTADOSOLICITUD,NUMEROVERIFICADOR,int,NO,,,
FBS_CREDITO.ESTADOSOLICITUD,ESPARASECRETARIA,tinyint unsigned,NO,,,
FBS_CREDITO.ESTADOSOLICITUD,CONCURRENCIA,timestamp(6),YES,,CURRENT_TIMESTAMP(6),DEFAULT_GENERATED on update CURRENT_TIMESTAMP(6)
FBS_CREDITO.ESTADOSOLICITUDETAPA,SECUENCIAL,int,NO,PRI,,auto_increment
FBS_CREDITO.ESTADOSOLICITUDETAPA,SECUENCIALETAPA,int,NO,UNI,,
FBS_CREDITO.ESTADOSOLICITUDETAPA,CODIGOESTADOSOLICITUD,char(2),NO,UNI,,
FBS_CREDITO.ESTADOSOLICITUDETAPA,ESTAACTIVO,tinyint unsigned,NO,,,
FBS_CREDITO.ESTADOSOLICITUDETAPA,NUMEROVERIFICADOR,int,NO,,,
FBS_CREDITO.ESTADOSOLICITUDETAPA,CONCURRENCIA,timestamp(6),YES,,CURRENT_TIMESTAMP(6),DEFAULT_GENERATED on update CURRENT_TIMESTAMP(6)
FBS_CREDITO.EXCEPCIONCONTROLDATOSGARANTIA,SECUENCIAL,int,NO,PRI,,auto_increment
FBS_CREDITO.EXCEPCIONCONTROLDATOSGARANTIA,SECUENCIALCLIENTE,int,NO,MUL,,
FBS_CREDITO.EXCEPCIONCONTROLDATOSGARANTIA,CODIGOTIPOGARANTIA,char(10),NO,MUL,,
FBS_CREDITO.EXCEPCIONCONTROLDATOSGARANTIA,DETALLE,varchar(300),NO,,,
FBS_CREDITO.EXCEPCIONCONTROLDATOSGARANTIA,FECHACOMPROMISOENTREGA,datetime(3),NO,,,
FBS_CREDITO.EXCEPCIONCONTROLDATOSGARANTIA,CODIGOUSUARIO,varchar(25),NO,MUL,,
FBS_CREDITO.EXCEPCIONCONTROLDATOSGARANTIA,FECHASISTEMA,datetime(3),NO,,,
FBS_CREDITO.EXCEPCIONCONTROLDATOSGARANTIA,FECHAMAQUINA,datetime(3),NO,,,
FBS_CREDITO.EXCEPCIONCONTROLDATOSGARANTIA,CODIGOESTADOSOLICITUD,varchar(20),NO,,,
FBS_CREDITO.EXCEPCIONCONTROLDATOSGARANTIA,CONCURRENCIA,timestamp(6),YES,,CURRENT_TIMESTAMP(6),DEFAULT_GENERATED on update CURRENT_TIMESTAMP(6)
FBS_CREDITO.EXCEPCIONCONTROLDATOSGARANTIACAMBIOESTADO,SECUENCIAL,int,NO,PRI,,auto_increment
FBS_CREDITO.EXCEPCIONCONTROLDATOSGARANTIACAMBIOESTADO,SECUENCIALEXCEPCIONCONTROLDATOSGARANTIA,int,NO,MUL,,
FBS_CREDITO.EXCEPCIONCONTROLDATOSGARANTIACAMBIOESTADO,CODIGOUSUARIO,varchar(25),NO,MUL,,
FBS_CREDITO.EXCEPCIONCONTROLDATOSGARANTIACAMBIOESTADO,DETALLE,varchar(300),NO,,,
FBS_CREDITO.EXCEPCIONCONTROLDATOSGARANTIACAMBIOESTADO,FECHASISTEMA,datetime(3),NO,,,
FBS_CREDITO.EXCEPCIONCONTROLDATOSGARANTIACAMBIOESTADO,FECHAMAQUINA,datetime(3),NO,,,
FBS_CREDITO.EXCEPCIONCONTROLDATOSGARANTIACAMBIOESTADO,CODIGOCAMBIOESTADOSOLICITUD,varchar(20),NO,,,
FBS_CREDITO.EXCEPCIONCONTROLDATOSGARANTIACAMBIOESTADO,CONCURRENCIA,timestamp(6),YES,,CURRENT_TIMESTAMP(6),DEFAULT_GENERATED on update CURRENT_TIMESTAMP(6)
FBS_CREDITO.EXCEPCIONCONTROLDATOSGARANTIA_GARANTIAHIPOTECARIA,SECUENCIALEXCEPCIONCONTROLDATOSGARANTIA,int,NO,PRI,,
FBS_CREDITO.EXCEPCIONCONTROLDATOSGARANTIA_GARANTIAHIPOTECARIA,SECUENCIALGARANTIAHIPOTECARIA,int,NO,MUL,,
FBS_CREDITO.EXCEPCIONCONTROLDATOSGARANTIA_GARANTIAHIPOTECARIA,CONCURRENCIA,timestamp(6),YES,,CURRENT_TIMESTAMP(6),DEFAULT_GENERATED on update CURRENT_TIMESTAMP(6)
FBS_CREDITO.EXCEPCIONCONTROLDATOSGARANTIA_GARANTIAPRENDARIA,SECUENCIALEXCEPCIONCONTROLDATOSGARANTIA,int,NO,PRI,,
FBS_CREDITO.EXCEPCIONCONTROLDATOSGARANTIA_GARANTIAPRENDARIA,SECUENCIALGARANTIAPRENDARIA,int,NO,MUL,,
FBS_CREDITO.EXCEPCIONCONTROLDATOSGARANTIA_GARANTIAPRENDARIA,CONCURRENCIA,timestamp(6),YES,,CURRENT_TIMESTAMP(6),DEFAULT_GENERATED on update CURRENT_TIMESTAMP(6)
FBS_CREDITO.FACTORRIESGO,SECUENCIAL,int,NO,PRI,,auto_increment
FBS_CREDITO.FACTORRIESGO,SECUENCIALTIPOFACTOR,int,NO,MUL,,
FBS_CREDITO.FACTORRIESGO,NOMBRE,varchar(300),NO,,,
FBS_CREDITO.FACTORRIESGO,AGRUPADOR,varchar(300),NO,,,
FBS_CREDITO.FACTORRIESGO,ESTAACTIVO,tinyint unsigned,NO,,,
FBS_CREDITO.FACTORRIESGO,NUMEROVERIFICADOR,int,NO,,,
FBS_CREDITO.FACTORRIESGO,CONCURRENCIA,timestamp(6),YES,,CURRENT_TIMESTAMP(6),DEFAULT_GENERATED on update CURRENT_TIMESTAMP(6)
FBS_CREDITO.FRECUENCIAPAGO,CODIGO,char(10),NO,PRI,,
FBS_CREDITO.FRECUENCIAPAGO,NOMBRE,varchar(50),NO,,,
FBS_CREDITO.FRECUENCIAPAGO,NUMERODIAS,int,NO,,,
FBS_CREDITO.FRECUENCIAPAGO,SECUENCIALEMPRESA,int,NO,MUL,,
FBS_CREDITO.FRECUENCIAPAGO,ESTAACTIVA,tinyint unsigned,NO,,,
FBS_CREDITO.FRECUENCIAPAGO,NUMEROVERIFICADOR,int,NO,,,
FBS_CREDITO.FRECUENCIAPAGO,CONCURRENCIA,timestamp(6),YES,,CURRENT_TIMESTAMP(6),DEFAULT_GENERATED on update CURRENT_TIMESTAMP(6)
FBS_CREDITO.GARANTAVALSOLICTIPOGARANTIA,SECUENCIAL,int,NO,PRI,,auto_increment
FBS_CREDITO.GARANTAVALSOLICTIPOGARANTIA,SECUENCIALSOLICITUDTIPOGAR,int,NO,MUL,,
FBS_CREDITO.GARANTAVALSOLICTIPOGARANTIA,SECUENCIALGARANTIAAVAL,int,NO,MUL,,
FBS_CREDITO.GARANTAVALSOLICTIPOGARANTIA,VALORCOMISION,"decimal(9,2)",NO,,,
FBS_CREDITO.GARANTAVALSOLICTIPOGARANTIA,OBSERVACION,varchar(500),NO,,,
FBS_CREDITO.GARANTAVALSOLICTIPOGARANTIA,CODIGOUSUARIOINGRESO,varchar(25),NO,MUL,,
FBS_CREDITO.GARANTAVALSOLICTIPOGARANTIA,FECHAINGRESO,datetime(3),NO,,,
FBS_CREDITO.GARANTAVALSOLICTIPOGARANTIA,ESTAACTIVA,tinyint unsigned,NO,,,
FBS_CREDITO.GARANTAVALSOLICTIPOGARANTIA,NUMEROVERIFICADOR,int,NO,,,
FBS_CREDITO.GARANTAVALSOLICTIPOGARANTIA,CONCURRENCIA,timestamp(6),YES,,CURRENT_TIMESTAMP(6),DEFAULT_GENERATED on update CURRENT_TIMESTAMP(6)
FBS_CREDITO.GARANTIAAVAL,SECUENCIAL,int,NO,PRI,,auto_increment
FBS_CREDITO.GARANTIAAVAL,SECUENCIALEMPRESA,int,NO,MUL,,
FBS_CREDITO.GARANTIAAVAL,SECUENCIALCLIENTE,int,NO,MUL,,
FBS_CREDITO.GARANTIAAVAL,SECUENCIALOFICINA,int,NO,MUL,,
FBS_CREDITO.GARANTIAAVAL,CODIGOCONDICIONAVAL,char(2),NO,MUL,,
FBS_CREDITO.GARANTIAAVAL,CODIGOTIPOINSTITUCAVAL,char(3),NO,MUL,,
FBS_CREDITO.GARANTIAAVAL,CODIGOESTADOGARANTAVAL,char(2),NO,MUL,,
FBS_CREDITO.GARANTIAAVAL,CODIGOUSUARIOINGRESO,varchar(25),NO,MUL,,
FBS_CREDITO.GARANTIAAVAL,NUMEROCERTIFICADO,char(10),NO,,,
FBS_CREDITO.GARANTIAAVAL,DETALLEAVAL,varchar(250),NO,,,
FBS_CREDITO.GARANTIAAVAL,VALORAVAL,"decimal(9,2)",NO,,,
FBS_CREDITO.GARANTIAAVAL,ESTACONTABILIZADO,tinyint unsigned,NO,,,
FBS_CREDITO.GARANTIAAVAL,FECHAMAQUINAINGRESO,datetime(3),NO,,,
FBS_CREDITO.GARANTIAAVAL,FECHASISTEMAINGRESO,datetime(3),NO,,,
FBS_CREDITO.GARANTIAAVAL,NUMEROVERIFICADOR,int,NO,,,
FBS_CREDITO.GARANTIAAVAL,SECMIGRA,int,NO,,,
FBS_CREDITO.GARANTIAAVAL,CONCURRENCIA,timestamp(6),YES,,CURRENT_TIMESTAMP(6),DEFAULT_GENERATED on update CURRENT_TIMESTAMP(6)
FBS_CREDITO.GARANTIAHIPASEGURADORA,SECUENCIAL,int,NO,PRI,,auto_increment
FBS_CREDITO.GARANTIAHIPASEGURADORA,SECUENCIALGARANTIAHIPOTECARIA,int,NO,MUL,,
FBS_CREDITO.GARANTIAHIPASEGURADORA,ASEGURADORA,varchar(100),NO,,,
FBS_CREDITO.GARANTIAHIPASEGURADORA,FECHAINICIOSEGURO,datetime(3),NO,,,
FBS_CREDITO.GARANTIAHIPASEGURADORA,FECHAFINSEGURO,datetime(3),NO,,,
FBS_CREDITO.GARANTIAHIPASEGURADORA,DETALLE,varchar(1000),NO,,,
FBS_CREDITO.GARANTIAHIPASEGURADORA,ESTAACTIVA,tinyint unsigned,NO,,,
FBS_CREDITO.GARANTIAHIPASEGURADORA,NUMEROVERIFICADOR,int,NO,,,
FBS_CREDITO.GARANTIAHIPASEGURADORA,CONCURRENCIA,timestamp(6),YES,,CURRENT_TIMESTAMP(6),DEFAULT_GENERATED on update CURRENT_TIMESTAMP(6)
FBS_CREDITO.GARANTIAHIPOTECARIA,SECUENCIAL,int,NO,PRI,,auto_increment
FBS_CREDITO.GARANTIAHIPOTECARIA,SECUENCIALEMPRESA,int,NO,MUL,,
FBS_CREDITO.GARANTIAHIPOTECARIA,DESCRIPCION,varchar(2000),NO,,,
FBS_CREDITO.GARANTIAHIPOTECARIA,CODIGOTIPOLIQUIDEZHIPOTECA,char(1),NO,MUL,,
FBS_CREDITO.GARANTIAHIPOTECARIA,CODIGOUSUARIOINGRESO,varchar(25),NO,MUL,,
FBS_CREDITO.GARANTIAHIPOTECARIA,FECHAMAQUINAINGRESO,datetime(3),NO,,,
FBS_CREDITO.GARANTIAHIPOTECARIA,FECHASISTEMAINGRESO,datetime(3),NO,,,
FBS_CREDITO.GARANTIAHIPOTECARIA,CODIGOESTADOGARANTIAHIP,char(2),NO,MUL,,
FBS_CREDITO.GARANTIAHIPOTECARIA,NUMEROVERIFICADOR,int,NO,,,
FBS_CREDITO.GARANTIAHIPOTECARIA,SECUENCIALCLIENTE,int,NO,MUL,,
FBS_CREDITO.GARANTIAHIPOTECARIA,SECUENCIALDIVPOLGARANTIA,int,NO,MUL,,
FBS_CREDITO.GARANTIAHIPOTECARIA,CODIGOTIPOPLUSVALIA,varchar(4),NO,MUL,,
FBS_CREDITO.GARANTIAHIPOTECARIA,DIRECCION,varchar(1000),NO,,,
FBS_CREDITO.GARANTIAHIPOTECARIA,DOCUMENTOHIPOTECA,varchar(50),NO,,,
FBS_CREDITO.GARANTIAHIPOTECARIA,ESTACONTABILIZADO,tinyint unsigned,NO,,,
FBS_CREDITO.GARANTIAHIPOTECARIA,SECUENCIALOFICINA,int,NO,MUL,,
FBS_CREDITO.GARANTIAHIPOTECARIA,NUMEROPARTIDA,varchar(50),NO,,,
FBS_CREDITO.GARANTIAHIPOTECARIA,ESDERAPIDAREALIZACION,tinyint unsigned,NO,,0,
FBS_CREDITO.GARANTIAHIPOTECARIA,CODIGOCLASEGARANTIA,varchar(25),NO,MUL,,
FBS_CREDITO.GARANTIAHIPOTECARIA,TIENEBLOQUEOREGISTRAL,tinyint unsigned,NO,,,
FBS_CREDITO.GARANTIAHIPOTECARIA,FECHANICIOBLOQUEOREGISTRAL,datetime(3),NO,,,
FBS_CREDITO.GARANTIAHIPOTECARIA,FECHACONSITUCION,datetime(3),NO,,,
FBS_CREDITO.GARANTIAHIPOTECARIA,NUMEROPOLIZASEGURO,varchar(50),NO,,,
FBS_CREDITO.GARANTIAHIPOTECARIA,FECHAVENCIMIENTOSEGURO,datetime(3),NO,,,
FBS_CREDITO.GARANTIAHIPOTECARIA,FECHAULTIMATASACION,datetime(3),NO,,,
FBS_CREDITO.GARANTIAHIPOTECARIA,ESGARANTIACOPARTIDA,tinyint unsigned,NO,,,
FBS_CREDITO.GARANTIAHIPOTECARIA,RANGOPREFERENCIAL,varchar(50),NO,,,
FBS_CREDITO.GARANTIAHIPOTECARIA,DESIGNACIONCATASTRAL,varchar(150),NO,,,
FBS_CREDITO.GARANTIAHIPOTECARIA,MATRICULA,varchar(150),NO,,,
FBS_CREDITO.GARANTIAHIPOTECARIA,ACTOVENTAREGISTRADO,varchar(150),NO,,,
FBS_CREDITO.GARANTIAHIPOTECARIA,DECLARACIONJURADA,varchar(200),NO,,,
FBS_CREDITO.GARANTIAHIPOTECARIA,CARTACONSTANCIA,varchar(200),NO,,,
FBS_CREDITO.GARANTIAHIPOTECARIA,CODIGOTIPOGANTIAHIPOTECARIA,varchar(2),NO,MUL,,
FBS_CREDITO.GARANTIAHIPOTECARIA,SECMIGRA,int,YES,,,
FBS_CREDITO.GARANTIAHIPOTECARIA,CONCURRENCIA,timestamp(6),YES,,CURRENT_TIMESTAMP(6),DEFAULT_GENERATED on update CURRENT_TIMESTAMP(6)
FBS_CREDITO.GARANTIAHIPOTECARIABOOLEANA,SECUENCIAL,int,NO,PRI,,auto_increment
FBS_CREDITO.GARANTIAHIPOTECARIABOOLEANA,SECUENCIALGARANTIAHIPOTECARIA,int,NO,MUL,,
FBS_CREDITO.GARANTIAHIPOTECARIABOOLEANA,CODIGOCARACTERISTICA,varchar(10),NO,MUL,,
FBS_CREDITO.GARANTIAHIPOTECARIABOOLEANA,VALOR,tinyint unsigned,NO,,,
FBS_CREDITO.GARANTIAHIPOTECARIABOOLEANA,ESTAACTIVO,tinyint unsigned,NO,,,
FBS_CREDITO.GARANTIAHIPOTECARIABOOLEANA,NUMEROVERIFICADOR,int,NO,,,
FBS_CREDITO.GARANTIAHIPOTECARIABOOLEANA,CONCURRENCIA,timestamp(6),YES,,CURRENT_TIMESTAMP(6),DEFAULT_GENERATED on update CURRENT_TIMESTAMP(6)
FBS_CREDITO.GARANTIAHIPOTECARIACAMBIOEST,SECUENCIAL,int,NO,PRI,,auto_increment
FBS_CREDITO.GARANTIAHIPOTECARIACAMBIOEST,SECUENCIALGARANTIAHIPOTECARIA,int,NO,MUL,,
FBS_CREDITO.GARANTIAHIPOTECARIACAMBIOEST,CODIGOESTADOGARANTIAHIPANT,char(2),NO,MUL,,
FBS_CREDITO.GARANTIAHIPOTECARIACAMBIOEST,CODIGOUSUARIO,varchar(25),NO,MUL,,
FBS_CREDITO.GARANTIAHIPOTECARIACAMBIOEST,FECHASISTEMA,datetime(3),NO,,,
FBS_CREDITO.GARANTIAHIPOTECARIACAMBIOEST,FECHAMAQUINA,datetime(3),NO,,,
FBS_CREDITO.GARANTIAHIPOTECARIACAMBIOEST,DETALLE,varchar(1000),NO,,,
FBS_CREDITO.GARANTIAHIPOTECARIACAMBIOEST,CONCURRENCIA,timestamp(6),YES,,CURRENT_TIMESTAMP(6),DEFAULT_GENERATED on update CURRENT_TIMESTAMP(6)
FBS_CREDITO.GARANTIAHIPOTECARIAFECHA,SECUENCIAL,int,NO,PRI,,auto_increment
FBS_CREDITO.GARANTIAHIPOTECARIAFECHA,SECUENCIALGARANTIAHIPOTECARIA,int,NO,MUL,,
FBS_CREDITO.GARANTIAHIPOTECARIAFECHA,CODIGOCARACTERISTICA,varchar(10),NO,MUL,,
FBS_CREDITO.GARANTIAHIPOTECARIAFECHA,VALOR,datetime(3),NO,,,
FBS_CREDITO.GARANTIAHIPOTECARIAFECHA,ESTAACTIVO,tinyint unsigned,NO,,,
FBS_CREDITO.GARANTIAHIPOTECARIAFECHA,NUMEROVERIFICADOR,int,NO,,,
FBS_CREDITO.GARANTIAHIPOTECARIAFECHA,CONCURRENCIA,timestamp(6),YES,,CURRENT_TIMESTAMP(6),DEFAULT_GENERATED on update CURRENT_TIMESTAMP(6)
FBS_CREDITO.GARANTIAHIPOTECARIAHEREDEROS,SECUENCIAL,int,NO,PRI,,auto_increment
FBS_CREDITO.GARANTIAHIPOTECARIAHEREDEROS,SECUENCIALGARANTIAHIPOTECARIA,int,NO,MUL,,
FBS_CREDITO.GARANTIAHIPOTECARIAHEREDEROS,IDENTIFICACION,varchar(20),NO,,,
FBS_CREDITO.GARANTIAHIPOTECARIAHEREDEROS,NOMBRES,varchar(100),NO,,,
FBS_CREDITO.GARANTIAHIPOTECARIAHEREDEROS,DIRECCIONDOMICILIO,varchar(100),NO,,,
FBS_CREDITO.GARANTIAHIPOTECARIAHEREDEROS,TELEFONO,varchar(20),NO,,,
FBS_CREDITO.GARANTIAHIPOTECARIAHEREDEROS,ESTAACTIVO,tinyint unsigned,NO,,,
FBS_CREDITO.GARANTIAHIPOTECARIAHEREDEROS,NUMEROVERIFICADOR,int,NO,,,
FBS_CREDITO.GARANTIAHIPOTECARIAHEREDEROS,CONCURRENCIA,timestamp(6),YES,,CURRENT_TIMESTAMP(6),DEFAULT_GENERATED on update CURRENT_TIMESTAMP(6)
FBS_CREDITO.GARANTIAHIPOTECARIALISTA,SECUENCIAL,int,NO,PRI,,auto_increment
FBS_CREDITO.GARANTIAHIPOTECARIALISTA,SECUENCIALGARANTIAHIPOTECARIA,int,NO,MUL,,
FBS_CREDITO.GARANTIAHIPOTECARIALISTA,SECUENCIALCARACTERISTICALISTA,int,NO,MUL,,
FBS_CREDITO.GARANTIAHIPOTECARIALISTA,ESTAACTIVO,tinyint unsigned,NO,,,
FBS_CREDITO.GARANTIAHIPOTECARIALISTA,NUMEROVERIFICADOR,int,NO,,,
FBS_CREDITO.GARANTIAHIPOTECARIALISTA,CONCURRENCIA,timestamp(6),YES,,CURRENT_TIMESTAMP(6),DEFAULT_GENERATED on update CURRENT_TIMESTAMP(6)
FBS_CREDITO.GARANTIAHIPOTECARIANUMERICA,SECUENCIAL,int,NO,PRI,,auto_increment
FBS_CREDITO.GARANTIAHIPOTECARIANUMERICA,SECUENCIALGARANTIAHIPOTECARIA,int,NO,MUL,,
FBS_CREDITO.GARANTIAHIPOTECARIANUMERICA,CODIGOCARACTERISTICA,varchar(10),NO,MUL,,
FBS_CREDITO.GARANTIAHIPOTECARIANUMERICA,VALORENTERO,int,NO,,,
FBS_CREDITO.GARANTIAHIPOTECARIANUMERICA,VALORDECIMAL,int,NO,,,
FBS_CREDITO.GARANTIAHIPOTECARIANUMERICA,ESTAACTIVO,tinyint unsigned,NO,,,
FBS_CREDITO.GARANTIAHIPOTECARIANUMERICA,NUMEROVERIFICADOR,int,NO,,,
FBS_CREDITO.GARANTIAHIPOTECARIANUMERICA,CONCURRENCIA,timestamp(6),YES,,CURRENT_TIMESTAMP(6),DEFAULT_GENERATED on update CURRENT_TIMESTAMP(6)
FBS_CREDITO.GARANTIAHIPOTECARIATEXTO,SECUENCIAL,int,NO,PRI,,auto_increment
FBS_CREDITO.GARANTIAHIPOTECARIATEXTO,SECUENCIALGARANTIAHIPOTECARIA,int,NO,MUL,,
FBS_CREDITO.GARANTIAHIPOTECARIATEXTO,CODIGOCARACTERISTICA,varchar(10),NO,MUL,,
FBS_CREDITO.GARANTIAHIPOTECARIATEXTO,VALOR,varchar(500),NO,,,
FBS_CREDITO.GARANTIAHIPOTECARIATEXTO,ESTAACTIVO,tinyint unsigned,NO,,,
FBS_CREDITO.GARANTIAHIPOTECARIATEXTO,NUMEROVERIFICADOR,int,NO,,,
FBS_CREDITO.GARANTIAHIPOTECARIATEXTO,CONCURRENCIA,timestamp(6),YES,,CURRENT_TIMESTAMP(6),DEFAULT_GENERATED on update CURRENT_TIMESTAMP(6)
FBS_CREDITO.GARANTIAHIPOTECARIA_ENTREGA,SECUENCIALGARANTIAHIPOTECARIA,int,NO,PRI,,
FBS_CREDITO.GARANTIAHIPOTECARIA_ENTREGA,FECHASISTEMA,datetime(3),NO,,,
FBS_CREDITO.GARANTIAHIPOTECARIA_ENTREGA,FECHAMAQUINA,datetime(3),NO,,,
FBS_CREDITO.GARANTIAHIPOTECARIA_ENTREGA,NUMEROVERIFICADOR,int,NO,,,
FBS_CREDITO.GARANTIAHIPOTECARIA_ENTREGA,CONCURRENCIA,timestamp(6),YES,,CURRENT_TIMESTAMP(6),DEFAULT_GENERATED on update CURRENT_TIMESTAMP(6)
FBS_CREDITO.GARANTIAHIPOTECA_DOCCUSTODIA,SECUENCIALGARANTIAHIPOTECARIA,int,NO,PRI,,
FBS_CREDITO.GARANTIAHIPOTECA_DOCCUSTODIA,SECUENCIALDOCUMENTOCUSTODIA,int,NO,MUL,,
FBS_CREDITO.GARANTIAHIPOTECA_DOCCUSTODIA,CONCURRENCIA,timestamp(6),YES,,CURRENT_TIMESTAMP(6),DEFAULT_GENERATED on update CURRENT_TIMESTAMP(6)
FBS_CREDITO.GARANTIAHIPSOLICTIPOGARANTIA,SECUENCIAL,int,NO,PRI,,auto_increment
FBS_CREDITO.GARANTIAHIPSOLICTIPOGARANTIA,SECUENCIALSOLICITUDTIPOGAR,int,NO,MUL,,
FBS_CREDITO.GARANTIAHIPSOLICTIPOGARANTIA,SECUENCIALGARANTIAHIPOTECARIA,int,NO,MUL,,
FBS_CREDITO.GARANTIAHIPSOLICTIPOGARANTIA,DETALLE,varchar(500),NO,,,
FBS_CREDITO.GARANTIAHIPSOLICTIPOGARANTIA,CODIGOUSUARIOINGRESO,varchar(25),NO,MUL,,
FBS_CREDITO.GARANTIAHIPSOLICTIPOGARANTIA,FECHAINGRESO,datetime(3),NO,,,
FBS_CREDITO.GARANTIAHIPSOLICTIPOGARANTIA,ESTAACTIVA,tinyint unsigned,NO,,,
FBS_CREDITO.GARANTIAHIPSOLICTIPOGARANTIA,NUMEROVERIFICADOR,int,NO,,,
FBS_CREDITO.GARANTIAHIPSOLICTIPOGARANTIA,FECHAREGISTRO,datetime(3),NO,,,
FBS_CREDITO.GARANTIAHIPSOLICTIPOGARANTIA,NUMEROREGISTRO,varchar(50),NO,,,
FBS_CREDITO.GARANTIAHIPSOLICTIPOGARANTIA,NOMBRENOTARIO,varchar(1000),NO,,,
FBS_CREDITO.GARANTIAHIPSOLICTIPOGARANTIA,MATRICULANOTARIO,varchar(20),NO,,,
FBS_CREDITO.GARANTIAHIPSOLICTIPOGARANTIA,CONCURRENCIA,timestamp(6),YES,,CURRENT_TIMESTAMP(6),DEFAULT_GENERATED on update CURRENT_TIMESTAMP(6)
FBS_CREDITO.GARANTIAHIPTERCERAPERSONA,SECUENCIAL,int,NO,PRI,,auto_increment
FBS_CREDITO.GARANTIAHIPTERCERAPERSONA,SECUENCIALGARANTIAHIPOTECARIA,int,NO,MUL,,
FBS_CREDITO.GARANTIAHIPTERCERAPERSONA,APELLIDOS,varchar(100),NO,,,
FBS_CREDITO.GARANTIAHIPTERCERAPERSONA,NOMBRES,varchar(100),NO,,,
FBS_CREDITO.GARANTIAHIPTERCERAPERSONA,DIRECCION,varchar(500),NO,,,
FBS_CREDITO.GARANTIAHIPTERCERAPERSONA,DETALLE,varchar(1000),NO,,,
FBS_CREDITO.GARANTIAHIPTERCERAPERSONA,ESTAACTIVA,tinyint unsigned,NO,,,
FBS_CREDITO.GARANTIAHIPTERCERAPERSONA,NUMEROVERIFICADOR,int,NO,,,
FBS_CREDITO.GARANTIAHIPTERCERAPERSONA,CONCURRENCIA,timestamp(6),YES,,CURRENT_TIMESTAMP(6),DEFAULT_GENERATED on update CURRENT_TIMESTAMP(6)
FBS_CREDITO.GARANTIAPERSONAL,SECUENCIAL,int,NO,PRI,,auto_increment
FBS_CREDITO.GARANTIAPERSONAL,SECUENCIALSOLICITUDTIPOGAR,int,NO,MUL,,
FBS_CREDITO.GARANTIAPERSONAL,DETALLE,varchar(2000),NO,,,
FBS_CREDITO.GARANTIAPERSONAL,CODIGOUSUARIOINGRESO,varchar(25),NO,MUL,,
FBS_CREDITO.GARANTIAPERSONAL,FECHAINGRESO,datetime(3),NO,,,
FBS_CREDITO.GARANTIAPERSONAL,ESTAACTIVA,tinyint unsigned,NO,,,
FBS_CREDITO.GARANTIAPERSONAL,NUMEROVERIFICADOR,int,NO,,,
FBS_CREDITO.GARANTIAPERSONAL,ESCODEUDOR,tinyint unsigned,NO,,,
FBS_CREDITO.GARANTIAPERSONAL,HUELLAVERIFICADA,tinyint unsigned,NO,,0,
FBS_CREDITO.GARANTIAPERSONAL,SECUENCIALPERSONA,int,NO,MUL,,
FBS_CREDITO.GARANTIAPERSONAL,CONCURRENCIA,timestamp(6),YES,,CURRENT_TIMESTAMP(6),DEFAULT_GENERATED on update CURRENT_TIMESTAMP(6)
FBS_CREDITO.GARANTIAPERSONALITEMDOCUMENTO,SECUENCIAL,int,NO,PRI,,auto_increment
FBS_CREDITO.GARANTIAPERSONALITEMDOCUMENTO,SECUENCIALGARANTIAPERSONAL,int,NO,MUL,,
FBS_CREDITO.GARANTIAPERSONALITEMDOCUMENTO,CODIGOITEMDOCUMENTO,varchar(10),NO,MUL,,
FBS_CREDITO.GARANTIAPERSONALITEMDOCUMENTO,CODIGOCATEGORIADOC,varchar(10),NO,MUL,,
FBS_CREDITO.GARANTIAPERSONALITEMDOCUMENTO,CODIGOBARRAS,varchar(50),NO,,,
FBS_CREDITO.GARANTIAPERSONALITEMDOCUMENTO,URL,varchar(75),NO,,,
FBS_CREDITO.GARANTIAPERSONALITEMDOCUMENTO,VERIFICADO,tinyint unsigned,NO,,,
FBS_CREDITO.GARANTIAPERSONALITEMDOCUMENTO,ESREUTILIZABLE,tinyint unsigned,NO,,,
FBS_CREDITO.GARANTIAPERSONALITEMDOCUMENTO,VERSIONAREPROCESO,tinyint unsigned,NO,,,
FBS_CREDITO.GARANTIAPERSONALITEMDOCUMENTO,BORRAR,tinyint unsigned,NO,,,
FBS_CREDITO.GARANTIAPERSONALITEMDOCUMENTO,NUEVO,tinyint unsigned,NO,,,
FBS_CREDITO.GARANTIAPERSONALITEMDOCUMENTO,ESTAACTIVO,tinyint unsigned,NO,,,
FBS_CREDITO.GARANTIAPERSONALITEMDOCUMENTO,NUMEROVERIFICADOR,int,NO,,,
FBS_CREDITO.GARANTIAPERSONALITEMDOCUMENTO,CONCURRENCIA,timestamp(6),YES,,CURRENT_TIMESTAMP(6),DEFAULT_GENERATED on update CURRENT_TIMESTAMP(6)
FBS_CREDITO.GARANTIAPRENDARIA,SECUENCIAL,int,NO,PRI,,auto_increment
FBS_CREDITO.GARANTIAPRENDARIA,SECUENCIALEMPRESA,int,NO,MUL,,
FBS_CREDITO.GARANTIAPRENDARIA,CODIGOTIPOPRENDA,char(10),NO,MUL,,
FBS_CREDITO.GARANTIAPRENDARIA,DESCRIPCION,varchar(2000),NO,,,
FBS_CREDITO.GARANTIAPRENDARIA,NUMEROSERIEPRINCIPAL,varchar(100),NO,,,
FBS_CREDITO.GARANTIAPRENDARIA,NUMEROSERIESECUNDARIO,varchar(100),NO,,,
FBS_CREDITO.GARANTIAPRENDARIA,MARCA,varchar(100),NO,,,
FBS_CREDITO.GARANTIAPRENDARIA,MODELO,varchar(100),NO,,,
FBS_CREDITO.GARANTIAPRENDARIA,ANIOFABRICACION,int,NO,,,
FBS_CREDITO.GARANTIAPRENDARIA,CODIGOTIPOLIQUIDEZHIPOTECA,char(1),NO,MUL,,
FBS_CREDITO.GARANTIAPRENDARIA,CODIGOUSUARIOINGRESO,varchar(25),NO,MUL,,
FBS_CREDITO.GARANTIAPRENDARIA,FECHAMAQUINAINGRESO,datetime(3),NO,,,
FBS_CREDITO.GARANTIAPRENDARIA,FECHASISTEMAINGRESO,datetime(3),NO,,,
FBS_CREDITO.GARANTIAPRENDARIA,CODIGOESTADOGARANTIAHIP,char(2),NO,MUL,,
FBS_CREDITO.GARANTIAPRENDARIA,NUMEROVERIFICADOR,int,NO,,,
FBS_CREDITO.GARANTIAPRENDARIA,SECUENCIALCLIENTE,int,NO,MUL,,
FBS_CREDITO.GARANTIAPRENDARIA,CODIGOTIPOPLUSVALIA,varchar(4),NO,MUL,,
FBS_CREDITO.GARANTIAPRENDARIA,SECUENCIALDIVPOLGARANTIA,int,NO,MUL,,
FBS_CREDITO.GARANTIAPRENDARIA,DIRECCION,varchar(1000),NO,,,
FBS_CREDITO.GARANTIAPRENDARIA,DOCUMENTOPRENDA,varchar(50),NO,,,
FBS_CREDITO.GARANTIAPRENDARIA,ESTACONTABILIZADO,tinyint unsigned,NO,,,
FBS_CREDITO.GARANTIAPRENDARIA,SECUENCIALOFICINA,int,NO,MUL,,
FBS_CREDITO.GARANTIAPRENDARIA,ESDERAPIDAREALIZACION,tinyint unsigned,NO,,0,
FBS_CREDITO.GARANTIAPRENDARIA,SECMIGRA,int,YES,,,
FBS_CREDITO.GARANTIAPRENDARIA,CONCURRENCIA,timestamp(6),YES,,CURRENT_TIMESTAMP(6),DEFAULT_GENERATED on update CURRENT_TIMESTAMP(6)
FBS_CREDITO.GARANTIAPRENDARIABOOLEANA,SECUENCIAL,int,NO,PRI,,auto_increment
FBS_CREDITO.GARANTIAPRENDARIABOOLEANA,SECUENCIALGARANTIA,int,NO,MUL,,
FBS_CREDITO.GARANTIAPRENDARIABOOLEANA,CODIGOCARACTERISTICA,varchar(10),NO,MUL,,
FBS_CREDITO.GARANTIAPRENDARIABOOLEANA,VALOR,tinyint unsigned,NO,,,
FBS_CREDITO.GARANTIAPRENDARIABOOLEANA,ESTAACTIVO,tinyint unsigned,NO,,,
FBS_CREDITO.GARANTIAPRENDARIABOOLEANA,NUMEROVERIFICADOR,int,NO,,,
FBS_CREDITO.GARANTIAPRENDARIABOOLEANA,CONCURRENCIA,timestamp(6),YES,,CURRENT_TIMESTAMP(6),DEFAULT_GENERATED on update CURRENT_TIMESTAMP(6)
FBS_CREDITO.GARANTIAPRENDARIACAMBIOESTADO,SECUENCIAL,int,NO,PRI,,auto_increment
FBS_CREDITO.GARANTIAPRENDARIACAMBIOESTADO,SECUENCIALGARANTIAPRENDARIA,int,NO,MUL,,
FBS_CREDITO.GARANTIAPRENDARIACAMBIOESTADO,CODIGOESTADOGARANTIAHIPANT,char(2),NO,MUL,,
FBS_CREDITO.GARANTIAPRENDARIACAMBIOESTADO,CODIGOUSUARIO,varchar(25),NO,MUL,,
FBS_CREDITO.GARANTIAPRENDARIACAMBIOESTADO,FECHASISTEMA,datetime(3),NO,,,
FBS_CREDITO.GARANTIAPRENDARIACAMBIOESTADO,FECHAMAQUINA,datetime(3),NO,,,
FBS_CREDITO.GARANTIAPRENDARIACAMBIOESTADO,DETALLE,varchar(1000),NO,,,
FBS_CREDITO.GARANTIAPRENDARIACAMBIOESTADO,CONCURRENCIA,timestamp(6),YES,,CURRENT_TIMESTAMP(6),DEFAULT_GENERATED on update CURRENT_TIMESTAMP(6)
FBS_CREDITO.GARANTIAPRENDARIAFECHA,SECUENCIAL,int,NO,PRI,,auto_increment
FBS_CREDITO.GARANTIAPRENDARIAFECHA,SECUENCIALGARANTIA,int,NO,MUL,,
FBS_CREDITO.GARANTIAPRENDARIAFECHA,CODIGOCARACTERISTICA,varchar(10),NO,MUL,,
FBS_CREDITO.GARANTIAPRENDARIAFECHA,VALOR,datetime(3),NO,,,
FBS_CREDITO.GARANTIAPRENDARIAFECHA,ESTAACTIVO,tinyint unsigned,NO,,,
FBS_CREDITO.GARANTIAPRENDARIAFECHA,NUMEROVERIFICADOR,int,NO,,,
FBS_CREDITO.GARANTIAPRENDARIAFECHA,CONCURRENCIA,timestamp(6),YES,,CURRENT_TIMESTAMP(6),DEFAULT_GENERATED on update CURRENT_TIMESTAMP(6)
FBS_CREDITO.GARANTIAPRENDARIALISTA,SECUENCIAL,int,NO,PRI,,auto_increment
FBS_CREDITO.GARANTIAPRENDARIALISTA,SECUENCIALGARANTIA,int,NO,MUL,,
FBS_CREDITO.GARANTIAPRENDARIALISTA,SECUENCIALCARACTERISTICALISTA,int,NO,MUL,,
FBS_CREDITO.GARANTIAPRENDARIALISTA,ESTAACTIVO,tinyint unsigned,NO,,,
FBS_CREDITO.GARANTIAPRENDARIALISTA,NUMEROVERIFICADOR,int,NO,,,
FBS_CREDITO.GARANTIAPRENDARIALISTA,CONCURRENCIA,timestamp(6),YES,,CURRENT_TIMESTAMP(6),DEFAULT_GENERATED on update CURRENT_TIMESTAMP(6)
FBS_CREDITO.GARANTIAPRENDARIANUMERICA,SECUENCIAL,int,NO,PRI,,auto_increment
FBS_CREDITO.GARANTIAPRENDARIANUMERICA,SECUENCIALGARANTIA,int,NO,MUL,,
FBS_CREDITO.GARANTIAPRENDARIANUMERICA,CODIGOCARACTERISTICA,varchar(10),NO,MUL,,
FBS_CREDITO.GARANTIAPRENDARIANUMERICA,VALORENTERO,int,NO,,,
FBS_CREDITO.GARANTIAPRENDARIANUMERICA,VALORDECIMAL,int,NO,,,
FBS_CREDITO.GARANTIAPRENDARIANUMERICA,ESTAACTIVO,tinyint unsigned,NO,,,
FBS_CREDITO.GARANTIAPRENDARIANUMERICA,NUMEROVERIFICADOR,int,NO,,,
FBS_CREDITO.GARANTIAPRENDARIANUMERICA,CONCURRENCIA,timestamp(6),YES,,CURRENT_TIMESTAMP(6),DEFAULT_GENERATED on update CURRENT_TIMESTAMP(6)
FBS_CREDITO.GARANTIAPRENDARIATEXTO,SECUENCIAL,int,NO,PRI,,auto_increment
FBS_CREDITO.GARANTIAPRENDARIATEXTO,SECUENCIALGARANTIA,int,NO,MUL,,
FBS_CREDITO.GARANTIAPRENDARIATEXTO,CODIGOCARACTERISTICA,varchar(10),NO,MUL,,
FBS_CREDITO.GARANTIAPRENDARIATEXTO,VALOR,varchar(500),NO,,,
FBS_CREDITO.GARANTIAPRENDARIATEXTO,ESTAACTIVO,tinyint unsigned,NO,,,
FBS_CREDITO.GARANTIAPRENDARIATEXTO,NUMEROVERIFICADOR,int,NO,,,
FBS_CREDITO.GARANTIAPRENDARIATEXTO,CONCURRENCIA,timestamp(6),YES,,CURRENT_TIMESTAMP(6),DEFAULT_GENERATED on update CURRENT_TIMESTAMP(6)
FBS_CREDITO.GARANTIAPRENDARIA_DOCCUSTODIA,SECUENCIALGARANTIAPRENDARIA,int,NO,PRI,,
FBS_CREDITO.GARANTIAPRENDARIA_DOCCUSTODIA,SECUENCIALDOCUMENTOCUSTODIA,int,NO,MUL,,
FBS_CREDITO.GARANTIAPRENDARIA_DOCCUSTODIA,CONCURRENCIA,timestamp(6),YES,,CURRENT_TIMESTAMP(6),DEFAULT_GENERATED on update CURRENT_TIMESTAMP(6)
FBS_CREDITO.GARANTIAPRENDARIA_ENTREGA,SECUENCIALGARANTIAPRENDARIA,int,NO,PRI,,
FBS_CREDITO.GARANTIAPRENDARIA_ENTREGA,FECHASISTEMA,datetime,NO,,,
FBS_CREDITO.GARANTIAPRENDARIA_ENTREGA,FECHAMAQUINA,datetime(3),NO,,,
FBS_CREDITO.GARANTIAPRENDARIA_ENTREGA,NUMEROVERIFICADOR,int,NO,,,
FBS_CREDITO.GARANTIAPRENDARIA_ENTREGA,CONCURRENCIA,timestamp(6),YES,,CURRENT_TIMESTAMP(6),DEFAULT_GENERATED on update CURRENT_TIMESTAMP(6)
FBS_CREDITO.GARANTIAPRENDASEGURADORA,SECUENCIAL,int,NO,PRI,,auto_increment
FBS_CREDITO.GARANTIAPRENDASEGURADORA,SECUENCIALGARANTIAPRENDARIA,int,NO,MUL,,
FBS_CREDITO.GARANTIAPRENDASEGURADORA,ASEGURADORA,varchar(100),NO,,,
FBS_CREDITO.GARANTIAPRENDASEGURADORA,FECHAINICIOSEGURO,datetime(3),NO,,,
FBS_CREDITO.GARANTIAPRENDASEGURADORA,FECHAFINSEGURO,datetime(3),NO,,,
FBS_CREDITO.GARANTIAPRENDASEGURADORA,DETALLE,varchar(1000),NO,,,
FBS_CREDITO.GARANTIAPRENDASEGURADORA,ESTAACTIVA,tinyint unsigned,NO,,,
FBS_CREDITO.GARANTIAPRENDASEGURADORA,NUMEROVERIFICADOR,int,NO,,,
FBS_CREDITO.GARANTIAPRENDASEGURADORA,CONCURRENCIA,timestamp(6),YES,,CURRENT_TIMESTAMP(6),DEFAULT_GENERATED on update CURRENT_TIMESTAMP(6)
FBS_CREDITO.GARANTIAPRENDSOLICTIPOGARANTIA,SECUENCIAL,int,NO,PRI,,auto_increment
FBS_CREDITO.GARANTIAPRENDSOLICTIPOGARANTIA,SECUENCIALSOLICTIPOGARANTIA,int,NO,MUL,,
FBS_CREDITO.GARANTIAPRENDSOLICTIPOGARANTIA,SECUENCIALGARANTIAPRENDARIA,int,NO,MUL,,
FBS_CREDITO.GARANTIAPRENDSOLICTIPOGARANTIA,DETALLE,varchar(500),NO,,,
FBS_CREDITO.GARANTIAPRENDSOLICTIPOGARANTIA,CODIGOUSUARIOINGRESO,varchar(25),NO,MUL,,
FBS_CREDITO.GARANTIAPRENDSOLICTIPOGARANTIA,FECHAINGRESO,datetime(3),NO,,,
FBS_CREDITO.GARANTIAPRENDSOLICTIPOGARANTIA,ESTAACTIVA,tinyint unsigned,NO,,,
FBS_CREDITO.GARANTIAPRENDSOLICTIPOGARANTIA,NUMEROVERIFICADOR,int,NO,,,
FBS_CREDITO.GARANTIAPRENDSOLICTIPOGARANTIA,FECHAREGISTRO,datetime(3),NO,,,
FBS_CREDITO.GARANTIAPRENDSOLICTIPOGARANTIA,NUMEROREGISTRO,varchar(50),NO,,,
FBS_CREDITO.GARANTIAPRENDSOLICTIPOGARANTIA,NOMBRENOTARIO,varchar(1000),NO,,,
FBS_CREDITO.GARANTIAPRENDSOLICTIPOGARANTIA,CONCURRENCIA,timestamp(6),YES,,CURRENT_TIMESTAMP(6),DEFAULT_GENERATED on update CURRENT_TIMESTAMP(6)
FBS_CREDITO.GARANTIAPRENDTERCERAPERSONA,SECUENCIAL,int,NO,PRI,,auto_increment
FBS_CREDITO.GARANTIAPRENDTERCERAPERSONA,SECUENCIALGARANTIAPRENDARIA,int,NO,MUL,,
FBS_CREDITO.GARANTIAPRENDTERCERAPERSONA,APELLIDOS,varchar(100),NO,,,
FBS_CREDITO.GARANTIAPRENDTERCERAPERSONA,NOMBRES,varchar(100),NO,,,
FBS_CREDITO.GARANTIAPRENDTERCERAPERSONA,DIRECCION,varchar(500),NO,,,
FBS_CREDITO.GARANTIAPRENDTERCERAPERSONA,DETALLE,varchar(1000),NO,,,
FBS_CREDITO.GARANTIAPRENDTERCERAPERSONA,ESTAACTIVA,tinyint unsigned,NO,,,
FBS_CREDITO.GARANTIAPRENDTERCERAPERSONA,NUMEROVERIFICADOR,int,NO,,,
FBS_CREDITO.GARANTIAPRENDTERCERAPERSONA,CONCURRENCIA,timestamp(6),YES,,CURRENT_TIMESTAMP(6),DEFAULT_GENERATED on update CURRENT_TIMESTAMP(6)
FBS_CREDITO.GARHIPSOLICTIPOGARITEMDOC,SECUENCIAL,int,NO,PRI,,auto_increment
FBS_CREDITO.GARHIPSOLICTIPOGARITEMDOC,SECGARANTIAHIPSOLICTIPOGAR,int,NO,MUL,,
FBS_CREDITO.GARHIPSOLICTIPOGARITEMDOC,CODIGOITEMDOCUMENTO,varchar(10),NO,MUL,,
FBS_CREDITO.GARHIPSOLICTIPOGARITEMDOC,URL,varchar(75),NO,,,
FBS_CREDITO.GARHIPSOLICTIPOGARITEMDOC,ESTAACTIVO,tinyint unsigned,NO,,,
FBS_CREDITO.GARHIPSOLICTIPOGARITEMDOC,NUMEROVERIFICADOR,int,NO,,,
FBS_CREDITO.GARHIPSOLICTIPOGARITEMDOC,VERIFICADO,tinyint unsigned,NO,,,
FBS_CREDITO.GARHIPSOLICTIPOGARITEMDOC,CODIGOBARRAS,varchar(150),NO,,,
FBS_CREDITO.GARHIPSOLICTIPOGARITEMDOC,ESREUTILIZABLE,tinyint unsigned,NO,,,
FBS_CREDITO.GARHIPSOLICTIPOGARITEMDOC,CODIGOCATEGORIADOC,varchar(10),NO,MUL,,
FBS_CREDITO.GARHIPSOLICTIPOGARITEMDOC,VERSIONAREPROCESO,tinyint unsigned,NO,,,
FBS_CREDITO.GARHIPSOLICTIPOGARITEMDOC,BORRAR,tinyint unsigned,NO,,,
FBS_CREDITO.GARHIPSOLICTIPOGARITEMDOC,NUEVO,tinyint unsigned,NO,,,
FBS_CREDITO.GARHIPSOLICTIPOGARITEMDOC,CONCURRENCIA,timestamp(6),YES,,CURRENT_TIMESTAMP(6),DEFAULT_GENERATED on update CURRENT_TIMESTAMP(6)
FBS_CREDITO.GARPRENDSOLICTIPOGARITEMDOC,SECUENCIAL,int,NO,PRI,,auto_increment
FBS_CREDITO.GARPRENDSOLICTIPOGARITEMDOC,SECGARANTIAPRENDSOLICTIPOGAR,int,NO,MUL,,
FBS_CREDITO.GARPRENDSOLICTIPOGARITEMDOC,CODIGOITEMDOCUMENTO,varchar(10),NO,,,
FBS_CREDITO.GARPRENDSOLICTIPOGARITEMDOC,URL,varchar(75),NO,,,
FBS_CREDITO.GARPRENDSOLICTIPOGARITEMDOC,ESTAACTIVO,tinyint unsigned,NO,,,
FBS_CREDITO.GARPRENDSOLICTIPOGARITEMDOC,NUMEROVERIFICADOR,int,NO,,,
FBS_CREDITO.GARPRENDSOLICTIPOGARITEMDOC,VERIFICADO,tinyint unsigned,NO,,,
FBS_CREDITO.GARPRENDSOLICTIPOGARITEMDOC,CODIGOBARRAS,varchar(50),NO,,,
FBS_CREDITO.GARPRENDSOLICTIPOGARITEMDOC,ESREUTILIZABLE,tinyint unsigned,NO,,,
FBS_CREDITO.GARPRENDSOLICTIPOGARITEMDOC,CODIGOCATEGORIADOC,varchar(10),NO,MUL,,
FBS_CREDITO.GARPRENDSOLICTIPOGARITEMDOC,VERSIONAREPROCESO,tinyint unsigned,NO,,,
FBS_CREDITO.GARPRENDSOLICTIPOGARITEMDOC,BORRAR,tinyint unsigned,NO,,,
FBS_CREDITO.GARPRENDSOLICTIPOGARITEMDOC,NUEVO,tinyint unsigned,NO,,,
FBS_CREDITO.GARPRENDSOLICTIPOGARITEMDOC,CONCURRENCIA,timestamp(6),YES,,CURRENT_TIMESTAMP(6),DEFAULT_GENERATED on update CURRENT_TIMESTAMP(6)
FBS_CREDITO.GENERACIONVENCIMIENTOCUOTA,CODIGO,varchar(20),NO,PRI,,
FBS_CREDITO.GENERACIONVENCIMIENTOCUOTA,NOMBRE,varchar(50),NO,,,
FBS_CREDITO.GENERACIONVENCIMIENTOCUOTA,ESTAACTIVO,tinyint unsigned,NO,,,
FBS_CREDITO.GENERACIONVENCIMIENTOCUOTA,NUMEROVERIFICADOR,int,NO,,,
FBS_CREDITO.GENERACIONVENCIMIENTOCUOTA,CONCURRENCIA,timestamp(6),YES,,CURRENT_TIMESTAMP(6),DEFAULT_GENERATED on update CURRENT_TIMESTAMP(6)
FBS_CREDITO.GERENTEFIRMANTE,SECUENCIAL,int,NO,PRI,,auto_increment
FBS_CREDITO.GERENTEFIRMANTE,SECUENCIALDOCUMENTO,int,NO,MUL,,
FBS_CREDITO.GERENTEFIRMANTE,SECUENCIALOFICINA,int,NO,MUL,,
FBS_CREDITO.GERENTEFIRMANTE,MONTOINICIO,"decimal(18,2)",NO,,,
FBS_CREDITO.GERENTEFIRMANTE,MONTOFIN,"decimal(18,2)",NO,,,
FBS_CREDITO.GERENTEFIRMANTE,SECUENCIALPERSONA,int,NO,MUL,,
FBS_CREDITO.GERENTEFIRMANTE,ESTAACTIVO,tinyint unsigned,NO,,,
FBS_CREDITO.GERENTEFIRMANTE,CONCURRENCIA,timestamp(6),YES,,CURRENT_TIMESTAMP(6),DEFAULT_GENERATED on update CURRENT_TIMESTAMP(6)
FBS_CREDITO.GRUPOTRABAJORUTA,CODIGO,varchar(20),NO,PRI,,
FBS_CREDITO.GRUPOTRABAJORUTA,CODIGOGRUPOTRABAJOINICIAL,varchar(20),NO,MUL,,
FBS_CREDITO.GRUPOTRABAJORUTA,CODIGOGRUPOTRABAJOFINAL,varchar(20),NO,MUL,,
FBS_CREDITO.GRUPOTRABAJORUTA,CODIGOTIPOEXCEPCIONGRUPOTRABAJO,varchar(20),NO,MUL,,
FBS_CREDITO.GRUPOTRABAJORUTA,ESTAACTIVO,tinyint unsigned,NO,,,
FBS_CREDITO.GRUPOTRABAJORUTA,NUMEROVERIFICADOR,int,NO,,,
FBS_CREDITO.GRUPOTRABAJORUTA,CONCURRENCIA,timestamp(6),YES,,CURRENT_TIMESTAMP(6),DEFAULT_GENERATED on update CURRENT_TIMESTAMP(6)
FBS_CREDITO.INDICADOR,SECUENCIAL,int,NO,PRI,,
FBS_CREDITO.INDICADOR,NOMBRE,varchar(50),NO,,,
FBS_CREDITO.INDICADOR,ESTAACTIVO,tinyint unsigned,NO,,,
FBS_CREDITO.INDICADOR,NUMEROVERIFICADOR,int,NO,,,
FBS_CREDITO.INDICADOR,CONCURRENCIA,timestamp(6),YES,,CURRENT_TIMESTAMP(6),DEFAULT_GENERATED on update CURRENT_TIMESTAMP(6)
FBS_CREDITO.INDICADORRANGOCALIFICACION,SECUENCIAL,int,NO,PRI,,auto_increment
FBS_CREDITO.INDICADORRANGOCALIFICACION,SECUENCIALINDICADOR,int,NO,MUL,,
FBS_CREDITO.INDICADORRANGOCALIFICACION,CALIFICACIONDESDE,"decimal(18,2)",NO,,,
FBS_CREDITO.INDICADORRANGOCALIFICACION,CALIFICACIONHASTA,"decimal(18,2)",NO,,,
FBS_CREDITO.INDICADORRANGOCALIFICACION,NEMONICO,varchar(50),NO,,,
FBS_CREDITO.INDICADORRANGOCALIFICACION,COLOR,int,NO,,,
FBS_CREDITO.INDICADORRANGOCALIFICACION,FECHASISTEMA,datetime(3),NO,,,
FBS_CREDITO.INDICADORRANGOCALIFICACION,FECHAMAQUINA,datetime(3),NO,,,
FBS_CREDITO.INDICADORRANGOCALIFICACION,CODIGOUSUARIO,varchar(25),NO,MUL,,
FBS_CREDITO.INDICADORRANGOCALIFICACION,ESTAACTIVO,tinyint unsigned,NO,,,
FBS_CREDITO.INDICADORRANGOCALIFICACION,NUMEROVERIFICADOR,int,NO,,,
FBS_CREDITO.INDICADORRANGOCALIFICACION,CONCURRENCIA,timestamp(6),YES,,CURRENT_TIMESTAMP(6),DEFAULT_GENERATED on update CURRENT_TIMESTAMP(6)
FBS_CREDITO.ITEMCONSUMO,CODIGO,varchar(20),NO,PRI,,
FBS_CREDITO.ITEMCONSUMO,NOMBRE,varchar(100),NO,,,
FBS_CREDITO.ITEMCONSUMO,ESFALMILIAR,tinyint unsigned,NO,,,
FBS_CREDITO.ITEMCONSUMO,ESTAACTIVO,tinyint unsigned,NO,,,
FBS_CREDITO.ITEMCONSUMO,NUMEROVERIFICADOR,int,NO,,,
FBS_CREDITO.ITEMCONSUMO,CONCURRENCIA,timestamp(6),YES,,CURRENT_TIMESTAMP(6),DEFAULT_GENERATED on update CURRENT_TIMESTAMP(6)
FBS_CREDITO.ITEMCONTROLDOCUMENTO,SECUENCIAL,int,NO,PRI,,auto_increment
FBS_CREDITO.ITEMCONTROLDOCUMENTO,NOMBRE,varchar(250),NO,,,
FBS_CREDITO.ITEMCONTROLDOCUMENTO,CODIGOTIPOITEMCTRLDOC,varchar(10),NO,MUL,,
FBS_CREDITO.ITEMCONTROLDOCUMENTO,ORDEN,int,NO,,,
FBS_CREDITO.ITEMCONTROLDOCUMENTO,ESTAACTIVO,tinyint unsigned,NO,,,
FBS_CREDITO.ITEMCONTROLDOCUMENTO,ESREQUERIDO,tinyint unsigned,NO,,,
FBS_CREDITO.ITEMCONTROLDOCUMENTO,NUMEROVERIFICADOR,int,NO,,,
FBS_CREDITO.ITEMCONTROLDOCUMENTO,CONCURRENCIA,timestamp(6),YES,,CURRENT_TIMESTAMP(6),DEFAULT_GENERATED on update CURRENT_TIMESTAMP(6)
FBS_CREDITO.ITEMDOCUMENTOREUTILIZABLE,SECUENCIAL,int,NO,PRI,,auto_increment
FBS_CREDITO.ITEMDOCUMENTOREUTILIZABLE,NUMEROCLIENTE,int,NO,,,
FBS_CREDITO.ITEMDOCUMENTOREUTILIZABLE,SECUENCIALGARANTIAHIPOTECARIA,int,NO,,0,
FBS_CREDITO.ITEMDOCUMENTOREUTILIZABLE,SECUENCIALGARANTIAPRENDARIA,int,NO,,0,
FBS_CREDITO.ITEMDOCUMENTOREUTILIZABLE,CODIGOITEMDOCUMENTO,varchar(10),NO,MUL,,
FBS_CREDITO.ITEMDOCUMENTOREUTILIZABLE,CODIGOTIPOPRESTAMO,char(10),NO,MUL,,
FBS_CREDITO.ITEMDOCUMENTOREUTILIZABLE,CODIGOCATEGORIADOCUMENTO,varchar(10),NO,MUL,,
FBS_CREDITO.ITEMDOCUMENTOREUTILIZABLE,URL,varchar(75),NO,,,
FBS_CREDITO.ITEMDOCUMENTOREUTILIZABLE,ESTAACTIVO,tinyint unsigned,NO,,,
FBS_CREDITO.ITEMDOCUMENTOREUTILIZABLE,CONCURRENCIA,timestamp(6),YES,,CURRENT_TIMESTAMP(6),DEFAULT_GENERATED on update CURRENT_TIMESTAMP(6)
FBS_CREDITO.ITEMECONOMICO,CODIGO,varchar(10),NO,PRI,,
FBS_CREDITO.ITEMECONOMICO,NOMBRE,varchar(50),NO,,,
FBS_CREDITO.ITEMECONOMICO,ESEGRESO,tinyint unsigned,NO,,,
FBS_CREDITO.ITEMECONOMICO,ESPARAPERSONANATURAL,tinyint unsigned,NO,,,
FBS_CREDITO.ITEMECONOMICO,ESPARAPERSONAORGANIZACION,tinyint unsigned,NO,,,
FBS_CREDITO.ITEMECONOMICO,ESPARAPERSONAORGGRUPOSOCIAL,tinyint unsigned,NO,,,
FBS_CREDITO.ITEMECONOMICO,ESTAACTIVO,tinyint unsigned,NO,,,
FBS_CREDITO.ITEMECONOMICO,NUMEROVERIFICADOR,int,NO,,,
FBS_CREDITO.ITEMECONOMICO,ESFAMILIAR,tinyint unsigned,NO,,,
FBS_CREDITO.ITEMECONOMICO,REQUIEREDESCRIPCION,tinyint unsigned,NO,,,
FBS_CREDITO.ITEMECONOMICO,ESINGRESOSPERSONA,tinyint unsigned,NO,,,
FBS_CREDITO.ITEMECONOMICO,ESSUELDOPERSONA,tinyint unsigned,NO,,,
FBS_CREDITO.ITEMECONOMICO,ESPARAANALISISOBLIGACION,tinyint unsigned,NO,,,
FBS_CREDITO.ITEMECONOMICO,CONCURRENCIA,timestamp(6),YES,,CURRENT_TIMESTAMP(6),DEFAULT_GENERATED on update CURRENT_TIMESTAMP(6)
FBS_CREDITO.ITEMPATRIMONIAL,CODIGO,varchar(10),NO,PRI,,
FBS_CREDITO.ITEMPATRIMONIAL,NOMBRE,varchar(50),NO,,,
FBS_CREDITO.ITEMPATRIMONIAL,ESACTIVO,tinyint unsigned,NO,,,
FBS_CREDITO.ITEMPATRIMONIAL,ESPARAPERSONANATURAL,tinyint unsigned,NO,,,
FBS_CREDITO.ITEMPATRIMONIAL,ESPARAPERSONAORGANIZACION,tinyint unsigned,NO,,,
FBS_CREDITO.ITEMPATRIMONIAL,ESPARAPERSONAORGGRUPOSOCIAL,tinyint unsigned,NO,,,
FBS_CREDITO.ITEMPATRIMONIAL,ESTAACTIVO,tinyint unsigned,NO,,,
FBS_CREDITO.ITEMPATRIMONIAL,NUMEROVERIFICADOR,int,NO,,,
FBS_CREDITO.ITEMPATRIMONIAL,ESFAMILIAR,tinyint unsigned,NO,,,
FBS_CREDITO.ITEMPATRIMONIAL,ESCORRIENTE,tinyint unsigned,NO,,,
FBS_CREDITO.ITEMPATRIMONIAL,REQUIEREDESCRIPCION,tinyint unsigned,NO,,,
FBS_CREDITO.ITEMPATRIMONIAL,ESCORTOPLAZO,tinyint unsigned,NO,,,
FBS_CREDITO.ITEMPATRIMONIAL,ORDENVISUALIZACION,int,NO,,0,
FBS_CREDITO.ITEMPATRIMONIAL,ESMUEBLE,tinyint unsigned,NO,,,
FBS_CREDITO.ITEMPATRIMONIAL,ESINMUEBLE,tinyint unsigned,NO,,,
FBS_CREDITO.ITEMPATRIMONIAL,CONCURRENCIA,timestamp(6),YES,,CURRENT_TIMESTAMP(6),DEFAULT_GENERATED on update CURRENT_TIMESTAMP(6)
FBS_CREDITO.ITEMPI,SECUENCIAL,int,NO,PRI,,auto_increment
FBS_CREDITO.ITEMPI,NOMBRE,varchar(50),NO,,,
FBS_CREDITO.ITEMPI,CODIGOCALIFICACIONCONTABLE,varchar(10),NO,MUL,,
FBS_CREDITO.ITEMPI,ORDEN,int,NO,,,
FBS_CREDITO.ITEMPI,ESPARAPERSONANATURAL,tinyint unsigned,NO,,,
FBS_CREDITO.ITEMPI,ESPARAPERSONAORGANIZACION,tinyint unsigned,NO,,,
FBS_CREDITO.ITEMPI,ESPARAPERSONAORGGRUPOSOCIAL,tinyint unsigned,NO,,,
FBS_CREDITO.ITEMPI,VALORBETAPERSONANATURAL,"decimal(18,2)",NO,,,
FBS_CREDITO.ITEMPI,VALORBETAPERSONAORGANIZACION,"decimal(18,2)",NO,,,
FBS_CREDITO.ITEMPI,VALORBETAPERSONAORGGRUPOSOCIAL,"decimal(18,2)",NO,,,
FBS_CREDITO.ITEMPI,NOMBREMETODO,varchar(50),NO,,,
FBS_CREDITO.ITEMPI,ENBASEARANGO,tinyint unsigned,NO,,,
FBS_CREDITO.ITEMPI,ESTAACTIVO,tinyint unsigned,NO,,,
FBS_CREDITO.ITEMPI,NUMEROVERIFICADOR,int,NO,,,
FBS_CREDITO.ITEMPI,CONCURRENCIA,timestamp(6),YES,,CURRENT_TIMESTAMP(6),DEFAULT_GENERATED on update CURRENT_TIMESTAMP(6)
FBS_CREDITO.ITEMSCORING,SECUENCIAL,int,NO,PRI,,auto_increment
FBS_CREDITO.ITEMSCORING,NOMBRE,varchar(50),NO,,,
FBS_CREDITO.ITEMSCORING,CODIGOTIPOITEMSCORING,varchar(10),NO,MUL,,
FBS_CREDITO.ITEMSCORING,PORCENTAJEDECALIFICACIONTIPO,"decimal(18,2)",NO,,,
FBS_CREDITO.ITEMSCORING,ORDEN,int,NO,,,
FBS_CREDITO.ITEMSCORING,ESPARAPERSONANATURAL,tinyint unsigned,NO,,,
FBS_CREDITO.ITEMSCORING,ESPARAPERSONAORGANIZACION,tinyint unsigned,NO,,,
FBS_CREDITO.ITEMSCORING,ESPARAPERSONAORGGRUPOSOCIAL,tinyint unsigned,NO,,,
FBS_CREDITO.ITEMSCORING,ESMANUAL,tinyint unsigned,NO,,,
FBS_CREDITO.ITEMSCORING,ESTAACTIVO,tinyint unsigned,NO,,,
FBS_CREDITO.ITEMSCORING,NUMEROVERIFICADOR,int,NO,,,
FBS_CREDITO.ITEMSCORING,CONCURRENCIA,timestamp(6),YES,,CURRENT_TIMESTAMP(6),DEFAULT_GENERATED on update CURRENT_TIMESTAMP(6)
FBS_CREDITO.ITEMSCORINGFACTORRIESGO,SECUENCIAL,int,NO,PRI,,auto_increment
FBS_CREDITO.ITEMSCORINGFACTORRIESGO,SECUENCIALITEMSCORING,int,NO,MUL,,
FBS_CREDITO.ITEMSCORINGFACTORRIESGO,SECUENCIALFACTORRIESGO,int,NO,MUL,,
FBS_CREDITO.ITEMSCORINGFACTORRIESGO,CALIFICACION,"decimal(18,2)",NO,,,
FBS_CREDITO.ITEMSCORINGFACTORRIESGO,ESTAACTIVO,tinyint unsigned,NO,,,
FBS_CREDITO.ITEMSCORINGFACTORRIESGO,NUMEROVERIFICADOR,int,NO,,,
FBS_CREDITO.ITEMSCORINGFACTORRIESGO,CONCURRENCIA,timestamp(6),YES,,CURRENT_TIMESTAMP(6),DEFAULT_GENERATED on update CURRENT_TIMESTAMP(6)
FBS_CREDITO.ITEMSCORING_METODO,SECUENCIALITEMSCORING,int,NO,PRI,,
FBS_CREDITO.ITEMSCORING_METODO,NOMBREMETODO,varchar(50),NO,,,
FBS_CREDITO.ITEMSCORING_METODO,ENBASEARANGO,tinyint unsigned,NO,,,
FBS_CREDITO.ITEMSCORING_METODO,CONCURRENCIA,timestamp(6),YES,,CURRENT_TIMESTAMP(6),DEFAULT_GENERATED on update CURRENT_TIMESTAMP(6)
FBS_CREDITO.ITEMVERIFICACION,SECUENCIAL,int,NO,PRI,,auto_increment
FBS_CREDITO.ITEMVERIFICACION,NOMBRE,varchar(250),NO,,,
FBS_CREDITO.ITEMVERIFICACION,CODIGOTIPOITEMVERIFICACION,varchar(10),NO,MUL,,
FBS_CREDITO.ITEMVERIFICACION,ORDEN,int,NO,,,
FBS_CREDITO.ITEMVERIFICACION,ESTAACTIVO,tinyint unsigned,NO,,,
FBS_CREDITO.ITEMVERIFICACION,NUMEROVERIFICADOR,int,NO,,,
FBS_CREDITO.ITEMVERIFICACION,CONCURRENCIA,timestamp(6),YES,,CURRENT_TIMESTAMP(6),DEFAULT_GENERATED on update CURRENT_TIMESTAMP(6)
FBS_CREDITO.MECANISMOINSTRUMENTACIONCRE,CODIGO,varchar(10),NO,PRI,,
FBS_CREDITO.MECANISMOINSTRUMENTACIONCRE,DESCRIPCION,varchar(200),NO,,,
FBS_CREDITO.MECANISMOINSTRUMENTACIONCRE,SIGLAS,varchar(3),NO,,,
FBS_CREDITO.MECANISMOINSTRUMENTACIONCRE,ESTAACTIVO,tinyint unsigned,NO,,,
FBS_CREDITO.MECANISMOINSTRUMENTACIONCRE,NUMEROVERIFICADOR,int,NO,,,
FBS_CREDITO.MECANISMOINSTRUMENTACIONCRE,CONCURRENCIA,timestamp(6),YES,,CURRENT_TIMESTAMP(6),DEFAULT_GENERATED on update CURRENT_TIMESTAMP(6)
FBS_CREDITO.MITIGACIONRIESGOS,CODIGO,char(2),NO,PRI,,
FBS_CREDITO.MITIGACIONRIESGOS,NOMBRE,char(50),NO,,,
FBS_CREDITO.MITIGACIONRIESGOS,ESTAACTIVO,tinyint unsigned,NO,,,
FBS_CREDITO.MITIGACIONRIESGOS,NUMEROVERIFICADOR,int,NO,,,
FBS_CREDITO.MITIGACIONRIESGOS,CONCURRENCIA,timestamp(6),YES,,CURRENT_TIMESTAMP(6),DEFAULT_GENERATED on update CURRENT_TIMESTAMP(6)
FBS_CREDITO.MOTIVOFINANCIAMIENTOTASA,CODIGO,varchar(20),NO,PRI,,
FBS_CREDITO.MOTIVOFINANCIAMIENTOTASA,MOTIVO,varchar(100),NO,,,
FBS_CREDITO.MOTIVOFINANCIAMIENTOTASA,TASA,"decimal(18,2)",NO,,,
FBS_CREDITO.MOTIVOFINANCIAMIENTOTASA,ESTAACTIVO,tinyint unsigned,NO,,,
FBS_CREDITO.MOTIVOFINANCIAMIENTOTASA,NUMEROVERIFICADOR,int,NO,,,
FBS_CREDITO.MOTIVOFINANCIAMIENTOTASA,CONCURRENCIA,timestamp(6),YES,,CURRENT_TIMESTAMP(6),DEFAULT_GENERATED on update CURRENT_TIMESTAMP(6)
FBS_CREDITO.MOTIVONEGACION,SECUENCIAL,int,NO,PRI,,auto_increment
FBS_CREDITO.MOTIVONEGACION,SECUENCIALEMPRESA,int,NO,MUL,,
FBS_CREDITO.MOTIVONEGACION,NOMBRE,varchar(100),NO,,,
FBS_CREDITO.MOTIVONEGACION,ESTAACTIVO,tinyint unsigned,NO,,,
FBS_CREDITO.MOTIVONEGACION,NUMEROVERIFICADOR,int,NO,,,
FBS_CREDITO.MOTIVONEGACION,CONCURRENCIA,timestamp(6),YES,,CURRENT_TIMESTAMP(6),DEFAULT_GENERATED on update CURRENT_TIMESTAMP(6)
FBS_CREDITO.NIVELRIESGO,CODIGO,char(2),NO,PRI,,
FBS_CREDITO.NIVELRIESGO,NOMBRE,char(50),NO,,,
FBS_CREDITO.NIVELRIESGO,ESTAACTIVO,tinyint unsigned,NO,,,
FBS_CREDITO.NIVELRIESGO,NUMEROVERIFICADOR,int,NO,,,
FBS_CREDITO.NIVELRIESGO,CONCURRENCIA,timestamp(6),YES,,CURRENT_TIMESTAMP(6),DEFAULT_GENERATED on update CURRENT_TIMESTAMP(6)
FBS_CREDITO.NOTARIO,SECUENCIAL,int,NO,PRI,,auto_increment
FBS_CREDITO.NOTARIO,CODIGOPAISORIGEN,varchar(10),NO,MUL,,
FBS_CREDITO.NOTARIO,CODIGOESTADOCIVIL,char(1),NO,MUL,,
FBS_CREDITO.NOTARIO,CODIGOPROFESION,char(4),NO,MUL,,
FBS_CREDITO.NOTARIO,SECDIVPOLITICARESIDENCIA,int,NO,MUL,,
FBS_CREDITO.NOTARIO,DIRECCIONRESIDENCIA,varchar(200),NO,,,
FBS_CREDITO.NOTARIO,IDENTIFICACION,varchar(20),NO,,,
FBS_CREDITO.NOTARIO,NOMBRE,varchar(200),NO,,,
FBS_CREDITO.NOTARIO,CARGO,varchar(100),NO,,,
FBS_CREDITO.NOTARIO,NUMEROMATRICULA,varchar(20),NO,,,
FBS_CREDITO.NOTARIO,SECDIVPOLITICAESTUDIO,int,NO,MUL,,
FBS_CREDITO.NOTARIO,DIRECCIONESTUDIO,varchar(200),NO,,,
FBS_CREDITO.NOTARIO,ESTAACTIVO,tinyint unsigned,NO,,,
FBS_CREDITO.NOTARIO,NUMEROVERIFICADOR,int,NO,,,
FBS_CREDITO.NOTARIO,CONCURRENCIA,timestamp(6),YES,,CURRENT_TIMESTAMP(6),DEFAULT_GENERATED on update CURRENT_TIMESTAMP(6)
FBS_CREDITO.NOTARIOOFICINA,SECUENCIAL,int,NO,PRI,,auto_increment
FBS_CREDITO.NOTARIOOFICINA,SECUENCIALNOTARIO,int,NO,MUL,,
FBS_CREDITO.NOTARIOOFICINA,SECUENCIALOFICINA,int,NO,MUL,,
FBS_CREDITO.NOTARIOOFICINA,ESTAACTIVO,tinyint unsigned,NO,,,
FBS_CREDITO.NOTARIOOFICINA,NUMEROVERIFICADOR,int,NO,,,
FBS_CREDITO.NOTARIOOFICINA,CONCURRENCIA,timestamp(6),YES,,CURRENT_TIMESTAMP(6),DEFAULT_GENERATED on update CURRENT_TIMESTAMP(6)
FBS_CREDITO.ORIGENINGRESOS,CODIGO,varchar(2),NO,PRI,,
FBS_CREDITO.ORIGENINGRESOS,NOMBRE,varchar(250),NO,,,
FBS_CREDITO.ORIGENINGRESOS,ESTAACTIVO,tinyint unsigned,NO,,,
FBS_CREDITO.ORIGENINGRESOS,NUMEROVERIFICADOR,int,NO,,,
FBS_CREDITO.ORIGENINGRESOS,CODIGOSBS,varchar(1),NO,,,
FBS_CREDITO.ORIGENINGRESOS,ESDEPENDIENTE,tinyint unsigned,NO,,,
FBS_CREDITO.ORIGENINGRESOS,CONCURRENCIA,timestamp(6),YES,,CURRENT_TIMESTAMP(6),DEFAULT_GENERATED on update CURRENT_TIMESTAMP(6)
FBS_CREDITO.ORIGENRECURSO,CODIGO,char(10),NO,PRI,,
FBS_CREDITO.ORIGENRECURSO,NOMBRE,varchar(50),NO,,,
FBS_CREDITO.ORIGENRECURSO,ESTAACTIVO,tinyint unsigned,NO,,,
FBS_CREDITO.ORIGENRECURSO,NUMEROVERIFICADOR,int,NO,,,
FBS_CREDITO.ORIGENRECURSO,SOLICITACODIGOOBLIGACION,tinyint unsigned,NO,,,
FBS_CREDITO.ORIGENRECURSO,CONCURRENCIA,timestamp(6),YES,,CURRENT_TIMESTAMP(6),DEFAULT_GENERATED on update CURRENT_TIMESTAMP(6)
FBS_CREDITO.PARAMETROOFICINAGENERACIONACTA,SECUENCIAL,int,NO,PRI,,auto_increment
FBS_CREDITO.PARAMETROOFICINAGENERACIONACTA,CODIGOTIPOCOMITE,char(2),NO,MUL,,
FBS_CREDITO.PARAMETROOFICINAGENERACIONACTA,SECUENCIALOFICINA,int,NO,MUL,,
FBS_CREDITO.PARAMETROOFICINAGENERACIONACTA,NUMEROACTA,int,NO,,,
FBS_CREDITO.PARAMETROOFICINAGENERACIONACTA,NOMBREPRESIDENTE,varchar(150),NO,,,
FBS_CREDITO.PARAMETROOFICINAGENERACIONACTA,NOMBREVOCAL,varchar(150),NO,,,
FBS_CREDITO.PARAMETROOFICINAGENERACIONACTA,NOMBRESECRETARIA,varchar(150),NO,,,
FBS_CREDITO.PARAMETROOFICINAGENERACIONACTA,ESTAIMPRESA,tinyint unsigned,NO,,,
FBS_CREDITO.PARAMETROOFICINAGENERACIONACTA,NOMBREVOCALUNO,varchar(150),NO,,,
FBS_CREDITO.PARAMETROOFICINAGENERACIONACTA,NOMBREVOCALDOS,varchar(150),NO,,,
FBS_CREDITO.PARAMETROOFICINAGENERACIONACTA,CONCURRENCIA,timestamp(6),YES,,CURRENT_TIMESTAMP(6),DEFAULT_GENERATED on update CURRENT_TIMESTAMP(6)
FBS_CREDITO.PERITO,CODIGO,varchar(15),NO,PRI,,
FBS_CREDITO.PERITO,SECUENCIALPERSONA,int,NO,MUL,,
FBS_CREDITO.PERITO,ESTAACTIVO,tinyint unsigned,NO,,,
FBS_CREDITO.PERITO,NUMEROVERIFICADOR,int,NO,,,
FBS_CREDITO.PERITO,CONCURRENCIA,timestamp(6),YES,,CURRENT_TIMESTAMP(6),DEFAULT_GENERATED on update CURRENT_TIMESTAMP(6)
FBS_CREDITO.PERSONAITEMECONOMICO,SECUENCIAL,int,NO,PRI,,auto_increment
FBS_CREDITO.PERSONAITEMECONOMICO,SECUENCIALPERSONA,int,NO,MUL,,
FBS_CREDITO.PERSONAITEMECONOMICO,CODIGOITEMECONOMICO,varchar(10),NO,MUL,,
FBS_CREDITO.PERSONAITEMECONOMICO,MONTO,"decimal(18,2)",NO,,,
FBS_CREDITO.PERSONAITEMECONOMICO,ESTAACTIVO,tinyint unsigned,NO,,,
FBS_CREDITO.PERSONAITEMECONOMICO,NUMEROVERIFICADOR,int,NO,,,
FBS_CREDITO.PERSONAITEMECONOMICO,DESCRIPCION,varchar(600),NO,,,
FBS_CREDITO.PERSONAITEMECONOMICO,CONCURRENCIA,timestamp(6),YES,,CURRENT_TIMESTAMP(6),DEFAULT_GENERATED on update CURRENT_TIMESTAMP(6)
FBS_CREDITO.PERSONAITEMPATRIMONIAL,SECUENCIAL,int,NO,PRI,,auto_increment
FBS_CREDITO.PERSONAITEMPATRIMONIAL,SECUENCIALPERSONA,int,NO,MUL,,
FBS_CREDITO.PERSONAITEMPATRIMONIAL,CODIGOITEMPATRIMONIAL,varchar(10),NO,MUL,,
FBS_CREDITO.PERSONAITEMPATRIMONIAL,DESCRIPCION,varchar(300),NO,,,
FBS_CREDITO.PERSONAITEMPATRIMONIAL,MONTO,"decimal(18,2)",NO,,,
FBS_CREDITO.PERSONAITEMPATRIMONIAL,ESTAACTIVO,tinyint unsigned,NO,,,
FBS_CREDITO.PERSONAITEMPATRIMONIAL,NUMEROVERIFICADOR,int,NO,,,
FBS_CREDITO.PERSONAITEMPATRIMONIAL,CONCURRENCIA,timestamp(6),YES,,CURRENT_TIMESTAMP(6),DEFAULT_GENERATED on update CURRENT_TIMESTAMP(6)
FBS_CREDITO.PERSONAREFIEREPRODUCTOCREDITO,SECUENCIAL,int,NO,PRI,,auto_increment
FBS_CREDITO.PERSONAREFIEREPRODUCTOCREDITO,SECUENCIALPERSONA,int,NO,MUL,,
FBS_CREDITO.PERSONAREFIEREPRODUCTOCREDITO,CODIGOPRODUCTO,char(20),NO,MUL,,
FBS_CREDITO.PERSONAREFIEREPRODUCTOCREDITO,NOMBREPERSONAREFIERE,varchar(200),NO,,,
FBS_CREDITO.PERSONAREFIEREPRODUCTOCREDITO,FECHASISTEMA,datetime(3),NO,,,
FBS_CREDITO.PERSONAREFIEREPRODUCTOCREDITO,FECHAMAQUINA,datetime(3),NO,,,
FBS_CREDITO.PERSONAREFIEREPRODUCTOCREDITO,NUMEROVERIFICADOR,int,NO,,,
FBS_CREDITO.PERSONAREFIEREPRODUCTOCREDITO,CONCURRENCIA,timestamp(6),YES,,CURRENT_TIMESTAMP(6),DEFAULT_GENERATED on update CURRENT_TIMESTAMP(6)
FBS_CREDITO.PERSONAREFIEREPRODUCTOEMPCREDITO,SECUENCIAL,int,NO,PRI,,auto_increment
FBS_CREDITO.PERSONAREFIEREPRODUCTOEMPCREDITO,SECUENCIALPERSONA,int,NO,MUL,,
FBS_CREDITO.PERSONAREFIEREPRODUCTOEMPCREDITO,CODIGOPRODUCTO,char(20),NO,MUL,,
FBS_CREDITO.PERSONAREFIEREPRODUCTOEMPCREDITO,CODIGOUSUARIOREFIERE,varchar(25),NO,MUL,,
FBS_CREDITO.PERSONAREFIEREPRODUCTOEMPCREDITO,FECHASISTEMA,datetime(3),NO,,,
FBS_CREDITO.PERSONAREFIEREPRODUCTOEMPCREDITO,FECHAMAQUINA,datetime(3),NO,,,
FBS_CREDITO.PERSONAREFIEREPRODUCTOEMPCREDITO,NUMEROVERIFICADOR,int,NO,,,
FBS_CREDITO.PERSONAREFIEREPRODUCTOEMPCREDITO,CONCURRENCIA,timestamp(6),YES,,CURRENT_TIMESTAMP(6),DEFAULT_GENERATED on update CURRENT_TIMESTAMP(6)
FBS_CREDITO.PLANTILLASCORING,CODIGO,varchar(20),NO,PRI,,
FBS_CREDITO.PLANTILLASCORING,NOMBRE,varchar(50),NO,,,
FBS_CREDITO.PLANTILLASCORING,ESTAACTIVA,tinyint unsigned,NO,,,
FBS_CREDITO.PLANTILLASCORING,NUMEROVERIFICADOR,int,NO,,,
FBS_CREDITO.PLANTILLASCORING,ESPARARIESGOS,tinyint unsigned,NO,,,
FBS_CREDITO.PLANTILLASCORING,CONCURRENCIA,timestamp(6),YES,,CURRENT_TIMESTAMP(6),DEFAULT_GENERATED on update CURRENT_TIMESTAMP(6)
FBS_CREDITO.PLANTILLASCORINGTIPOITEMSCO,SECUENCIAL,int,NO,PRI,,auto_increment
FBS_CREDITO.PLANTILLASCORINGTIPOITEMSCO,CODIGOPLANTILLASCORING,varchar(20),NO,MUL,,
FBS_CREDITO.PLANTILLASCORINGTIPOITEMSCO,CODIGOTIPOITEMSCORING,varchar(10),NO,MUL,,
FBS_CREDITO.PLANTILLASCORINGTIPOITEMSCO,ORDEN,int,NO,,,
FBS_CREDITO.PLANTILLASCORINGTIPOITEMSCO,PORCENTAJEDECALIFTOTALPERSNAT,"decimal(18,2)",NO,,,
FBS_CREDITO.PLANTILLASCORINGTIPOITEMSCO,PORCENTAJEDECALIFTOTALPERSORG,"decimal(18,2)",NO,,,
FBS_CREDITO.PLANTILLASCORINGTIPOITEMSCO,PORCTJCALIFTOTALPERSORGGRUSOC,"decimal(18,2)",NO,,,
FBS_CREDITO.PLANTILLASCORINGTIPOITEMSCO,ESTAACTIVO,tinyint unsigned,NO,,,
FBS_CREDITO.PLANTILLASCORINGTIPOITEMSCO,NUMEROVERIFICADOR,int,NO,,,
FBS_CREDITO.PLANTILLASCORINGTIPOITEMSCO,CONCURRENCIA,timestamp(6),YES,,CURRENT_TIMESTAMP(6),DEFAULT_GENERATED on update CURRENT_TIMESTAMP(6)
FBS_CREDITO.PPIPERSONABOOLEANA,SECUENCIAL,int,NO,PRI,,auto_increment
FBS_CREDITO.PPIPERSONABOOLEANA,SECUENCIALPERSONA,int,NO,MUL,,
FBS_CREDITO.PPIPERSONABOOLEANA,CODIGOCARACTERISTICA,varchar(10),NO,MUL,,
FBS_CREDITO.PPIPERSONABOOLEANA,SECUENCIALSOLICITUD,int,NO,MUL,,
FBS_CREDITO.PPIPERSONABOOLEANA,VALOR,tinyint unsigned,NO,,,
FBS_CREDITO.PPIPERSONABOOLEANA,ESTAACTIVO,tinyint unsigned,NO,,,
FBS_CREDITO.PPIPERSONABOOLEANA,NUMEROVERIFICADOR,int,NO,,,
FBS_CREDITO.PPIPERSONABOOLEANA,CONCURRENCIA,timestamp(6),YES,,CURRENT_TIMESTAMP(6),DEFAULT_GENERATED on update CURRENT_TIMESTAMP(6)
FBS_CREDITO.PPIPERSONAFECHA,SECUENCIAL,int,NO,PRI,,auto_increment
FBS_CREDITO.PPIPERSONAFECHA,SECUENCIALPERSONA,int,NO,MUL,,
FBS_CREDITO.PPIPERSONAFECHA,CODIGOCARACTERISTICA,varchar(10),NO,MUL,,
FBS_CREDITO.PPIPERSONAFECHA,SECUENCIALSOLICITUD,int,NO,MUL,,
FBS_CREDITO.PPIPERSONAFECHA,VALOR,datetime(3),NO,,,
FBS_CREDITO.PPIPERSONAFECHA,ESTAACTIVO,tinyint unsigned,NO,,,
FBS_CREDITO.PPIPERSONAFECHA,NUMEROVERIFICADOR,int,NO,,,
FBS_CREDITO.PPIPERSONAFECHA,CONCURRENCIA,timestamp(6),YES,,CURRENT_TIMESTAMP(6),DEFAULT_GENERATED on update CURRENT_TIMESTAMP(6)
FBS_CREDITO.PPIPERSONALISTA,SECUENCIAL,int,NO,PRI,,auto_increment
FBS_CREDITO.PPIPERSONALISTA,SECUENCIALPERSONA,int,NO,MUL,,
FBS_CREDITO.PPIPERSONALISTA,SECUENCIALCARACTERISTICALISTA,int,NO,MUL,,
FBS_CREDITO.PPIPERSONALISTA,SECUENCIALSOLICITUD,int,NO,MUL,,
FBS_CREDITO.PPIPERSONALISTA,ESTAACTIVO,tinyint unsigned,NO,,,
FBS_CREDITO.PPIPERSONALISTA,NUMEROVERIFICADOR,int,NO,,,
FBS_CREDITO.PPIPERSONALISTA,CONCURRENCIA,timestamp(6),YES,,CURRENT_TIMESTAMP(6),DEFAULT_GENERATED on update CURRENT_TIMESTAMP(6)
FBS_CREDITO.PPIPERSONALISTAMULTIPLE,SECUENCIAL,int,NO,PRI,,auto_increment
FBS_CREDITO.PPIPERSONALISTAMULTIPLE,SECUENCIALPERSONA,int,NO,MUL,,
FBS_CREDITO.PPIPERSONALISTAMULTIPLE,SECUENCIALSOLICITUD,int,NO,MUL,,
FBS_CREDITO.PPIPERSONALISTAMULTIPLE,SECUENCIALCARACTERISTICALISTA,int,NO,MUL,,
FBS_CREDITO.PPIPERSONALISTAMULTIPLE,ESTAACTIVO,tinyint unsigned,NO,,,
FBS_CREDITO.PPIPERSONALISTAMULTIPLE,NUMEROVERIFICADOR,int,NO,,,
FBS_CREDITO.PPIPERSONALISTAMULTIPLE,CONCURRENCIA,timestamp(6),YES,,CURRENT_TIMESTAMP(6),DEFAULT_GENERATED on update CURRENT_TIMESTAMP(6)
FBS_CREDITO.PPIPERSONANUMERICA,SECUENCIAL,int,NO,PRI,,auto_increment
FBS_CREDITO.PPIPERSONANUMERICA,SECUENCIALPERSONA,int,NO,MUL,,
FBS_CREDITO.PPIPERSONANUMERICA,CODIGOCARACTERISTICA,varchar(10),NO,MUL,,
FBS_CREDITO.PPIPERSONANUMERICA,SECUENCIALSOLICITUD,int,NO,MUL,,
FBS_CREDITO.PPIPERSONANUMERICA,VALORENTERO,int,NO,,,
FBS_CREDITO.PPIPERSONANUMERICA,VALORDECIMAL,int,NO,,,
FBS_CREDITO.PPIPERSONANUMERICA,ESTAACTIVO,tinyint unsigned,NO,,,
FBS_CREDITO.PPIPERSONANUMERICA,NUMEROVERIFICADOR,int,NO,,,
FBS_CREDITO.PPIPERSONANUMERICA,CONCURRENCIA,timestamp(6),YES,,CURRENT_TIMESTAMP(6),DEFAULT_GENERATED on update CURRENT_TIMESTAMP(6)
FBS_CREDITO.PPIPERSONATEXTO,SECUENCIAL,int,NO,PRI,,auto_increment
FBS_CREDITO.PPIPERSONATEXTO,SECUENCIALPERSONA,int,NO,MUL,,
FBS_CREDITO.PPIPERSONATEXTO,CODIGOCARACTERISTICA,varchar(10),NO,MUL,,
FBS_CREDITO.PPIPERSONATEXTO,SECUENCIALSOLICITUD,int,NO,MUL,,
FBS_CREDITO.PPIPERSONATEXTO,VALOR,varchar(500),NO,,,
FBS_CREDITO.PPIPERSONATEXTO,ESTAACTIVO,tinyint unsigned,NO,,,
FBS_CREDITO.PPIPERSONATEXTO,NUMEROVERIFICADOR,int,NO,,,
FBS_CREDITO.PPIPERSONATEXTO,CONCURRENCIA,timestamp(6),YES,,CURRENT_TIMESTAMP(6),DEFAULT_GENERATED on update CURRENT_TIMESTAMP(6)
FBS_CREDITO.PRODUCTO_CARTERATIPOPRESTAMO,SECUENCIAL,int,NO,PRI,,auto_increment
FBS_CREDITO.PRODUCTO_CARTERATIPOPRESTAMO,CODIGOPRODUCTOCARTERA,char(20),NO,MUL,,
FBS_CREDITO.PRODUCTO_CARTERATIPOPRESTAMO,CODIGOTIPOPRESTAMO,char(10),NO,MUL,,
FBS_CREDITO.PRODUCTO_CARTERATIPOPRESTAMO,ESTAACTIVO,tinyint unsigned,NO,,,
FBS_CREDITO.PRODUCTO_CARTERATIPOPRESTAMO,NUMEROVERIFICADOR,int,NO,,,
FBS_CREDITO.PRODUCTO_CARTERATIPOPRESTAMO,CONCURRENCIA,timestamp(6),YES,,CURRENT_TIMESTAMP(6),DEFAULT_GENERATED on update CURRENT_TIMESTAMP(6)
FBS_CREDITO.PROVISIONCONSTITUIDA,SECUENCIAL,int,NO,PRI,,auto_increment
FBS_CREDITO.PROVISIONCONSTITUIDA,CODIGOCALIFICACIONCONTABLE,varchar(10),NO,MUL,,
FBS_CREDITO.PROVISIONCONSTITUIDA,VALORPROVISIONREQUERIDA,"decimal(18,2)",NO,,,
FBS_CREDITO.PROVISIONCONSTITUIDA,VALORPROVISIONCONSTITUIDA,"decimal(18,2)",NO,,,
FBS_CREDITO.PROVISIONCONSTITUIDA,FACTORCALCULO,"decimal(18,2)",NO,,,
FBS_CREDITO.PROVISIONCONSTITUIDA,CODIGOUSUARIO,varchar(25),NO,MUL,,
FBS_CREDITO.PROVISIONCONSTITUIDA,FECHAPROCESO,datetime(3),NO,,,
FBS_CREDITO.PROVISIONCONSTITUIDA,FECHAMAQUINA,datetime(3),NO,,,
FBS_CREDITO.PROVISIONCONSTITUIDA,YACONSTITUIDA,tinyint unsigned,NO,,,
FBS_CREDITO.PROVISIONCONSTITUIDA,NUMEROVERIFICADOR,int,NO,,,
FBS_CREDITO.PROVISIONCONSTITUIDA,CONCURRENCIA,timestamp(6),YES,,CURRENT_TIMESTAMP(6),DEFAULT_GENERATED on update CURRENT_TIMESTAMP(6)
FBS_CREDITO.RANGOENCAJE,SECUENCIAL,int,NO,PRI,,auto_increment
FBS_CREDITO.RANGOENCAJE,CODIGOTIPOPRESTAMO,char(10),NO,MUL,,
FBS_CREDITO.RANGOENCAJE,MONTOINICIO,"decimal(18,2)",NO,,,
FBS_CREDITO.RANGOENCAJE,MONTOFINAL,"decimal(18,2)",NO,,,
FBS_CREDITO.RANGOENCAJE,RELACION,"decimal(18,2)",NO,,,
FBS_CREDITO.RANGOENCAJE,ESTAACTIVO,tinyint unsigned,NO,,,
FBS_CREDITO.RANGOENCAJE,NUMEROVERIFICADOR,int,NO,,,
FBS_CREDITO.RANGOENCAJE,CONCURRENCIA,timestamp(6),YES,,CURRENT_TIMESTAMP(6),DEFAULT_GENERATED on update CURRENT_TIMESTAMP(6)
FBS_CREDITO.RANGOPUNTUACIONITEMPI,SECUENCIAL,int,NO,PRI,,auto_increment
FBS_CREDITO.RANGOPUNTUACIONITEMPI,SECUENCIALITEMPI,int,NO,MUL,,
FBS_CREDITO.RANGOPUNTUACIONITEMPI,DESCRIPCION,varchar(50),NO,,,
FBS_CREDITO.RANGOPUNTUACIONITEMPI,PUNTUACIONINICIAL,"decimal(18,2)",NO,,,
FBS_CREDITO.RANGOPUNTUACIONITEMPI,PUNTUACIONFINAL,"decimal(18,2)",NO,,,
FBS_CREDITO.RANGOPUNTUACIONITEMPI,CALIFICACIONASIGNA,"decimal(18,2)",NO,,,
FBS_CREDITO.RANGOPUNTUACIONITEMPI,ESTAACTIVO,tinyint unsigned,NO,,,
FBS_CREDITO.RANGOPUNTUACIONITEMPI,NUMEROVERIFICADOR,int,NO,,,
FBS_CREDITO.RANGOPUNTUACIONITEMPI,CONCURRENCIA,timestamp(6),YES,,CURRENT_TIMESTAMP(6),DEFAULT_GENERATED on update CURRENT_TIMESTAMP(6)
FBS_CREDITO.RANGOPUNTUACIONITEMSCORING,SECUENCIAL,int,NO,PRI,,auto_increment
FBS_CREDITO.RANGOPUNTUACIONITEMSCORING,SECUENCIALITEMSCORING,int,NO,MUL,,
FBS_CREDITO.RANGOPUNTUACIONITEMSCORING,DESCRIPCION,varchar(50),NO,,,
FBS_CREDITO.RANGOPUNTUACIONITEMSCORING,PUNTUACIONINICIAL,"decimal(18,2)",NO,,,
FBS_CREDITO.RANGOPUNTUACIONITEMSCORING,PUNTUACIONFINAL,"decimal(18,2)",NO,,,
FBS_CREDITO.RANGOPUNTUACIONITEMSCORING,CALIFICACIONASIGNASOBREDIEZ,"decimal(18,2)",NO,,,
FBS_CREDITO.RANGOPUNTUACIONITEMSCORING,ESTAACTIVO,tinyint unsigned,NO,,,
FBS_CREDITO.RANGOPUNTUACIONITEMSCORING,NUMEROVERIFICADOR,int,NO,,,
FBS_CREDITO.RANGOPUNTUACIONITEMSCORING,CONCURRENCIA,timestamp(6),YES,,CURRENT_TIMESTAMP(6),DEFAULT_GENERATED on update CURRENT_TIMESTAMP(6)
FBS_CREDITO.REGAUXSOLIC_ACTIVOCORRIENTE,SECUENCIAL,int,NO,PRI,,auto_increment
FBS_CREDITO.REGAUXSOLIC_ACTIVOCORRIENTE,SECUENCIALSOLICITUD,int,NO,MUL,,
FBS_CREDITO.REGAUXSOLIC_ACTIVOCORRIENTE,SECUENCIALTIPOACTIVOS,int,NO,MUL,,
FBS_CREDITO.REGAUXSOLIC_ACTIVOCORRIENTE,DESCRIPCION,varchar(200),NO,,,
FBS_CREDITO.REGAUXSOLIC_ACTIVOCORRIENTE,VALOR,"decimal(18,2)",NO,,,
FBS_CREDITO.REGAUXSOLIC_ACTIVOCORRIENTE,CONCURRENCIA,timestamp(6),YES,,CURRENT_TIMESTAMP(6),DEFAULT_GENERATED on update CURRENT_TIMESTAMP(6)
FBS_CREDITO.REGAUXSOLIC_ACTIVOSFIJOS,SECUENCIAL,int,NO,PRI,,auto_increment
FBS_CREDITO.REGAUXSOLIC_ACTIVOSFIJOS,SECUENCIALSOLICITUD,int,NO,MUL,,
FBS_CREDITO.REGAUXSOLIC_ACTIVOSFIJOS,DESCRIPCION,varchar(200),NO,,,
FBS_CREDITO.REGAUXSOLIC_ACTIVOSFIJOS,CANTIDAD,int,NO,,,
FBS_CREDITO.REGAUXSOLIC_ACTIVOSFIJOS,PRECIOUNITARIO,"decimal(18,2)",NO,,,
FBS_CREDITO.REGAUXSOLIC_ACTIVOSFIJOS,VALORTOTAL,"decimal(18,2)",NO,,,
FBS_CREDITO.REGAUXSOLIC_ACTIVOSFIJOS,SECUENCIALTIPOACTIVOS,int,NO,MUL,,
FBS_CREDITO.REGAUXSOLIC_ACTIVOSFIJOS,CONCURRENCIA,timestamp(6),YES,,CURRENT_TIMESTAMP(6),DEFAULT_GENERATED on update CURRENT_TIMESTAMP(6)
FBS_CREDITO.REGAUXSOLIC_CONTROLINVENTARIOS,SECUENCIAL,int,NO,PRI,,auto_increment
FBS_CREDITO.REGAUXSOLIC_CONTROLINVENTARIOS,SECUENCIALSOLICITUD,int,NO,MUL,,
FBS_CREDITO.REGAUXSOLIC_CONTROLINVENTARIOS,DESCRIPCION,varchar(100),NO,,,
FBS_CREDITO.REGAUXSOLIC_CONTROLINVENTARIOS,CANTIDAD,int,NO,,,
FBS_CREDITO.REGAUXSOLIC_CONTROLINVENTARIOS,PRECIOCOSTO,"decimal(18,2)",NO,,,
FBS_CREDITO.REGAUXSOLIC_CONTROLINVENTARIOS,VALORTOTALCOMPRA,"decimal(18,2)",NO,,,
FBS_CREDITO.REGAUXSOLIC_CONTROLINVENTARIOS,PRECIOVENTA,"decimal(18,2)",NO,,,
FBS_CREDITO.REGAUXSOLIC_CONTROLINVENTARIOS,VALORTOTALVENTA,"decimal(18,2)",NO,,,
FBS_CREDITO.REGAUXSOLIC_CONTROLINVENTARIOS,MARGEN,"decimal(18,2)",NO,,,
FBS_CREDITO.REGAUXSOLIC_CONTROLINVENTARIOS,SECUENCIALTIPOACTIVOS,int,NO,MUL,,
FBS_CREDITO.REGAUXSOLIC_CONTROLINVENTARIOS,CANTIDADVERIFICADA,int,NO,,,
FBS_CREDITO.REGAUXSOLIC_CONTROLINVENTARIOS,INVENTARIO,"decimal(18,2)",NO,,,
FBS_CREDITO.REGAUXSOLIC_CONTROLINVENTARIOS,COSTOMANODEOBRA,"decimal(18,2)",NO,,,
FBS_CREDITO.REGAUXSOLIC_CONTROLINVENTARIOS,CONCURRENCIA,timestamp(6),YES,,CURRENT_TIMESTAMP(6),DEFAULT_GENERATED on update CURRENT_TIMESTAMP(6)
FBS_CREDITO.REGAUXSOLIC_CREDPROOVEDORES,SECUENCIAL,int,NO,PRI,,auto_increment
FBS_CREDITO.REGAUXSOLIC_CREDPROOVEDORES,SECUENCIALSOLICITUD,int,NO,MUL,,
FBS_CREDITO.REGAUXSOLIC_CREDPROOVEDORES,INSTITUCIONFINANCIERA,varchar(100),NO,,,
FBS_CREDITO.REGAUXSOLIC_CREDPROOVEDORES,PLAZO,int,NO,,,
FBS_CREDITO.REGAUXSOLIC_CREDPROOVEDORES,SALDO,"decimal(18,2)",NO,,,
FBS_CREDITO.REGAUXSOLIC_CREDPROOVEDORES,CUOTA,"decimal(18,2)",NO,,,
FBS_CREDITO.REGAUXSOLIC_CREDPROOVEDORES,SECUENCIALTIPOPASIVO,int,NO,MUL,,
FBS_CREDITO.REGAUXSOLIC_CREDPROOVEDORES,MONTOORIGINAL,"decimal(18,2)",NO,,,
FBS_CREDITO.REGAUXSOLIC_CREDPROOVEDORES,CUOTASPAGADAS,"decimal(18,2)",NO,,,
FBS_CREDITO.REGAUXSOLIC_CREDPROOVEDORES,DESTINOCREDITO,varchar(150),NO,,,
FBS_CREDITO.REGAUXSOLIC_CREDPROOVEDORES,NUMERO,int,NO,,,
FBS_CREDITO.REGAUXSOLIC_CREDPROOVEDORES,CALIFICACION,varchar(50),NO,,,
FBS_CREDITO.REGAUXSOLIC_CREDPROOVEDORES,SALDOLARGOPLAZO,"decimal(18,2)",NO,,,
FBS_CREDITO.REGAUXSOLIC_CREDPROOVEDORES,SALDOCORTOPLAZO,"decimal(18,2)",NO,,,
FBS_CREDITO.REGAUXSOLIC_CREDPROOVEDORES,CONCURRENCIA,timestamp(6),YES,,CURRENT_TIMESTAMP(6),DEFAULT_GENERATED on update CURRENT_TIMESTAMP(6)
FBS_CREDITO.REGAUXSOLIC_CTASXCOBRAR,SECUENCIAL,int,NO,PRI,,auto_increment
FBS_CREDITO.REGAUXSOLIC_CTASXCOBRAR,SECUENCIALSOLICITUD,int,NO,MUL,,
FBS_CREDITO.REGAUXSOLIC_CTASXCOBRAR,NOMBRECLIENTE,varchar(100),NO,,,
FBS_CREDITO.REGAUXSOLIC_CTASXCOBRAR,ANTIGUEDADSALDO,int,NO,,,
FBS_CREDITO.REGAUXSOLIC_CTASXCOBRAR,MONTO,"decimal(18,2)",NO,,,
FBS_CREDITO.REGAUXSOLIC_CTASXCOBRAR,CONCURRENCIA,timestamp(6),YES,,CURRENT_TIMESTAMP(6),DEFAULT_GENERATED on update CURRENT_TIMESTAMP(6)
FBS_CREDITO.RELACIONENCAJE,SECUENCIAL,int,NO,PRI,,auto_increment
FBS_CREDITO.RELACIONENCAJE,CODIGOCALIFICACIONCONTABLE,varchar(10),NO,MUL,,
FBS_CREDITO.RELACIONENCAJE,CODIGOTIPOPRESTAMO,char(10),NO,MUL,,
FBS_CREDITO.RELACIONENCAJE,MONTOINICIO,"decimal(18,2)",NO,,,
FBS_CREDITO.RELACIONENCAJE,MONTOFIN,"decimal(18,2)",NO,,,
FBS_CREDITO.RELACIONENCAJE,RELACION,"decimal(18,2)",NO,,,
FBS_CREDITO.RELACIONENCAJE,PERMITEVARIACIONMANUAL,tinyint unsigned,NO,,,
FBS_CREDITO.RELACIONENCAJE,CODIGOUSUARIOINGRESO,varchar(25),NO,MUL,,
FBS_CREDITO.RELACIONENCAJE,FECHAINICIO,datetime(3),NO,,,
FBS_CREDITO.RELACIONENCAJE,FECHAMAQUINAINICIO,datetime(3),NO,,,
FBS_CREDITO.RELACIONENCAJE,ESTAACTIVA,tinyint unsigned,NO,,,
FBS_CREDITO.RELACIONENCAJE,CONCURRENCIA,timestamp(6),YES,,CURRENT_TIMESTAMP(6),DEFAULT_GENERATED on update CURRENT_TIMESTAMP(6)
FBS_CREDITO.RELACIONENCAJEFIJA,SECUENCIAL,int,NO,PRI,,auto_increment
FBS_CREDITO.RELACIONENCAJEFIJA,RELACION,"decimal(18,2)",NO,,,
FBS_CREDITO.RELACIONENCAJEFIJA,ESTAACTIVO,tinyint unsigned,NO,,,
FBS_CREDITO.RELACIONENCAJEFIJA,CONCURRENCIA,timestamp(6),YES,,CURRENT_TIMESTAMP(6),DEFAULT_GENERATED on update CURRENT_TIMESTAMP(6)
FBS_CREDITO.RIESGOSIDENTIFICADOS,CODIGO,char(2),NO,PRI,,
FBS_CREDITO.RIESGOSIDENTIFICADOS,NOMBRE,char(50),NO,,,
FBS_CREDITO.RIESGOSIDENTIFICADOS,ESTAACTIVO,tinyint unsigned,NO,,,
FBS_CREDITO.RIESGOSIDENTIFICADOS,NUMEROVERIFICADOR,int,NO,,,
FBS_CREDITO.RIESGOSIDENTIFICADOS,CONCURRENCIA,timestamp(6),YES,,CURRENT_TIMESTAMP(6),DEFAULT_GENERATED on update CURRENT_TIMESTAMP(6)
FBS_CREDITO.SCORINGSOLICCLIENTEITEMPI,SECUENCIAL,int,NO,PRI,,auto_increment
FBS_CREDITO.SCORINGSOLICCLIENTEITEMPI,SECUENCIALSCORINGSOLICCLIENTE,int,NO,MUL,,
FBS_CREDITO.SCORINGSOLICCLIENTEITEMPI,ORDEN,int,NO,,,
FBS_CREDITO.SCORINGSOLICCLIENTEITEMPI,CODIGOPLANTILLASCORING,varchar(20),NO,MUL,,
FBS_CREDITO.SCORINGSOLICCLIENTEITEMPI,SECUENCIALITEMPI,int,NO,MUL,,
FBS_CREDITO.SCORINGSOLICCLIENTEITEMPI,DESCRIPCION,varchar(50),NO,,,
FBS_CREDITO.SCORINGSOLICCLIENTEITEMPI,CALIFICACION,"decimal(18,2)",NO,,,
FBS_CREDITO.SCORINGSOLICCLIENTEITEMPI,ESTAACTIVO,tinyint unsigned,NO,,,
FBS_CREDITO.SCORINGSOLICCLIENTEITEMPI,NUMEROVERIFICADOR,int,NO,,,
FBS_CREDITO.SCORINGSOLICCLIENTEITEMPI,CONCURRENCIA,timestamp(6),YES,,CURRENT_TIMESTAMP(6),DEFAULT_GENERATED on update CURRENT_TIMESTAMP(6)
FBS_CREDITO.SCORINGSOLICCLIENTEITEMSCORING,SECUENCIAL,int,NO,PRI,,auto_increment
FBS_CREDITO.SCORINGSOLICCLIENTEITEMSCORING,SECUENCIALSCORINGSOLICCLIENTE,int,NO,MUL,,
FBS_CREDITO.SCORINGSOLICCLIENTEITEMSCORING,ORDEN,int,NO,,,
FBS_CREDITO.SCORINGSOLICCLIENTEITEMSCORING,CODIGOPLANTILLASCORING,varchar(20),NO,MUL,,
FBS_CREDITO.SCORINGSOLICCLIENTEITEMSCORING,SECUENCIALITEMSCORING,int,NO,MUL,,
FBS_CREDITO.SCORINGSOLICCLIENTEITEMSCORING,DESCRIPCION,varchar(100),NO,,,
FBS_CREDITO.SCORINGSOLICCLIENTEITEMSCORING,CALIFICACION,"decimal(18,2)",NO,,,
FBS_CREDITO.SCORINGSOLICCLIENTEITEMSCORING,PORCENTAJEDECALIFICACIONTOTAL,"decimal(18,2)",NO,,,
FBS_CREDITO.SCORINGSOLICCLIENTEITEMSCORING,PORCENTAJEDECALIFICACIONTIPO,"decimal(18,2)",NO,,,
FBS_CREDITO.SCORINGSOLICCLIENTEITEMSCORING,INGRESOMANUAL,tinyint unsigned,NO,,,
FBS_CREDITO.SCORINGSOLICCLIENTEITEMSCORING,VALORTEXTO,varchar(100),NO,,,
FBS_CREDITO.SCORINGSOLICCLIENTEITEMSCORING,ESTAACTIVO,tinyint unsigned,NO,,,
FBS_CREDITO.SCORINGSOLICCLIENTEITEMSCORING,NUMEROVERIFICADOR,int,NO,,,
FBS_CREDITO.SCORINGSOLICCLIENTEITEMSCORING,CONCURRENCIA,timestamp(6),YES,,CURRENT_TIMESTAMP(6),DEFAULT_GENERATED on update CURRENT_TIMESTAMP(6)
FBS_CREDITO.SCORINGSOLICITUD,SECUENCIAL,int,NO,PRI,,auto_increment
FBS_CREDITO.SCORINGSOLICITUD,SECUENCIALSOLICITUD,int,NO,UNI,,
FBS_CREDITO.SCORINGSOLICITUD,CALIFICACIONSOLICITUD,"decimal(18,2)",NO,,,
FBS_CREDITO.SCORINGSOLICITUD,CALIFICACIONMINIMAREQUERIDA,"decimal(18,2)",NO,,,
FBS_CREDITO.SCORINGSOLICITUD,APROBADA,tinyint unsigned,NO,,,
FBS_CREDITO.SCORINGSOLICITUD,CODIGOUSUARIOINGRESO,varchar(25),NO,MUL,,
FBS_CREDITO.SCORINGSOLICITUD,FECHAMAQUINAINGRESO,datetime(3),NO,,,
FBS_CREDITO.SCORINGSOLICITUD,FECHASISTEMAINGRESO,datetime(3),NO,,,
FBS_CREDITO.SCORINGSOLICITUD,CALIFICACIONSCORING,"decimal(18,2)",NO,,,
FBS_CREDITO.SCORINGSOLICITUD,CALIFICACIONPI,"decimal(18,2)",NO,,,
FBS_CREDITO.SCORINGSOLICITUD,ESTAACTIVO,tinyint unsigned,NO,,,
FBS_CREDITO.SCORINGSOLICITUD,NUMEROVERIFICADOR,int,NO,,,
FBS_CREDITO.SCORINGSOLICITUD,CONCURRENCIA,timestamp(6),YES,,CURRENT_TIMESTAMP(6),DEFAULT_GENERATED on update CURRENT_TIMESTAMP(6)
FBS_CREDITO.SCORINGSOLICITUDCLIENTE,SECUENCIAL,int,NO,PRI,,auto_increment
FBS_CREDITO.SCORINGSOLICITUDCLIENTE,SECUENCIALSOLICITUD,int,NO,MUL,,
FBS_CREDITO.SCORINGSOLICITUDCLIENTE,SECUENCIALCLIENTE,int,NO,MUL,,
FBS_CREDITO.SCORINGSOLICITUDCLIENTE,CALIFICACIONTOTAL,"decimal(18,2)",NO,,,
FBS_CREDITO.SCORINGSOLICITUDCLIENTE,CODIGOUSUARIOINGRESO,varchar(25),NO,MUL,,
FBS_CREDITO.SCORINGSOLICITUDCLIENTE,FECHAMAQUINAINGRESO,datetime(3),NO,,,
FBS_CREDITO.SCORINGSOLICITUDCLIENTE,FECHASISTEMAINGRESO,datetime(3),NO,,,
FBS_CREDITO.SCORINGSOLICITUDCLIENTE,CALIFICACIONSCORING,"decimal(18,2)",NO,,,
FBS_CREDITO.SCORINGSOLICITUDCLIENTE,CALIFICACIONPI,"decimal(18,2)",NO,,,
FBS_CREDITO.SCORINGSOLICITUDCLIENTE,ESTAACTIVO,tinyint unsigned,NO,,,
FBS_CREDITO.SCORINGSOLICITUDCLIENTE,NUMEROVERIFICADOR,int,NO,,,
FBS_CREDITO.SCORINGSOLICITUDCLIENTE,CONCURRENCIA,timestamp(6),YES,,CURRENT_TIMESTAMP(6),DEFAULT_GENERATED on update CURRENT_TIMESTAMP(6)
FBS_CREDITO.SECTORECONOMICOCREDITO,CODIGO,varchar(10),NO,PRI,,
FBS_CREDITO.SECTORECONOMICOCREDITO,DESCRIPCION,varchar(100),NO,,,
FBS_CREDITO.SECTORECONOMICOCREDITO,SIGLAS,varchar(3),NO,,,
FBS_CREDITO.SECTORECONOMICOCREDITO,ESTAACTIVO,tinyint unsigned,NO,,,
FBS_CREDITO.SECTORECONOMICOCREDITO,NUMEROVERIFICADOR,int,NO,,,
FBS_CREDITO.SECTORECONOMICOCREDITO,CONCURRENCIA,timestamp(6),YES,,CURRENT_TIMESTAMP(6),DEFAULT_GENERATED on update CURRENT_TIMESTAMP(6)
FBS_CREDITO.SEGMENTOINTERNO,SECUENCIAL,int,NO,PRI,,auto_increment
FBS_CREDITO.SEGMENTOINTERNO,CODIGODESTINOFINANCIERO,char(10),NO,MUL,,
FBS_CREDITO.SEGMENTOINTERNO,CODIGOCALIFICACIONCONTABLE,varchar(10),NO,MUL,,
FBS_CREDITO.SEGMENTOINTERNO,SECUENCIALEMPRESA,int,NO,MUL,,
FBS_CREDITO.SEGMENTOINTERNO,ESTAACTIVO,tinyint unsigned,NO,,,
FBS_CREDITO.SEGMENTOINTERNO,NUMEROVERIFICADOR,int,NO,,,
FBS_CREDITO.SEGMENTOINTERNO,ESTAOPERATIVO,tinyint unsigned,NO,,,
FBS_CREDITO.SEGMENTOINTERNO,CONCURRENCIA,timestamp(6),YES,,CURRENT_TIMESTAMP(6),DEFAULT_GENERATED on update CURRENT_TIMESTAMP(6)
FBS_CREDITO.SOLICITUDCAMBIODIAPAGOFECHAADJ,SECUENCIAL,int,NO,PRI,,auto_increment
FBS_CREDITO.SOLICITUDCAMBIODIAPAGOFECHAADJ,SECUENCIALSOLICITUD,int,NO,MUL,,
FBS_CREDITO.SOLICITUDCAMBIODIAPAGOFECHAADJ,FECHAADJUDICACION,datetime(3),NO,,,
FBS_CREDITO.SOLICITUDCAMBIODIAPAGOFECHAADJ,DIADEPAGO,int,NO,,,
FBS_CREDITO.SOLICITUDCAMBIODIAPAGOFECHAADJ,FECHASISTEMA,datetime(3),NO,,,
FBS_CREDITO.SOLICITUDCAMBIODIAPAGOFECHAADJ,FECHAMAQUINA,datetime(3),NO,,,
FBS_CREDITO.SOLICITUDCAMBIODIAPAGOFECHAADJ,CODIGOUSUARIO,varchar(25),NO,MUL,,
FBS_CREDITO.SOLICITUDCAMBIODIAPAGOFECHAADJ,CONCURRENCIA,timestamp(6),YES,,CURRENT_TIMESTAMP(6),DEFAULT_GENERATED on update CURRENT_TIMESTAMP(6)
FBS_CREDITO.SOLICITUDCLIENTE,SECUENCIAL,int,NO,PRI,,auto_increment
FBS_CREDITO.SOLICITUDCLIENTE,SECUENCIALSOLICITUD,int,NO,MUL,,
FBS_CREDITO.SOLICITUDCLIENTE,SECUENCIALCLIENTE,int,NO,MUL,,
FBS_CREDITO.SOLICITUDCLIENTE,ESPRINCIPAL,tinyint unsigned,NO,,,
FBS_CREDITO.SOLICITUDCLIENTE,ESTAACTIVO,tinyint unsigned,NO,,,
FBS_CREDITO.SOLICITUDCLIENTE,NUMEROVERIFICADOR,int,NO,,,
FBS_CREDITO.SOLICITUDCLIENTE,CONCURRENCIA,timestamp(6),YES,,CURRENT_TIMESTAMP(6),DEFAULT_GENERATED on update CURRENT_TIMESTAMP(6)
FBS_CREDITO.SOLICITUDCOMPONENTE_CRE_MANUAL,SECUENCIAL,int,NO,PRI,,auto_increment
FBS_CREDITO.SOLICITUDCOMPONENTE_CRE_MANUAL,SECUENCIALSOLICITUD,int,NO,MUL,,
FBS_CREDITO.SOLICITUDCOMPONENTE_CRE_MANUAL,SECUENCIALCOMPONENTECREMANUAL,int,NO,MUL,,
FBS_CREDITO.SOLICITUDCOMPONENTE_CRE_MANUAL,VALOR,"decimal(18,2)",NO,,,
FBS_CREDITO.SOLICITUDCOMPONENTE_CRE_MANUAL,CODIGOUSUARIOINGRESO,varchar(25),NO,MUL,,
FBS_CREDITO.SOLICITUDCOMPONENTE_CRE_MANUAL,FECHASISTEMAINGRESO,datetime(3),NO,,,
FBS_CREDITO.SOLICITUDCOMPONENTE_CRE_MANUAL,FECHAMAQUINAINGRESO,datetime(3),NO,,,
FBS_CREDITO.SOLICITUDCOMPONENTE_CRE_MANUAL,NUMEROVERIFICADOR,int,NO,,,
FBS_CREDITO.SOLICITUDCOMPONENTE_CRE_MANUAL,CONCURRENCIA,timestamp(6),YES,,CURRENT_TIMESTAMP(6),DEFAULT_GENERATED on update CURRENT_TIMESTAMP(6)
FBS_CREDITO.SOLICITUDDOCUMENTODESEMBOLSO,SECUENCIAL,int,NO,PRI,,auto_increment
FBS_CREDITO.SOLICITUDDOCUMENTODESEMBOLSO,SECUENCIALSOLICITUD,int,NO,MUL,,
FBS_CREDITO.SOLICITUDDOCUMENTODESEMBOLSO,SECUENCIALDOCUMENTOLEGAL,int,NO,MUL,,
FBS_CREDITO.SOLICITUDDOCUMENTODESEMBOLSO,CONCURRENCIA,timestamp(6),YES,,CURRENT_TIMESTAMP(6),DEFAULT_GENERATED on update CURRENT_TIMESTAMP(6)
FBS_CREDITO.SOLICITUDENCAJE,SECUENCIAL,int,NO,PRI,,auto_increment
FBS_CREDITO.SOLICITUDENCAJE,SECUENCIALSOLICITUD,int,NO,MUL,,
FBS_CREDITO.SOLICITUDENCAJE,SECUENCIACUENTACOMPONENTEVISTA,int,NO,MUL,,
FBS_CREDITO.SOLICITUDENCAJE,SECUENCIACUENTACOMPVISENCAJE,int,NO,MUL,,
FBS_CREDITO.SOLICITUDENCAJE,MONTOENCAJE,"decimal(18,2)",NO,,,
FBS_CREDITO.SOLICITUDENCAJE,ESTAACTIVO,tinyint unsigned,NO,,,
FBS_CREDITO.SOLICITUDENCAJE,NUMEROVERIFICADOR,int,NO,,,
FBS_CREDITO.SOLICITUDENCAJE,CONCURRENCIA,timestamp(6),YES,,CURRENT_TIMESTAMP(6),DEFAULT_GENERATED on update CURRENT_TIMESTAMP(6)
FBS_CREDITO.SOLICITUDENCAJEFIJA,SECUENCIAL,int,NO,PRI,,auto_increment
FBS_CREDITO.SOLICITUDENCAJEFIJA,SECUENCIALSOLICITUD,int,NO,MUL,,
FBS_CREDITO.SOLICITUDENCAJEFIJA,SECUENCIALRELACIONENCAJEFIJA,int,NO,MUL,,
FBS_CREDITO.SOLICITUDENCAJEFIJA,MONTOENCAJE,"decimal(18,2)",NO,,,
FBS_CREDITO.SOLICITUDENCAJEFIJA,ESTAACTIVO,tinyint unsigned,NO,,,
FBS_CREDITO.SOLICITUDENCAJEFIJA,NUMEROVERIFICADOR,int,NO,,,
FBS_CREDITO.SOLICITUDENCAJEFIJA,CONCURRENCIA,timestamp(6),YES,,CURRENT_TIMESTAMP(6),DEFAULT_GENERATED on update CURRENT_TIMESTAMP(6)
FBS_CREDITO.SOLICITUDENCAJEFIJAMODIFICADO,SECUENCIAL,int,NO,PRI,,auto_increment
FBS_CREDITO.SOLICITUDENCAJEFIJAMODIFICADO,SECUENCIALSOLICITUD,int,NO,MUL,,
FBS_CREDITO.SOLICITUDENCAJEFIJAMODIFICADO,RELACIONENCAJE,"decimal(18,2)",NO,,,
FBS_CREDITO.SOLICITUDENCAJEFIJAMODIFICADO,MONTOENCAJE,"decimal(18,2)",NO,,,
FBS_CREDITO.SOLICITUDENCAJEFIJAMODIFICADO,ESTAACTIVO,tinyint unsigned,NO,,,
FBS_CREDITO.SOLICITUDENCAJEFIJAMODIFICADO,NUMEROVERIFICADOR,int,NO,,,
FBS_CREDITO.SOLICITUDENCAJEFIJAMODIFICADO,COMENTARIO,varchar(500),NO,,,
FBS_CREDITO.SOLICITUDENCAJEFIJAMODIFICADO,CONCURRENCIA,timestamp(6),YES,,CURRENT_TIMESTAMP(6),DEFAULT_GENERATED on update CURRENT_TIMESTAMP(6)
FBS_CREDITO.SOLICITUDETAPARETORNA,SECUENCIAL,int,NO,PRI,,auto_increment
FBS_CREDITO.SOLICITUDETAPARETORNA,SECUENCIALETAPAUSUARIO,int,NO,MUL,,
FBS_CREDITO.SOLICITUDETAPARETORNA,SECUENCIALETAPARETORNA,int,NO,,,
FBS_CREDITO.SOLICITUDETAPARETORNA,ESTAPENDIENTE,tinyint unsigned,NO,,,
FBS_CREDITO.SOLICITUDETAPARETORNA,CONCURRENCIA,timestamp(6),YES,,CURRENT_TIMESTAMP(6),DEFAULT_GENERATED on update CURRENT_TIMESTAMP(6)
FBS_CREDITO.SOLICITUDETAPAUSUARIO,SECUENCIAL,int,NO,PRI,,auto_increment
FBS_CREDITO.SOLICITUDETAPAUSUARIO,SECUENCIALSOLICITUD,int,NO,MUL,,
FBS_CREDITO.SOLICITUDETAPAUSUARIO,SECUENCIALETAPA,int,NO,MUL,,
FBS_CREDITO.SOLICITUDETAPAUSUARIO,CODIGOUSUARIO,varchar(25),NO,MUL,,
FBS_CREDITO.SOLICITUDETAPAUSUARIO,FECHASISTEMAINGRESO,datetime(3),NO,,,
FBS_CREDITO.SOLICITUDETAPAUSUARIO,FECHAMAQUINAINGRESO,datetime(3),NO,,,
FBS_CREDITO.SOLICITUDETAPAUSUARIO,COMENTARIO,varchar(800),NO,,,
FBS_CREDITO.SOLICITUDETAPAUSUARIO,FINALIZADO,tinyint unsigned,NO,,,
FBS_CREDITO.SOLICITUDETAPAUSUARIO,PUEDECONTINUAR,tinyint unsigned,NO,,,
FBS_CREDITO.SOLICITUDETAPAUSUARIO,NUMEROVERIFICADOR,int,NO,,,
FBS_CREDITO.SOLICITUDETAPAUSUARIO,CODIGOGRUPOTRABAJO,varchar(20),NO,MUL,,
FBS_CREDITO.SOLICITUDETAPAUSUARIO,CONCURRENCIA,timestamp(6),YES,,CURRENT_TIMESTAMP(6),DEFAULT_GENERATED on update CURRENT_TIMESTAMP(6)
FBS_CREDITO.SOLICITUDETAPAUSUARIOEDICION,SECUENCIAL,int,NO,PRI,,auto_increment
FBS_CREDITO.SOLICITUDETAPAUSUARIOEDICION,SECUENCIALSOLICITUD,int,NO,MUL,,
FBS_CREDITO.SOLICITUDETAPAUSUARIOEDICION,SECUENCIALETAPA,int,NO,MUL,,
FBS_CREDITO.SOLICITUDETAPAUSUARIOEDICION,CODIGOUSUARIO,varchar(25),NO,MUL,,
FBS_CREDITO.SOLICITUDETAPAUSUARIOEDICION,FECHASISTEMAINGRESO,datetime(3),NO,,,
FBS_CREDITO.SOLICITUDETAPAUSUARIOEDICION,FECHAMAQUINAINGRESO,datetime(3),NO,,,
FBS_CREDITO.SOLICITUDETAPAUSUARIOEDICION,COMENTARIO,varchar(800),NO,,,
FBS_CREDITO.SOLICITUDETAPAUSUARIOEDICION,FINALIZADO,tinyint unsigned,NO,,,
FBS_CREDITO.SOLICITUDETAPAUSUARIOEDICION,PUEDECONTINUAR,tinyint unsigned,NO,,,
FBS_CREDITO.SOLICITUDETAPAUSUARIOEDICION,NUMEROVERIFICADOR,int,NO,,,
FBS_CREDITO.SOLICITUDETAPAUSUARIOEDICION,CODIGOGRUPOTRABAJO,varchar(20),NO,MUL,,
FBS_CREDITO.SOLICITUDETAPAUSUARIOEDICION,CONCURRENCIA,timestamp(6),YES,,CURRENT_TIMESTAMP(6),DEFAULT_GENERATED on update CURRENT_TIMESTAMP(6)
FBS_CREDITO.SOLICITUDEXCEPCION,SECUENCIAL,int,NO,PRI,,auto_increment
FBS_CREDITO.SOLICITUDEXCEPCION,SECUENCIALSOLICITUD,int,NO,MUL,,
FBS_CREDITO.SOLICITUDEXCEPCION,COMENTARIO,varchar(1000),NO,,,
FBS_CREDITO.SOLICITUDEXCEPCION,FECHASISTEMA,datetime(3),NO,,,
FBS_CREDITO.SOLICITUDEXCEPCION,FECHAMAQUINA,datetime(3),NO,,,
FBS_CREDITO.SOLICITUDEXCEPCION,CODIGOUSUARIOINGRESO,varchar(25),NO,MUL,,
FBS_CREDITO.SOLICITUDEXCEPCION,CODIGOESTADOSOLICITUD,varchar(200),NO,,,
FBS_CREDITO.SOLICITUDEXCEPCION,SECUENCIALTIPOEXCEPCION,int,NO,MUL,,
FBS_CREDITO.SOLICITUDEXCEPCION,NUMEROVERIFICADOR,int,NO,,,
FBS_CREDITO.SOLICITUDEXCEPCION,CONCURRENCIA,timestamp(6),YES,,CURRENT_TIMESTAMP(6),DEFAULT_GENERATED on update CURRENT_TIMESTAMP(6)
FBS_CREDITO.SOLICITUDEXCEPCIONCAMBIOESTADO,SECUENCIAL,int,NO,PRI,,auto_increment
FBS_CREDITO.SOLICITUDEXCEPCIONCAMBIOESTADO,SECUENCIALSOLICITUDEXCEPCION,int,NO,MUL,,
FBS_CREDITO.SOLICITUDEXCEPCIONCAMBIOESTADO,CODIGOUSUARIO,varchar(25),NO,MUL,,
FBS_CREDITO.SOLICITUDEXCEPCIONCAMBIOESTADO,FECHASISTEMA,datetime(3),NO,,,
FBS_CREDITO.SOLICITUDEXCEPCIONCAMBIOESTADO,FECHAMAQUINA,datetime(3),NO,,,
FBS_CREDITO.SOLICITUDEXCEPCIONCAMBIOESTADO,CODIGOCAMBIOESTADOSOLICITUD,varchar(50),NO,,,
FBS_CREDITO.SOLICITUDEXCEPCIONCAMBIOESTADO,CONCURRENCIA,timestamp(6),YES,,CURRENT_TIMESTAMP(6),DEFAULT_GENERATED on update CURRENT_TIMESTAMP(6)
FBS_CREDITO.SOLICITUDFLUJOINGRESOSGASTOS,SECUENCIAL,int,NO,PRI,,auto_increment
FBS_CREDITO.SOLICITUDFLUJOINGRESOSGASTOS,SECUENCIALSOLICITUD,int,NO,MUL,,
FBS_CREDITO.SOLICITUDFLUJOINGRESOSGASTOS,SECUENCIALTIPOITEMFLUJO,int,NO,MUL,,
FBS_CREDITO.SOLICITUDFLUJOINGRESOSGASTOS,CONCEPTO,varchar(100),NO,,,
FBS_CREDITO.SOLICITUDFLUJOINGRESOSGASTOS,UNIDAD,varchar(30),NO,,,
FBS_CREDITO.SOLICITUDFLUJOINGRESOSGASTOS,CANTIDAD,int,NO,,,
FBS_CREDITO.SOLICITUDFLUJOINGRESOSGASTOS,PRECIO,"decimal(18,2)",NO,,,
FBS_CREDITO.SOLICITUDFLUJOINGRESOSGASTOS,MES0,"decimal(18,2)",NO,,,
FBS_CREDITO.SOLICITUDFLUJOINGRESOSGASTOS,MES1,"decimal(18,2)",NO,,,
FBS_CREDITO.SOLICITUDFLUJOINGRESOSGASTOS,MES2,"decimal(18,2)",NO,,,
FBS_CREDITO.SOLICITUDFLUJOINGRESOSGASTOS,MES3,"decimal(18,2)",NO,,,
FBS_CREDITO.SOLICITUDFLUJOINGRESOSGASTOS,MES4,"decimal(18,2)",NO,,,
FBS_CREDITO.SOLICITUDFLUJOINGRESOSGASTOS,MES5,"decimal(18,2)",NO,,,
FBS_CREDITO.SOLICITUDFLUJOINGRESOSGASTOS,MES6,"decimal(18,2)",NO,,,
FBS_CREDITO.SOLICITUDFLUJOINGRESOSGASTOS,MES7,"decimal(18,2)",NO,,,
FBS_CREDITO.SOLICITUDFLUJOINGRESOSGASTOS,MES8,"decimal(18,2)",NO,,,
FBS_CREDITO.SOLICITUDFLUJOINGRESOSGASTOS,MES9,"decimal(18,2)",NO,,,
FBS_CREDITO.SOLICITUDFLUJOINGRESOSGASTOS,MES10,"decimal(18,2)",NO,,,
FBS_CREDITO.SOLICITUDFLUJOINGRESOSGASTOS,MES11,"decimal(18,2)",NO,,,
FBS_CREDITO.SOLICITUDFLUJOINGRESOSGASTOS,MES12,"decimal(18,2)",NO,,,
FBS_CREDITO.SOLICITUDFLUJOINGRESOSGASTOS,SUMATOTAL,"decimal(18,2)",NO,,,
FBS_CREDITO.SOLICITUDFLUJOINGRESOSGASTOS,CONCURRENCIA,timestamp(6),NO,,CURRENT_TIMESTAMP(6),DEFAULT_GENERATED on update CURRENT_TIMESTAMP(6)
FBS_CREDITO.SOLICITUDGARANTIACRUZADA,SECUENCIAL,int,NO,PRI,,auto_increment
FBS_CREDITO.SOLICITUDGARANTIACRUZADA,SECUENCIALSOLICITUD,int,NO,MUL,,
FBS_CREDITO.SOLICITUDGARANTIACRUZADA,SECUENCIALCLIENTE,int,NO,MUL,,
FBS_CREDITO.SOLICITUDGARANTIACRUZADA,COMENTARIO,varchar(250),NO,,,
FBS_CREDITO.SOLICITUDGARANTIACRUZADA,CODIGOUSUARIO,varchar(25),NO,MUL,,
FBS_CREDITO.SOLICITUDGARANTIACRUZADA,ESTADOSOLICITUD,varchar(20),NO,,,
FBS_CREDITO.SOLICITUDGARANTIACRUZADA,FECHASISTEMA,datetime,NO,,,
FBS_CREDITO.SOLICITUDGARANTIACRUZADA,FECHAMAQUINA,datetime(3),NO,,,
FBS_CREDITO.SOLICITUDGARANTIACRUZADA,NUMEROVERIFICADOR,int,NO,,,
FBS_CREDITO.SOLICITUDGARANTIACRUZADA,CONCURRENCIA,timestamp(6),YES,,CURRENT_TIMESTAMP(6),DEFAULT_GENERATED on update CURRENT_TIMESTAMP(6)
FBS_CREDITO.SOLICITUDGARANTIACRUZADACAMBIOESTADO,SECUENCIAL,int,NO,PRI,,auto_increment
FBS_CREDITO.SOLICITUDGARANTIACRUZADACAMBIOESTADO,SECUENCIALSOLICITUDGARANTIACRUZADA,int,NO,MUL,,
FBS_CREDITO.SOLICITUDGARANTIACRUZADACAMBIOESTADO,COMENTARIO,varchar(250),NO,,,
FBS_CREDITO.SOLICITUDGARANTIACRUZADACAMBIOESTADO,CODIGOUSUARIO,varchar(25),NO,MUL,,
FBS_CREDITO.SOLICITUDGARANTIACRUZADACAMBIOESTADO,FECHASISTEMA,datetime,NO,,,
FBS_CREDITO.SOLICITUDGARANTIACRUZADACAMBIOESTADO,FECHAMAQUINA,datetime(3),NO,,,
FBS_CREDITO.SOLICITUDGARANTIACRUZADACAMBIOESTADO,CODIGOCAMBIOESTADOSOLICITUD,varchar(20),NO,,,
FBS_CREDITO.SOLICITUDGARANTIACRUZADACAMBIOESTADO,CONCURRENCIA,timestamp(6),YES,,CURRENT_TIMESTAMP(6),DEFAULT_GENERATED on update CURRENT_TIMESTAMP(6)
FBS_CREDITO.SOLICITUDINFOBURO,SECUENCIAL,int,NO,PRI,,auto_increment
FBS_CREDITO.SOLICITUDINFOBURO,SECUENCIALSOLICITUD,int,NO,MUL,,
FBS_CREDITO.SOLICITUDINFOBURO,SECUENCIALPERSONA,int,NO,MUL,,
FBS_CREDITO.SOLICITUDINFOBURO,CODIGOUSUARIO,varchar(25),NO,MUL,,
FBS_CREDITO.SOLICITUDINFOBURO,INFOBURO,longtext,NO,,,
FBS_CREDITO.SOLICITUDINFOBURO,FECHAMAQUINA,datetime(3),NO,,,
FBS_CREDITO.SOLICITUDINFOBURO,FECHASISTEMA,datetime(3),NO,,,
FBS_CREDITO.SOLICITUDINFOBURO,CONSULTASATISFACTORIA,tinyint unsigned,NO,,,
FBS_CREDITO.SOLICITUDINFOBURO,NUMEROVERIFICADOR,int,NO,,,
FBS_CREDITO.SOLICITUDINFOBURO,CADENAPARAMETROS,longtext,NO,,,
FBS_CREDITO.SOLICITUDINFOBURO,ESTAACTIVA,tinyint unsigned,NO,,,
FBS_CREDITO.SOLICITUDINFOBURO,CONCURRENCIA,timestamp(6),YES,,CURRENT_TIMESTAMP(6),DEFAULT_GENERATED on update CURRENT_TIMESTAMP(6)
FBS_CREDITO.SOLICITUDINFORMACIONPAGARE,SECUENCIALSOLICITUD,int,NO,PRI,,
FBS_CREDITO.SOLICITUDINFORMACIONPAGARE,CODIGOUSUARIO,varchar(25),NO,MUL,,
FBS_CREDITO.SOLICITUDINFORMACIONPAGARE,ESPAGARECONFECHA,tinyint unsigned,NO,,,
FBS_CREDITO.SOLICITUDINFORMACIONPAGARE,FECHAPAGARE,datetime(3),NO,,,
FBS_CREDITO.SOLICITUDINFORMACIONPAGARE,FECHASISETMA,datetime(3),NO,,,
FBS_CREDITO.SOLICITUDINFORMACIONPAGARE,FECHAMAQUINA,datetime(3),NO,,,
FBS_CREDITO.SOLICITUDINFORMACIONPAGARE,NUMEROVERIFICADOR,int,NO,,,
FBS_CREDITO.SOLICITUDINFORMACIONPAGARE,CONCURRENCIA,timestamp(6),YES,,CURRENT_TIMESTAMP(6),DEFAULT_GENERATED on update CURRENT_TIMESTAMP(6)
FBS_CREDITO.SOLICITUDITEMDOCUMENTOGENERICO,SECUENCIAL,int,NO,PRI,,auto_increment
FBS_CREDITO.SOLICITUDITEMDOCUMENTOGENERICO,SECUENCIALSOLICITUD,int,NO,MUL,,
FBS_CREDITO.SOLICITUDITEMDOCUMENTOGENERICO,CODIGOITEMDOCUMENTO,varchar(10),NO,MUL,,
FBS_CREDITO.SOLICITUDITEMDOCUMENTOGENERICO,URL,varchar(75),NO,,,
FBS_CREDITO.SOLICITUDITEMDOCUMENTOGENERICO,ESTAACTIVO,tinyint unsigned,NO,,,
FBS_CREDITO.SOLICITUDITEMDOCUMENTOGENERICO,NUMEROVERIFICADOR,int,NO,,,
FBS_CREDITO.SOLICITUDITEMDOCUMENTOGENERICO,VERIFICADO,tinyint unsigned,NO,,,
FBS_CREDITO.SOLICITUDITEMDOCUMENTOGENERICO,ESREUTILIZABLE,tinyint unsigned,NO,,,
FBS_CREDITO.SOLICITUDITEMDOCUMENTOGENERICO,CODIGOBARRAS,varchar(50),NO,,,
FBS_CREDITO.SOLICITUDITEMDOCUMENTOGENERICO,VERSIONAREPROCESO,tinyint unsigned,NO,,,
FBS_CREDITO.SOLICITUDITEMDOCUMENTOGENERICO,BORRAR,tinyint unsigned,NO,,,
FBS_CREDITO.SOLICITUDITEMDOCUMENTOGENERICO,NUEVO,tinyint unsigned,NO,,,
FBS_CREDITO.SOLICITUDITEMDOCUMENTOGENERICO,CONCURRENCIA,timestamp(6),YES,,CURRENT_TIMESTAMP(6),DEFAULT_GENERATED on update CURRENT_TIMESTAMP(6)
FBS_CREDITO.SOLICITUDMAESTRO,SECUENCIAL,int,NO,PRI,,auto_increment
FBS_CREDITO.SOLICITUDMAESTRO,NUMEROSOLICITUD,int,NO,MUL,,
FBS_CREDITO.SOLICITUDMAESTRO,MONTOSOLICITADO,"decimal(18,2)",NO,,,
FBS_CREDITO.SOLICITUDMAESTRO,MONTOAPROBADO,"decimal(18,2)",NO,,,
FBS_CREDITO.SOLICITUDMAESTRO,DEUDAINICIAL,"decimal(18,2)",NO,,,
FBS_CREDITO.SOLICITUDMAESTRO,VALORAENTREGAR,"decimal(18,2)",NO,,,
FBS_CREDITO.SOLICITUDMAESTRO,FECHAINGRESO,datetime(3),NO,,,
FBS_CREDITO.SOLICITUDMAESTRO,CODIGOESTADOSOLICITUD,char(2),NO,MUL,,
FBS_CREDITO.SOLICITUDMAESTRO,CODIGOUSUARIOINGRESO,varchar(25),NO,MUL,,
FBS_CREDITO.SOLICITUDMAESTRO,CODIGOUSUARIOREGISTRO,varchar(25),NO,MUL,,
FBS_CREDITO.SOLICITUDMAESTRO,SECUENCIALOFICINA,int,NO,MUL,,
FBS_CREDITO.SOLICITUDMAESTRO,NUMEROVERIFICADOR,int,NO,,,
FBS_CREDITO.SOLICITUDMAESTRO,SECMIGRA,int,YES,,,
FBS_CREDITO.SOLICITUDMAESTRO,CONCURRENCIA,timestamp(6),YES,,CURRENT_TIMESTAMP(6),DEFAULT_GENERATED on update CURRENT_TIMESTAMP(6)
FBS_CREDITO.SOLICITUDMAESTROCOMPONENTE,SECUENCIAL,int,NO,PRI,,auto_increment
FBS_CREDITO.SOLICITUDMAESTROCOMPONENTE,SECUENCIALSOLICITUD,int,NO,MUL,,
FBS_CREDITO.SOLICITUDMAESTROCOMPONENTE,SECUENCIALCOMPONENTECREDITO,int,NO,MUL,,
FBS_CREDITO.SOLICITUDMAESTROCOMPONENTE,VALOR,"decimal(18,2)",NO,,,
FBS_CREDITO.SOLICITUDMAESTROCOMPONENTE,AUMENTADEUDA,tinyint,NO,,,
FBS_CREDITO.SOLICITUDMAESTROCOMPONENTE,CONCURRENCIA,timestamp(6),YES,,CURRENT_TIMESTAMP(6),DEFAULT_GENERATED on update CURRENT_TIMESTAMP(6)
FBS_CREDITO.SOLICITUDMAESTRODETALLEACTECONOMICA,SECUENCIAL,int,NO,PRI,,auto_increment
FBS_CREDITO.SOLICITUDMAESTRODETALLEACTECONOMICA,SECUENCIALSOLICITUDMAESTRO,int,NO,MUL,,
FBS_CREDITO.SOLICITUDMAESTRODETALLEACTECONOMICA,SECUENCIADETALLEDIVACTIVIDADECON,int,NO,MUL,,
FBS_CREDITO.SOLICITUDMAESTRODETALLEACTECONOMICA,CODIGOMECANISMOINSTRUMNCRE,varchar(10),NO,,,
FBS_CREDITO.SOLICITUDMAESTRODETALLEACTECONOMICA,ESTAACTIVO,tinyint unsigned,NO,,,
FBS_CREDITO.SOLICITUDMAESTRODETALLEACTECONOMICA,NUMEROVERIFICADOR,int,NO,,,
FBS_CREDITO.SOLICITUDMAESTRODETALLEACTECONOMICA,CONCURRENCIA,timestamp(6),YES,,CURRENT_TIMESTAMP(6),DEFAULT_GENERATED on update CURRENT_TIMESTAMP(6)
FBS_CREDITO.SOLICITUDMAESTROFINANTASA,SECUENCIAL,int,NO,PRI,,auto_increment
FBS_CREDITO.SOLICITUDMAESTROFINANTASA,SECUENCIALSOLICITUD,int,NO,MUL,,
FBS_CREDITO.SOLICITUDMAESTROFINANTASA,SECUENCIALTIPOPRESTAMOMOTIVOFINANTASA,int,NO,MUL,,
FBS_CREDITO.SOLICITUDMAESTROFINANTASA,TASAADICIONAL,"decimal(18,2)",NO,,,
FBS_CREDITO.SOLICITUDMAESTROFINANTASA,CONCURRENCIA,timestamp(6),YES,,CURRENT_TIMESTAMP(6),DEFAULT_GENERATED on update CURRENT_TIMESTAMP(6)
FBS_CREDITO.SOLICITUDMAESTROORDEN,SECUENCIAL,int,NO,PRI,,auto_increment
FBS_CREDITO.SOLICITUDMAESTROORDEN,SECUENCIALSOLICITUD,int,NO,MUL,,
FBS_CREDITO.SOLICITUDMAESTROORDEN,SECCUENCIALORDEN,int,NO,MUL,,
FBS_CREDITO.SOLICITUDMAESTROORDEN,CONCURRENCIA,timestamp(6),YES,,CURRENT_TIMESTAMP(6),DEFAULT_GENERATED on update CURRENT_TIMESTAMP(6)
FBS_CREDITO.SOLICITUDMAESTRO_ACTA,SECUENCIALSOLICITUDMAESTRO,int,NO,PRI,,
FBS_CREDITO.SOLICITUDMAESTRO_ACTA,SECUENCIALOFICINAACTA,int,NO,MUL,,
FBS_CREDITO.SOLICITUDMAESTRO_ACTA,OBSERVACION,varchar(2000),NO,,,
FBS_CREDITO.SOLICITUDMAESTRO_ACTA,CODIGOUSUARIO,varchar(25),NO,MUL,,
FBS_CREDITO.SOLICITUDMAESTRO_ACTA,FECHASISTEMA,datetime,NO,,,
FBS_CREDITO.SOLICITUDMAESTRO_ACTA,FECHAMAQUINA,datetime(3),NO,,,
FBS_CREDITO.SOLICITUDMAESTRO_ACTA,CONCURRENCIA,timestamp(6),YES,,CURRENT_TIMESTAMP(6),DEFAULT_GENERATED on update CURRENT_TIMESTAMP(6)
FBS_CREDITO.SOLICITUDMAESTRO_ACTAIMPRESION,SECUENCIALOFICINAACTA,int,NO,PRI,,
FBS_CREDITO.SOLICITUDMAESTRO_ACTAIMPRESION,CODIGOUSUARIO,varchar(25),NO,MUL,,
FBS_CREDITO.SOLICITUDMAESTRO_ACTAIMPRESION,FECHASISTEMA,datetime,NO,,,
FBS_CREDITO.SOLICITUDMAESTRO_ACTAIMPRESION,FECHAMAQUINA,datetime(3),NO,,,
FBS_CREDITO.SOLICITUDMAESTRO_ACTAIMPRESION,CONCURRENCIA,timestamp(6),YES,,CURRENT_TIMESTAMP(6),DEFAULT_GENERATED on update CURRENT_TIMESTAMP(6)
FBS_CREDITO.SOLICITUDMAESTRO_ACTECONOMICA,SECUENCIALSOLICITUDMAESTRO,int,NO,PRI,,
FBS_CREDITO.SOLICITUDMAESTRO_ACTECONOMICA,SECUENCIALDIVACTIVIDADECON,int,NO,MUL,,
FBS_CREDITO.SOLICITUDMAESTRO_ACTECONOMICA,CODIGOMECANISMOINSTRUMNCRE,varchar(10),NO,,,
FBS_CREDITO.SOLICITUDMAESTRO_ACTECONOMICA,NUMEROVERIFICADOR,int,NO,,,
FBS_CREDITO.SOLICITUDMAESTRO_ACTECONOMICA,CONCURRENCIA,timestamp(6),YES,,CURRENT_TIMESTAMP(6),DEFAULT_GENERATED on update CURRENT_TIMESTAMP(6)
FBS_CREDITO.SOLICITUDMAESTRO_CAUSALANULA,SECUENCIALSOLICITUD,int,NO,PRI,,
FBS_CREDITO.SOLICITUDMAESTRO_CAUSALANULA,SECUENCIALCAUSALANULACION,int,NO,MUL,,
FBS_CREDITO.SOLICITUDMAESTRO_CAUSALANULA,ESTAACTIVA,tinyint unsigned,NO,,,
FBS_CREDITO.SOLICITUDMAESTRO_CAUSALANULA,NUMEROVERIFICADOR,int,NO,,,
FBS_CREDITO.SOLICITUDMAESTRO_CAUSALANULA,CONCURRENCIA,timestamp(6),YES,,CURRENT_TIMESTAMP(6),DEFAULT_GENERATED on update CURRENT_TIMESTAMP(6)
FBS_CREDITO.SOLICITUDMAESTRO_CONVENIO,SECUENCIALSOLICITUD,int,NO,PRI,,
FBS_CREDITO.SOLICITUDMAESTRO_CONVENIO,SECUENCIALPERSONA,int,NO,MUL,,
FBS_CREDITO.SOLICITUDMAESTRO_CONVENIO,CODIGOUSUARIOVENDEDOR,varchar(25),NO,MUL,,
FBS_CREDITO.SOLICITUDMAESTRO_CONVENIO,MONTOCOTIZACION,"decimal(18,2)",NO,,,
FBS_CREDITO.SOLICITUDMAESTRO_CONVENIO,DETALLEARTICULO,varchar(100),NO,,,
FBS_CREDITO.SOLICITUDMAESTRO_CONVENIO,CONCURRENCIA,timestamp(6),YES,,CURRENT_TIMESTAMP(6),DEFAULT_GENERATED on update CURRENT_TIMESTAMP(6)
FBS_CREDITO.SOLICITUDMAESTRO_NOTARIO,SECUENCIALSOLICITUDMAESTRO,int,NO,PRI,,
FBS_CREDITO.SOLICITUDMAESTRO_NOTARIO,SECUENCIALNOTARIO,int,NO,MUL,,
FBS_CREDITO.SOLICITUDMAESTRO_NOTARIO,FECHASISTEMAINGRESO,datetime(3),NO,,,
FBS_CREDITO.SOLICITUDMAESTRO_NOTARIO,FECHAMAQUINAINGRESO,datetime(3),NO,,,
FBS_CREDITO.SOLICITUDMAESTRO_NOTARIO,CONCURRENCIA,timestamp(6),YES,,CURRENT_TIMESTAMP(6),DEFAULT_GENERATED on update CURRENT_TIMESTAMP(6)
FBS_CREDITO.SOLICITUDMAESTRO_OBLIGACION,SECUENCIALSOLICITUD,int,NO,PRI,,
FBS_CREDITO.SOLICITUDMAESTRO_OBLIGACION,SECUENCIALOBLIGACION,int,NO,MUL,,
FBS_CREDITO.SOLICITUDMAESTRO_OBLIGACION,CONCURRENCIA,timestamp(6),YES,,CURRENT_TIMESTAMP(6),DEFAULT_GENERATED on update CURRENT_TIMESTAMP(6)
FBS_CREDITO.SOLICITUDMAESTRO_PRESTAMO,SECUENCIALSOLICITUD,int,NO,PRI,,
FBS_CREDITO.SOLICITUDMAESTRO_PRESTAMO,CODIGOTIPOPRESTAMO,char(10),NO,MUL,,
FBS_CREDITO.SOLICITUDMAESTRO_PRESTAMO,CODIGOPRODUCTOCARTERA,char(20),NO,MUL,,
FBS_CREDITO.SOLICITUDMAESTRO_PRESTAMO,SECUENCIALSEGMENTOINTERNO,int,NO,MUL,,
FBS_CREDITO.SOLICITUDMAESTRO_PRESTAMO,SECUENCIALCONDICIONTABLAAMORTZ,int,NO,MUL,,
FBS_CREDITO.SOLICITUDMAESTRO_PRESTAMO,CODIGOSUBCALIFICACIONCONTABLE,varchar(10),NO,MUL,,
FBS_CREDITO.SOLICITUDMAESTRO_PRESTAMO,FRECUENCIAPAGO,int,NO,,,
FBS_CREDITO.SOLICITUDMAESTRO_PRESTAMO,NUMEROCUOTAS,int,NO,,,
FBS_CREDITO.SOLICITUDMAESTRO_PRESTAMO,COBRAPORROL,tinyint unsigned,NO,,,
FBS_CREDITO.SOLICITUDMAESTRO_PRESTAMO,CODIGOORIGENRECURSO,char(10),NO,MUL,,
FBS_CREDITO.SOLICITUDMAESTRO_PRESTAMO,DETALLEDESTINO,varchar(200),NO,,,
FBS_CREDITO.SOLICITUDMAESTRO_PRESTAMO,PARACONSTRUCCIONVIVIENDA,tinyint unsigned,NO,,,
FBS_CREDITO.SOLICITUDMAESTRO_PRESTAMO,OTRASDEUDAS,"decimal(18,2)",NO,,,
FBS_CREDITO.SOLICITUDMAESTRO_PRESTAMO,DEUDASCONYUGE,"decimal(18,2)",NO,,,
FBS_CREDITO.SOLICITUDMAESTRO_PRESTAMO,CONGARANTIABANCARIASOLVENTE,tinyint unsigned,NO,,,
FBS_CREDITO.SOLICITUDMAESTRO_PRESTAMO,FECHAVENCIMIENTO,datetime(3),NO,,,
FBS_CREDITO.SOLICITUDMAESTRO_PRESTAMO,ENDEUDAMIENTOSBS,"decimal(18,2)",NO,,,
FBS_CREDITO.SOLICITUDMAESTRO_PRESTAMO,VENTASANUALES,"decimal(18,2)",NO,,,
FBS_CREDITO.SOLICITUDMAESTRO_PRESTAMO,DEUDAACOMPRAR,"decimal(18,2)",NO,,,
FBS_CREDITO.SOLICITUDMAESTRO_PRESTAMO,VALORBIENFINANCIADO,"decimal(18,2)",NO,,,
FBS_CREDITO.SOLICITUDMAESTRO_PRESTAMO,CONCURRENCIA,timestamp(6),YES,,CURRENT_TIMESTAMP(6),DEFAULT_GENERATED on update CURRENT_TIMESTAMP(6)
FBS_CREDITO.SOLICITUDMAESTRO_PRESTAMOFONDEO,SECUENCIAL,int,NO,PRI,,auto_increment
FBS_CREDITO.SOLICITUDMAESTRO_PRESTAMOFONDEO,SECUENCIALSOLICITUDPRESTAMO,int,NO,,,
FBS_CREDITO.SOLICITUDMAESTRO_PRESTAMOFONDEO,SECUENCIALOBLIGACION,int,NO,,,
FBS_CREDITO.SOLICITUDMAESTRO_PRESTAMOFONDEO,VALORASIGNADO,"decimal(18,2)",NO,,,
FBS_CREDITO.SOLICITUDMAESTRO_PRESTAMOFONDEO,ESTAACTIVO,tinyint unsigned,NO,,,
FBS_CREDITO.SOLICITUDMAESTRO_PRESTAMOFONDEO,NUMEROVERIFICADOR,int,NO,,,
FBS_CREDITO.SOLICITUDMAESTRO_PRESTAMOFONDEO,CONCURRENCIA,timestamp(6),YES,,CURRENT_TIMESTAMP(6),DEFAULT_GENERATED on update CURRENT_TIMESTAMP(6)
FBS_CREDITO.SOLICITUDMAESTRO_RUBROPORPAGAR,SECUENCIALSOLICITUD,int,NO,PRI,,
FBS_CREDITO.SOLICITUDMAESTRO_RUBROPORPAGAR,SECUENCIALRUBROPORPAGAR,int,NO,MUL,,
FBS_CREDITO.SOLICITUDMAESTRO_RUBROPORPAGAR,CONCURRENCIA,timestamp(6),YES,,CURRENT_TIMESTAMP(6),DEFAULT_GENERATED on update CURRENT_TIMESTAMP(6)
FBS_CREDITO.SOLICITUDMAESTRO_SUBCALIFICACIONCREDITO,SECUENCIALSOLICITUDMAESTRO,int,NO,PRI,,
FBS_CREDITO.SOLICITUDMAESTRO_SUBCALIFICACIONCREDITO,CODIGOSUBCALIFICACIONCREDITO,char(10),NO,MUL,,
FBS_CREDITO.SOLICITUDMAESTRO_SUBCALIFICACIONCREDITO,CONCURRENCIA,timestamp(6),YES,,CURRENT_TIMESTAMP(6),DEFAULT_GENERATED on update CURRENT_TIMESTAMP(6)
FBS_CREDITO.SOLICITUDMITIGACIONRIESGO,SECUENCIAL,int,NO,PRI,,auto_increment
FBS_CREDITO.SOLICITUDMITIGACIONRIESGO,SECUENCIALSOLICITUD,int,NO,MUL,,
FBS_CREDITO.SOLICITUDMITIGACIONRIESGO,CODIGOMITIGACIONRIESGO,char(2),NO,MUL,,
FBS_CREDITO.SOLICITUDMITIGACIONRIESGO,COMENTARIO,varchar(250),NO,,,
FBS_CREDITO.SOLICITUDMITIGACIONRIESGO,ESTAACTIVO,tinyint unsigned,NO,,,
FBS_CREDITO.SOLICITUDMITIGACIONRIESGO,NUMEROVERIFICADOR,int,NO,,,
FBS_CREDITO.SOLICITUDMITIGACIONRIESGO,CONCURRENCIA,timestamp(6),YES,,CURRENT_TIMESTAMP(6),DEFAULT_GENERATED on update CURRENT_TIMESTAMP(6)
FBS_CREDITO.SOLICITUDNUMEROOPERACIONES,SECUENCIAL,int,NO,PRI,,auto_increment
FBS_CREDITO.SOLICITUDNUMEROOPERACIONES,SECUENCIALCLIENTE,int,NO,MUL,,
FBS_CREDITO.SOLICITUDNUMEROOPERACIONES,PRESTAMOSAUTORIZADOS,int,NO,,,
FBS_CREDITO.SOLICITUDNUMEROOPERACIONES,COMENTARIO,varchar(250),NO,,,
FBS_CREDITO.SOLICITUDNUMEROOPERACIONES,CODIGOESTADO,varchar(15),NO,,,
FBS_CREDITO.SOLICITUDNUMEROOPERACIONES,CODIGOUSUARIO,varchar(25),NO,MUL,,
FBS_CREDITO.SOLICITUDNUMEROOPERACIONES,FECHASISTEMA,datetime,NO,,,
FBS_CREDITO.SOLICITUDNUMEROOPERACIONES,FECHAMAQUINA,datetime(3),NO,,,
FBS_CREDITO.SOLICITUDNUMEROOPERACIONES,CONCURRENCIA,timestamp(6),YES,,CURRENT_TIMESTAMP(6),DEFAULT_GENERATED on update CURRENT_TIMESTAMP(6)
FBS_CREDITO.SOLICITUDNUMEROOPERACIONESCAMBIOESTADO,SECUENCIAL,int,NO,PRI,,auto_increment
FBS_CREDITO.SOLICITUDNUMEROOPERACIONESCAMBIOESTADO,SECUENCIALSOLICITUDNUMOPERACIONES,int,NO,MUL,,
FBS_CREDITO.SOLICITUDNUMEROOPERACIONESCAMBIOESTADO,COMENTARIO,varchar(250),NO,,,
FBS_CREDITO.SOLICITUDNUMEROOPERACIONESCAMBIOESTADO,CODIGOUSUARIO,varchar(25),NO,MUL,,
FBS_CREDITO.SOLICITUDNUMEROOPERACIONESCAMBIOESTADO,FECHASISTEMA,datetime,NO,,,
FBS_CREDITO.SOLICITUDNUMEROOPERACIONESCAMBIOESTADO,FECHAMAQUINA,datetime(3),NO,,,
FBS_CREDITO.SOLICITUDNUMEROOPERACIONESCAMBIOESTADO,CODIGOCAMBIOESTADOSOLICITUD,varchar(15),NO,,,
FBS_CREDITO.SOLICITUDNUMEROOPERACIONESCAMBIOESTADO,CONCURRENCIA,timestamp(6),YES,,CURRENT_TIMESTAMP(6),DEFAULT_GENERATED on update CURRENT_TIMESTAMP(6)
FBS_CREDITO.SOLICITUDPAGOEXTRA,SECUENCIAL,int,NO,PRI,,auto_increment
FBS_CREDITO.SOLICITUDPAGOEXTRA,SECUENCIALSOLICITUD,int,NO,MUL,,
FBS_CREDITO.SOLICITUDPAGOEXTRA,FECHAPAGO,datetime(3),NO,,,
FBS_CREDITO.SOLICITUDPAGOEXTRA,VALOR,"decimal(18,2)",NO,,,
FBS_CREDITO.SOLICITUDPAGOEXTRA,ESTAACTIVO,tinyint unsigned,NO,,,
FBS_CREDITO.SOLICITUDPAGOEXTRA,NUMEROVERIFICADOR,int,NO,,,
FBS_CREDITO.SOLICITUDPAGOEXTRA,CONCURRENCIA,timestamp(6),YES,,CURRENT_TIMESTAMP(6),DEFAULT_GENERATED on update CURRENT_TIMESTAMP(6)
FBS_CREDITO.SOLICITUDPERSONAVINCULADO,SECUENCIAL,int,NO,PRI,,auto_increment
FBS_CREDITO.SOLICITUDPERSONAVINCULADO,SECUENCIALCLIENTE,int,NO,MUL,,
FBS_CREDITO.SOLICITUDPERSONAVINCULADO,FECHAMAQUINA,datetime(3),NO,,,
FBS_CREDITO.SOLICITUDPERSONAVINCULADO,FECHASISTEMA,datetime(3),NO,,,
FBS_CREDITO.SOLICITUDPERSONAVINCULADO,CODIGOUSUARIO,varchar(25),NO,MUL,,
FBS_CREDITO.SOLICITUDPERSONAVINCULADO,CODIGOESTADO,varchar(50),NO,,,
FBS_CREDITO.SOLICITUDPERSONAVINCULADO,SECUENCIALSOLICITUD,int,NO,MUL,,
FBS_CREDITO.SOLICITUDPERSONAVINCULADO,CONCURRENCIA,timestamp(6),YES,,CURRENT_TIMESTAMP(6),DEFAULT_GENERATED on update CURRENT_TIMESTAMP(6)
FBS_CREDITO.SOLICITUDREGISTROVISITAS,SECUENCIAL,int,NO,PRI,,auto_increment
FBS_CREDITO.SOLICITUDREGISTROVISITAS,SECUENCIALSOLICITUD,int,NO,MUL,,
FBS_CREDITO.SOLICITUDREGISTROVISITAS,FECHAVISITA,datetime(3),NO,,,
FBS_CREDITO.SOLICITUDREGISTROVISITAS,DIRECCIONVISITA,varchar(300),NO,,,
FBS_CREDITO.SOLICITUDREGISTROVISITAS,LONGITUD,"decimal(18,6)",NO,,,
FBS_CREDITO.SOLICITUDREGISTROVISITAS,LATITUD,"decimal(18,6)",NO,,,
FBS_CREDITO.SOLICITUDREGISTROVISITAS,COMENTARIO,varchar(500),NO,,,
FBS_CREDITO.SOLICITUDREGISTROVISITAS,FECHASISTEMA,datetime(3),NO,,,
FBS_CREDITO.SOLICITUDREGISTROVISITAS,FECHAMAQUINA,datetime(3),NO,,,
FBS_CREDITO.SOLICITUDREGISTROVISITAS,CODIGOUSUARIOREGISTRO,varchar(25),NO,MUL,,
FBS_CREDITO.SOLICITUDREGISTROVISITAS,ESTAACTIVO,tinyint unsigned,NO,,,
FBS_CREDITO.SOLICITUDREGISTROVISITAS,NUMEROVERIFICADOR,int,NO,,,
FBS_CREDITO.SOLICITUDREGISTROVISITAS,CONCURRENCIA,timestamp(6),YES,,CURRENT_TIMESTAMP(6),DEFAULT_GENERATED on update CURRENT_TIMESTAMP(6)
FBS_CREDITO.SOLICITUDREGISTROVISITASAGENDA,SECUENCIAL,int,NO,PRI,,auto_increment
FBS_CREDITO.SOLICITUDREGISTROVISITASAGENDA,SECUENCIALSOLICITUDREGISTROVISITAS,int,NO,MUL,,
FBS_CREDITO.SOLICITUDREGISTROVISITASAGENDA,FECHAPROXIMAVISITA,datetime(3),NO,,,
FBS_CREDITO.SOLICITUDREGISTROVISITASAGENDA,DIRECCIONPROXIMAVISITA,varchar(100),NO,,,
FBS_CREDITO.SOLICITUDREGISTROVISITASAGENDA,COMENTARIOPROXIMAVISITA,varchar(300),NO,,,
FBS_CREDITO.SOLICITUDREGISTROVISITASAGENDA,FECHASISTEMAINGRESO,datetime(3),NO,,,
FBS_CREDITO.SOLICITUDREGISTROVISITASAGENDA,FECHAMAQUINA,datetime(3),NO,,,
FBS_CREDITO.SOLICITUDREGISTROVISITASAGENDA,CODIGOUSUARIOINGRESO,varchar(25),NO,MUL,,
FBS_CREDITO.SOLICITUDREGISTROVISITASAGENDA,ESTAACTIVO,tinyint unsigned,NO,,,
FBS_CREDITO.SOLICITUDREGISTROVISITASAGENDA,NUMEROVERIFICADOR,int,NO,,,
FBS_CREDITO.SOLICITUDREGISTROVISITASAGENDA,CONCURRENCIA,timestamp(6),YES,,CURRENT_TIMESTAMP(6),DEFAULT_GENERATED on update CURRENT_TIMESTAMP(6)
FBS_CREDITO.SOLICITUDRESOLUCIONSECRETARIA,SECUENCIAL,int,NO,PRI,,auto_increment
FBS_CREDITO.SOLICITUDRESOLUCIONSECRETARIA,SECUENCIALSOLICITUD,int,NO,MUL,,
FBS_CREDITO.SOLICITUDRESOLUCIONSECRETARIA,APROBADO,tinyint unsigned,NO,,,
FBS_CREDITO.SOLICITUDRESOLUCIONSECRETARIA,NEGADO,tinyint unsigned,NO,,,
FBS_CREDITO.SOLICITUDRESOLUCIONSECRETARIA,COMENTARIO,varchar(500),NO,,,
FBS_CREDITO.SOLICITUDRESOLUCIONSECRETARIA,CODIGOUSUARIO,varchar(25),NO,MUL,,
FBS_CREDITO.SOLICITUDRESOLUCIONSECRETARIA,FECHASISTEMA,datetime,NO,,,
FBS_CREDITO.SOLICITUDRESOLUCIONSECRETARIA,FECHAMAQUINA,datetime(3),NO,,,
FBS_CREDITO.SOLICITUDRESOLUCIONSECRETARIA,CONCURRENCIA,timestamp(6),YES,,CURRENT_TIMESTAMP(6),DEFAULT_GENERATED on update CURRENT_TIMESTAMP(6)
FBS_CREDITO.SOLICITUDRIESGOSIDENTIFICADOS,SECUENCIAL,int,NO,PRI,,auto_increment
FBS_CREDITO.SOLICITUDRIESGOSIDENTIFICADOS,SECUENCIALSOLICITUD,int,NO,MUL,,
FBS_CREDITO.SOLICITUDRIESGOSIDENTIFICADOS,CODIGORIESGOIDENTIFICADO,char(2),NO,MUL,,
FBS_CREDITO.SOLICITUDRIESGOSIDENTIFICADOS,COMENTARIO,varchar(250),NO,,,
FBS_CREDITO.SOLICITUDRIESGOSIDENTIFICADOS,ESTAACTIVO,tinyint unsigned,NO,,,
FBS_CREDITO.SOLICITUDRIESGOSIDENTIFICADOS,NUMEROVERIFICADOR,int,NO,,,
FBS_CREDITO.SOLICITUDRIESGOSIDENTIFICADOS,CONCURRENCIA,timestamp(6),YES,,CURRENT_TIMESTAMP(6),DEFAULT_GENERATED on update CURRENT_TIMESTAMP(6)
FBS_CREDITO.SOLICITUDSEGUROVIVIENDA,SECUENCIALSOLICITUD,int,NO,PRI,,
FBS_CREDITO.SOLICITUDSEGUROVIVIENDA,VALORSEGURO,"decimal(18,2)",NO,,,
FBS_CREDITO.SOLICITUDSEGUROVIVIENDA,ESTAPROCESADO,tinyint unsigned,NO,,,
FBS_CREDITO.SOLICITUDSEGUROVIVIENDA,FECHAINGRESO,datetime(3),NO,,,
FBS_CREDITO.SOLICITUDSEGUROVIVIENDA,CODIGOUSUARIOINGRESO,varchar(25),NO,MUL,,
FBS_CREDITO.SOLICITUDSEGUROVIVIENDA,SECUENCIALCUENTA,int,NO,MUL,,
FBS_CREDITO.SOLICITUDSEGUROVIVIENDA,ESTAACTIVO,tinyint unsigned,NO,,,
FBS_CREDITO.SOLICITUDSEGUROVIVIENDA,NUMEROVERIFICADOR,int,NO,,,
FBS_CREDITO.SOLICITUDSEGUROVIVIENDA,CONCURRENCIA,timestamp(6),YES,,CURRENT_TIMESTAMP(6),DEFAULT_GENERATED on update CURRENT_TIMESTAMP(6)
FBS_CREDITO.SOLICITUDTABLAPAGOS,SECUENCIAL,int,NO,PRI,,auto_increment
FBS_CREDITO.SOLICITUDTABLAPAGOS,SECUENCIALSOLICITUD,int,NO,MUL,,
FBS_CREDITO.SOLICITUDTABLAPAGOS,SECUENCIALPERSONA,int,NO,MUL,,
FBS_CREDITO.SOLICITUDTABLAPAGOS,NUMEROCUOTA,int,NO,,,
FBS_CREDITO.SOLICITUDTABLAPAGOS,FECHAPAGO,datetime(3),NO,,,
FBS_CREDITO.SOLICITUDTABLAPAGOS,VALORCAPITAL,"decimal(18,2)",NO,,,
FBS_CREDITO.SOLICITUDTABLAPAGOS,VALORFLUJOCAJA,"decimal(18,2)",NO,,,
FBS_CREDITO.SOLICITUDTABLAPAGOS,VALORINTERES,"decimal(18,2)",NO,,,
FBS_CREDITO.SOLICITUDTABLAPAGOS,VALOROTROS,"decimal(18,2)",NO,,,
FBS_CREDITO.SOLICITUDTABLAPAGOS,VALORTOTAL,"decimal(18,2)",NO,,,
FBS_CREDITO.SOLICITUDTABLAPAGOS,SALDOCAPITAL,"decimal(18,2)",NO,,,
FBS_CREDITO.SOLICITUDTABLAPAGOS,SALDOCAPITALENCUOTA,"decimal(18,2)",NO,,,
FBS_CREDITO.SOLICITUDTABLAPAGOS,CONCURRENCIA,timestamp(6),YES,,CURRENT_TIMESTAMP(6),DEFAULT_GENERATED on update CURRENT_TIMESTAMP(6)
FBS_CREDITO.SOLICITUDTASAPREFERENCIAL,SECUENCIAL,int,NO,PRI,,auto_increment
FBS_CREDITO.SOLICITUDTASAPREFERENCIAL,SECUENCIALSOLICITUD,int,NO,MUL,,
FBS_CREDITO.SOLICITUDTASAPREFERENCIAL,TASAPREFERENCIAL,"decimal(18,2)",NO,,,
FBS_CREDITO.SOLICITUDTASAPREFERENCIAL,COMENTARIO,varchar(300),NO,,,
FBS_CREDITO.SOLICITUDTASAPREFERENCIAL,CODIGOUSUARIOINGRESO,varchar(25),NO,MUL,,
FBS_CREDITO.SOLICITUDTASAPREFERENCIAL,FECHASISTEMA,datetime(3),NO,,,
FBS_CREDITO.SOLICITUDTASAPREFERENCIAL,FECHAMAQUINA,datetime(3),NO,,,
FBS_CREDITO.SOLICITUDTASAPREFERENCIAL,CODIGOESTADOSOLICITUD,varchar(20),NO,,,
FBS_CREDITO.SOLICITUDTASAPREFERENCIAL,NUMEROVERIFICADOR,int,NO,,,
FBS_CREDITO.SOLICITUDTASAPREFERENCIAL,ESTAFUERADERANGO,tinyint unsigned,NO,,0,
FBS_CREDITO.SOLICITUDTASAPREFERENCIAL,CONCURRENCIA,timestamp(6),YES,,CURRENT_TIMESTAMP(6),DEFAULT_GENERATED on update CURRENT_TIMESTAMP(6)
FBS_CREDITO.SOLICITUDTASAPREFERENCIALCAMBIOESTADO,SECUENCIAL,int,NO,PRI,,auto_increment
FBS_CREDITO.SOLICITUDTASAPREFERENCIALCAMBIOESTADO,SECUENCIALSOLICITUDTASAPREFERENCIAL,int,NO,MUL,,
FBS_CREDITO.SOLICITUDTASAPREFERENCIALCAMBIOESTADO,CODIGOUSUARIOINGRESO,varchar(25),NO,MUL,,
FBS_CREDITO.SOLICITUDTASAPREFERENCIALCAMBIOESTADO,FECHASISTEMA,datetime(3),NO,,,
FBS_CREDITO.SOLICITUDTASAPREFERENCIALCAMBIOESTADO,FECHAMAQUINA,datetime(3),NO,,,
FBS_CREDITO.SOLICITUDTASAPREFERENCIALCAMBIOESTADO,CODIGOESTADOSOLICITUDCAMBIO,varchar(20),NO,,,
FBS_CREDITO.SOLICITUDTASAPREFERENCIALCAMBIOESTADO,CONCURRENCIA,timestamp(6),YES,,CURRENT_TIMESTAMP(6),DEFAULT_GENERATED on update CURRENT_TIMESTAMP(6)
FBS_CREDITO.SOLICITUDTIPOALERTAETAPA,SECUENCIAL,int,NO,PRI,,auto_increment
FBS_CREDITO.SOLICITUDTIPOALERTAETAPA,SECUENCIALSOLICITUD,int,NO,MUL,,
FBS_CREDITO.SOLICITUDTIPOALERTAETAPA,SECUENCIALTIPOALERTA,int,NO,MUL,,
FBS_CREDITO.SOLICITUDTIPOALERTAETAPA,SECUENCIALETAPA,int,NO,MUL,,
FBS_CREDITO.SOLICITUDTIPOALERTAETAPA,RESULTADO,tinyint unsigned,NO,,,
FBS_CREDITO.SOLICITUDTIPOALERTAETAPA,MENSAJE,varchar(500),NO,,,
FBS_CREDITO.SOLICITUDTIPOALERTAETAPA,FECHASISTEMA,datetime(3),NO,,,
FBS_CREDITO.SOLICITUDTIPOALERTAETAPA,FECHAMAQUINA,datetime(3),NO,,,
FBS_CREDITO.SOLICITUDTIPOALERTAETAPA,CODIGOUSUARIO,varchar(25),NO,MUL,,
FBS_CREDITO.SOLICITUDTIPOALERTAETAPA,CONCURRENCIA,timestamp(6),YES,,CURRENT_TIMESTAMP(6),DEFAULT_GENERATED on update CURRENT_TIMESTAMP(6)
FBS_CREDITO.SOLICITUDTIPOALERTAETAPAEXCEPCION,SECUENCIAL,int,NO,PRI,,auto_increment
FBS_CREDITO.SOLICITUDTIPOALERTAETAPAEXCEPCION,SECUENCIALSOLICITUDTIPOALERTAETAPA,int,NO,MUL,,
FBS_CREDITO.SOLICITUDTIPOALERTAETAPAEXCEPCION,COMENTARIO,varchar(1000),NO,,,
FBS_CREDITO.SOLICITUDTIPOALERTAETAPAEXCEPCION,FECHASISTEMA,datetime(3),NO,,,
FBS_CREDITO.SOLICITUDTIPOALERTAETAPAEXCEPCION,FECHAMAQUINA,datetime(3),NO,,,
FBS_CREDITO.SOLICITUDTIPOALERTAETAPAEXCEPCION,CODIGOUSUARIOINGRESO,varchar(25),NO,MUL,,
FBS_CREDITO.SOLICITUDTIPOALERTAETAPAEXCEPCION,CODIGOESTADOSOLICITUD,varchar(200),NO,,,
FBS_CREDITO.SOLICITUDTIPOALERTAETAPAEXCEPCION,NUMEROVERIFICADOR,int,NO,,,
FBS_CREDITO.SOLICITUDTIPOALERTAETAPAEXCEPCION,CONCURRENCIA,timestamp(6),YES,,CURRENT_TIMESTAMP(6),DEFAULT_GENERATED on update CURRENT_TIMESTAMP(6)
FBS_CREDITO.SOLICITUDTIPOALERTAETAPAEXCEPCIONCAMBIOESTADO,SECUENCIAL,int,NO,PRI,,auto_increment
FBS_CREDITO.SOLICITUDTIPOALERTAETAPAEXCEPCIONCAMBIOESTADO,SECUENCIALSOLICITUDTIPOALERTAETAPAEXCEPCION,int,NO,MUL,,
FBS_CREDITO.SOLICITUDTIPOALERTAETAPAEXCEPCIONCAMBIOESTADO,CODIGOUSUARIO,varchar(25),NO,MUL,,
FBS_CREDITO.SOLICITUDTIPOALERTAETAPAEXCEPCIONCAMBIOESTADO,FECHASISTEMA,datetime(3),NO,,,
FBS_CREDITO.SOLICITUDTIPOALERTAETAPAEXCEPCIONCAMBIOESTADO,FECHAMAQUINA,datetime(3),NO,,,
FBS_CREDITO.SOLICITUDTIPOALERTAETAPAEXCEPCIONCAMBIOESTADO,CODIGOCAMBIOESTADOSOLICITUD,varchar(200),NO,,,
FBS_CREDITO.SOLICITUDTIPOALERTAETAPAEXCEPCIONCAMBIOESTADO,CONCURRENCIA,timestamp(6),YES,,CURRENT_TIMESTAMP(6),DEFAULT_GENERATED on update CURRENT_TIMESTAMP(6)
FBS_CREDITO.SOLICITUDTIPOGARANTIA,SECUENCIAL,int,NO,PRI,,auto_increment
FBS_CREDITO.SOLICITUDTIPOGARANTIA,SECUENCIALSOLICITUD,int,NO,MUL,,
FBS_CREDITO.SOLICITUDTIPOGARANTIA,CODIGOTIPOGARANTIA,char(10),NO,MUL,,
FBS_CREDITO.SOLICITUDTIPOGARANTIA,NUMERO,int,NO,,,
FBS_CREDITO.SOLICITUDTIPOGARANTIA,NUMEROVERIFICADOR,int,NO,,,
FBS_CREDITO.SOLICITUDTIPOGARANTIA,CONCURRENCIA,timestamp(6),YES,,CURRENT_TIMESTAMP(6),DEFAULT_GENERATED on update CURRENT_TIMESTAMP(6)
FBS_CREDITO.SOLICITUD_ANALISISRIESGO,SECUENCIAL,int,NO,PRI,,auto_increment
FBS_CREDITO.SOLICITUD_ANALISISRIESGO,SECUENCIALSOLICITUD,int,NO,MUL,,
FBS_CREDITO.SOLICITUD_ANALISISRIESGO,DETALLEEXPERIENCIACREDITICIA,longtext,NO,,,
FBS_CREDITO.SOLICITUD_ANALISISRIESGO,DETALLECENTRALRIESGOSDEUDOR,longtext,NO,,,
FBS_CREDITO.SOLICITUD_ANALISISRIESGO,DETALLECENTRALRIESGOSGARANTES,longtext,NO,,,
FBS_CREDITO.SOLICITUD_ANALISISRIESGO,DETALLEGARANTIACOMERCIAL,longtext,NO,,,
FBS_CREDITO.SOLICITUD_ANALISISRIESGO,DETALLEGARANTIAPERSONAL,longtext,NO,,,
FBS_CREDITO.SOLICITUD_ANALISISRIESGO,DETALLEGARANTIABANCARIA,longtext,NO,,,
FBS_CREDITO.SOLICITUD_ANALISISRIESGO,DETALLEINDICADORES,longtext,NO,,,
FBS_CREDITO.SOLICITUD_ANALISISRIESGO,COMENTARIOYJUSTIFICACION,longtext,NO,,,
FBS_CREDITO.SOLICITUD_ANALISISRIESGO,CODIGOUSUARIO,varchar(25),NO,MUL,,
FBS_CREDITO.SOLICITUD_ANALISISRIESGO,FECHAMAQUINA,datetime(3),NO,,,
FBS_CREDITO.SOLICITUD_ANALISISRIESGO,FECHASISTEMA,datetime(3),NO,,,
FBS_CREDITO.SOLICITUD_ANALISISRIESGO,DETALLESECTORECONOMICO,longtext,NO,,,
FBS_CREDITO.SOLICITUD_ANALISISRIESGO,NUMEROVERIFICADOR,int,NO,,,
FBS_CREDITO.SOLICITUD_ANALISISRIESGO,NUMEROVECESHISTBUROCREDITO,int,NO,,,
FBS_CREDITO.SOLICITUD_ANALISISRIESGO,SCOREBURODECREDITO,"decimal(18,2)",NO,,,
FBS_CREDITO.SOLICITUD_ANALISISRIESGO,DEUDACONSOLIDADA,"decimal(18,2)",NO,,,
FBS_CREDITO.SOLICITUD_ANALISISRIESGO,CONCURRENCIA,timestamp(6),YES,,CURRENT_TIMESTAMP(6),DEFAULT_GENERATED on update CURRENT_TIMESTAMP(6)
FBS_CREDITO.SOLICITUD_APROBADANEGADA,SECUENCIAL,int,NO,PRI,,auto_increment
FBS_CREDITO.SOLICITUD_APROBADANEGADA,SECUENCIALSOLICITUD,int,NO,MUL,,
FBS_CREDITO.SOLICITUD_APROBADANEGADA,ESTAAPROBADA,tinyint unsigned,NO,,,
FBS_CREDITO.SOLICITUD_APROBADANEGADA,CRITERIONEGACION,varchar(1600),NO,,,
FBS_CREDITO.SOLICITUD_APROBADANEGADA,ESTAIMPRESA,tinyint unsigned,NO,,,
FBS_CREDITO.SOLICITUD_APROBADANEGADA,CONCURRENCIA,timestamp(6),YES,,CURRENT_TIMESTAMP(6),DEFAULT_GENERATED on update CURRENT_TIMESTAMP(6)
FBS_CREDITO.SOLICITUD_ASIGNACIONETAPAAUTOMATICA,SECUENCIAL,int,NO,PRI,,auto_increment
FBS_CREDITO.SOLICITUD_ASIGNACIONETAPAAUTOMATICA,SECUENCIALSOLICITUD,int,NO,MUL,,
FBS_CREDITO.SOLICITUD_ASIGNACIONETAPAAUTOMATICA,CODIGOUSUARIO,varchar(25),NO,MUL,,
FBS_CREDITO.SOLICITUD_ASIGNACIONETAPAAUTOMATICA,SECUENCIALETAPA,int,NO,MUL,,
FBS_CREDITO.SOLICITUD_ASIGNACIONETAPAAUTOMATICA,ESTAPROCESADO,tinyint unsigned,NO,,,
FBS_CREDITO.SOLICITUD_ASIGNACIONETAPAAUTOMATICA,CODIGOGRUPOTRABAJO,varchar(20),NO,MUL,,
FBS_CREDITO.SOLICITUD_ASIGNACIONETAPAAUTOMATICA,CONCURRENCIA,timestamp(6),YES,,CURRENT_TIMESTAMP(6),DEFAULT_GENERATED on update CURRENT_TIMESTAMP(6)
FBS_CREDITO.SOLICITUD_CONVENIOCUENTA,SECUENCIALSOLICITUD,int,NO,PRI,,
FBS_CREDITO.SOLICITUD_CONVENIOCUENTA,MONTOAHORRO,"decimal(9,2)",NO,,,
FBS_CREDITO.SOLICITUD_CONVENIOCUENTA,CONCURRENCIA,timestamp(6),YES,,CURRENT_TIMESTAMP(6),DEFAULT_GENERATED on update CURRENT_TIMESTAMP(6)
FBS_CREDITO.SOLICITUD_CTACOMPVIS_DEBITA,SECUENCIALSOLICITUD,int,NO,PRI,,
FBS_CREDITO.SOLICITUD_CTACOMPVIS_DEBITA,SECUENCIALCUENTACOMPVISDEBITA,int,NO,MUL,,
FBS_CREDITO.SOLICITUD_CTACOMPVIS_DEBITA,ESTAACTIVO,tinyint unsigned,NO,,,
FBS_CREDITO.SOLICITUD_CTACOMPVIS_DEBITA,NUMEROVERIFICADOR,int,NO,,,
FBS_CREDITO.SOLICITUD_CTACOMPVIS_DEBITA,CONCURRENCIA,timestamp(6),YES,,CURRENT_TIMESTAMP(6),DEFAULT_GENERATED on update CURRENT_TIMESTAMP(6)
FBS_CREDITO.SOLICITUD_CUOTAGRACIA,SECUENCIALSOLICITUD,int,NO,PRI,,
FBS_CREDITO.SOLICITUD_CUOTAGRACIA,CUOTASDEGRACIA,int,NO,,,
FBS_CREDITO.SOLICITUD_CUOTAGRACIA,ESTAACTIVA,tinyint unsigned,NO,,,
FBS_CREDITO.SOLICITUD_CUOTAGRACIA,NUMEROVERIFICADOR,int,NO,,,
FBS_CREDITO.SOLICITUD_CUOTAGRACIA,CONCURRENCIA,timestamp(6),YES,,CURRENT_TIMESTAMP(6),DEFAULT_GENERATED on update CURRENT_TIMESTAMP(6)
FBS_CREDITO.SOLICITUD_DIAGRACIA,SECUENCIALSOLICITUD,int,NO,PRI,,
FBS_CREDITO.SOLICITUD_DIAGRACIA,DIASDEGRACIA,int,NO,,,
FBS_CREDITO.SOLICITUD_DIAGRACIA,SOLOCAPITAL,tinyint unsigned,NO,,,
FBS_CREDITO.SOLICITUD_DIAGRACIA,ESTAACTIVA,tinyint unsigned,NO,,,
FBS_CREDITO.SOLICITUD_DIAGRACIA,NUMEROVERIFICADOR,int,NO,,,
FBS_CREDITO.SOLICITUD_DIAGRACIA,CONCURRENCIA,timestamp(6),YES,,CURRENT_TIMESTAMP(6),DEFAULT_GENERATED on update CURRENT_TIMESTAMP(6)
FBS_CREDITO.SOLICITUD_DIAPAGO,SECUENCIALSOLICITUD,int,NO,PRI,,
FBS_CREDITO.SOLICITUD_DIAPAGO,DIADEPAGO,int,NO,,,
FBS_CREDITO.SOLICITUD_DIAPAGO,ESTAACTIVA,tinyint unsigned,NO,,,
FBS_CREDITO.SOLICITUD_DIAPAGO,NUMEROVERIFICADOR,int,NO,,,
FBS_CREDITO.SOLICITUD_DIAPAGO,CONCURRENCIA,timestamp(6),YES,,CURRENT_TIMESTAMP(6),DEFAULT_GENERATED on update CURRENT_TIMESTAMP(6)
FBS_CREDITO.SOLICITUD_DIVPOLACTECON,SECUENCIALSOLICITUDMAESTRO,int,NO,PRI,,
FBS_CREDITO.SOLICITUD_DIVPOLACTECON,SECUENCIALDIVPOLACT,int,NO,MUL,,
FBS_CREDITO.SOLICITUD_DIVPOLACTECON,NUMEROVERIFICADOR,int,NO,,,
FBS_CREDITO.SOLICITUD_DIVPOLACTECON,CONCURRENCIA,timestamp(6),YES,,CURRENT_TIMESTAMP(6),DEFAULT_GENERATED on update CURRENT_TIMESTAMP(6)
FBS_CREDITO.SOLICITUD_EXCEPCONTROLADJUDICA,SECUENCIAL,int,NO,PRI,,auto_increment
FBS_CREDITO.SOLICITUD_EXCEPCONTROLADJUDICA,SECUENCIALSOLICITUD,int,NO,MUL,,
FBS_CREDITO.SOLICITUD_EXCEPCONTROLADJUDICA,FECHASISTEMA,datetime(3),NO,,,
FBS_CREDITO.SOLICITUD_EXCEPCONTROLADJUDICA,FECHAMAQUINA,datetime(3),NO,,,
FBS_CREDITO.SOLICITUD_EXCEPCONTROLADJUDICA,CODIGOUSUARIO,varchar(25),NO,MUL,,
FBS_CREDITO.SOLICITUD_EXCEPCONTROLADJUDICA,NOREVISADEUDOR,tinyint unsigned,NO,,,
FBS_CREDITO.SOLICITUD_EXCEPCONTROLADJUDICA,NOREVISACONYUGEDEUDOR,tinyint unsigned,NO,,,
FBS_CREDITO.SOLICITUD_EXCEPCONTROLADJUDICA,NOREVISAGARANTE,tinyint unsigned,NO,,,
FBS_CREDITO.SOLICITUD_EXCEPCONTROLADJUDICA,NOREVISACONYUGEGARANTE,tinyint unsigned,NO,,,
FBS_CREDITO.SOLICITUD_EXCEPCONTROLADJUDICA,CODIGOESTADOSOLICITUD,varchar(20),NO,,,
FBS_CREDITO.SOLICITUD_EXCEPCONTROLADJUDICA,NUMEROVERIFICADOR,int,NO,,,
FBS_CREDITO.SOLICITUD_EXCEPCONTROLADJUDICA,COMENTARIO,varchar(1000),NO,,,
FBS_CREDITO.SOLICITUD_EXCEPCONTROLADJUDICA,CONCURRENCIA,timestamp(6),YES,,CURRENT_TIMESTAMP(6),DEFAULT_GENERATED on update CURRENT_TIMESTAMP(6)
FBS_CREDITO.SOLICITUD_FECHAADJUDICACION,SECUENCIALSOLICITUD,int,NO,PRI,,
FBS_CREDITO.SOLICITUD_FECHAADJUDICACION,FECHAADJUDICACION,datetime(3),NO,,,
FBS_CREDITO.SOLICITUD_FECHAADJUDICACION,CONCURRENCIA,timestamp(6),YES,,CURRENT_TIMESTAMP(6),DEFAULT_GENERATED on update CURRENT_TIMESTAMP(6)
FBS_CREDITO.SOLICITUD_FRECUENCIAPAGO,SECUENCIALSOLICITUD,int,NO,PRI,,
FBS_CREDITO.SOLICITUD_FRECUENCIAPAGO,CODIGOFRECUENCIAPAGO,char(10),NO,MUL,,
FBS_CREDITO.SOLICITUD_FRECUENCIAPAGO,CONCURRENCIA,timestamp(6),YES,,CURRENT_TIMESTAMP(6),DEFAULT_GENERATED on update CURRENT_TIMESTAMP(6)
FBS_CREDITO.SOLICITUD_INSITU,SECUENCIAL,int,NO,PRI,,auto_increment
FBS_CREDITO.SOLICITUD_INSITU,SECUENCIALSOLICITUD,int,NO,MUL,,
FBS_CREDITO.SOLICITUD_INSITU,NOMBRE,varchar(50),NO,,,
FBS_CREDITO.SOLICITUD_INSITU,TOTALCOMPRAS,"decimal(18,2)",NO,,,
FBS_CREDITO.SOLICITUD_INSITU,TOTALVENTAS,"decimal(18,2)",NO,,,
FBS_CREDITO.SOLICITUD_INSITU,TOTALACTIVONEGOCIO,"decimal(18,2)",NO,,,
FBS_CREDITO.SOLICITUD_INSITU,ACTIVOCORRIENTE,"decimal(18,2)",NO,,,
FBS_CREDITO.SOLICITUD_INSITU,PASIVOCORRIENTE,"decimal(18,2)",NO,,,
FBS_CREDITO.SOLICITUD_INSITU,TOTALACTIVOS,"decimal(18,2)",NO,,,
FBS_CREDITO.SOLICITUD_INSITU,INVENTARIO,"decimal(18,2)",NO,,,
FBS_CREDITO.SOLICITUD_INSITU,CUENTASXCOBRAR,"decimal(18,2)",NO,,,
FBS_CREDITO.SOLICITUD_INSITU,TOTALPASIVO,"decimal(18,2)",NO,,,
FBS_CREDITO.SOLICITUD_INSITU,MONTOSOLICITADO,"decimal(18,2)",NO,,,
FBS_CREDITO.SOLICITUD_INSITU,PORCENTAJECOMPROM,"decimal(18,2)",NO,,,
FBS_CREDITO.SOLICITUD_INSITU,FRECUENCIAPAGO,int,NO,,,
FBS_CREDITO.SOLICITUD_INSITU,ESPRINCIPAL,tinyint unsigned,NO,,,
FBS_CREDITO.SOLICITUD_INSITU,UTILIDADOPERATIVA,"decimal(18,2)",NO,,,
FBS_CREDITO.SOLICITUD_INSITU,CUOTAPROPUESTA,"decimal(18,2)",NO,,,
FBS_CREDITO.SOLICITUD_INSITU,IMPREVISTOFAMILIAR,"decimal(18,2)",NO,,,
FBS_CREDITO.SOLICITUD_INSITU,OBSERVACIONCALCULOVENTAS,varchar(500),NO,,,
FBS_CREDITO.SOLICITUD_INSITU,ESPDT,tinyint unsigned,NO,,,
FBS_CREDITO.SOLICITUD_INSITU,ESREGISTRODEVENTAS,tinyint unsigned,NO,,,
FBS_CREDITO.SOLICITUD_INSITU,ESPREGUNTAALSOLICITANTE,tinyint unsigned,NO,,,
FBS_CREDITO.SOLICITUD_INSITU,CONCURRENCIA,timestamp(6),YES,,CURRENT_TIMESTAMP(6),DEFAULT_GENERATED on update CURRENT_TIMESTAMP(6)
FBS_CREDITO.SOLICITUD_INSITUANALISISVENTA,SECUENCIAL,int,NO,PRI,,auto_increment
FBS_CREDITO.SOLICITUD_INSITUANALISISVENTA,SECUENCIALSOLICITUD,int,NO,MUL,,
FBS_CREDITO.SOLICITUD_INSITUANALISISVENTA,MES,int,NO,,,
FBS_CREDITO.SOLICITUD_INSITUANALISISVENTA,CODIGOCALIFICACION,int,NO,,,
FBS_CREDITO.SOLICITUD_INSITUANALISISVENTA,CONCURRENCIA,timestamp(6),YES,,CURRENT_TIMESTAMP(6),DEFAULT_GENERATED on update CURRENT_TIMESTAMP(6)
FBS_CREDITO.SOLICITUD_INSITUCOMPRAS,SECUENCIAL,int,NO,PRI,,auto_increment
FBS_CREDITO.SOLICITUD_INSITUCOMPRAS,SECUENCIALINSITU,int,NO,MUL,,
FBS_CREDITO.SOLICITUD_INSITUCOMPRAS,DETALLE,varchar(250),NO,,,
FBS_CREDITO.SOLICITUD_INSITUCOMPRAS,LUNES,"decimal(18,2)",NO,,,
FBS_CREDITO.SOLICITUD_INSITUCOMPRAS,MARTES,"decimal(18,2)",NO,,,
FBS_CREDITO.SOLICITUD_INSITUCOMPRAS,MIERCOLES,"decimal(18,2)",NO,,,
FBS_CREDITO.SOLICITUD_INSITUCOMPRAS,JUEVES,"decimal(18,2)",NO,,,
FBS_CREDITO.SOLICITUD_INSITUCOMPRAS,VIERNES,"decimal(18,2)",NO,,,
FBS_CREDITO.SOLICITUD_INSITUCOMPRAS,SABADO,"decimal(18,2)",NO,,,
FBS_CREDITO.SOLICITUD_INSITUCOMPRAS,DOMINGO,"decimal(18,2)",NO,,,
FBS_CREDITO.SOLICITUD_INSITUCOMPRAS,CONCURRENCIA,timestamp(6),YES,,CURRENT_TIMESTAMP(6),DEFAULT_GENERATED on update CURRENT_TIMESTAMP(6)
FBS_CREDITO.SOLICITUD_INSITUCONSUMO,SECUENCIAL,int,NO,PRI,,auto_increment
FBS_CREDITO.SOLICITUD_INSITUCONSUMO,SECUENCIALINSITU,int,NO,MUL,,
FBS_CREDITO.SOLICITUD_INSITUCONSUMO,CODIGOITEMCONSUMO,varchar(20),NO,MUL,,
FBS_CREDITO.SOLICITUD_INSITUCONSUMO,VALOR,"decimal(18,2)",NO,,,
FBS_CREDITO.SOLICITUD_INSITUCONSUMO,DETALLE,varchar(50),NO,,,
FBS_CREDITO.SOLICITUD_INSITUCONSUMO,CONCURRENCIA,timestamp(6),YES,,CURRENT_TIMESTAMP(6),DEFAULT_GENERATED on update CURRENT_TIMESTAMP(6)
FBS_CREDITO.SOLICITUD_INSITUNEGOCIOGASTOS,SECUENCIAL,int,NO,PRI,,auto_increment
FBS_CREDITO.SOLICITUD_INSITUNEGOCIOGASTOS,SECUENCIALINSITU,int,NO,MUL,,
FBS_CREDITO.SOLICITUD_INSITUNEGOCIOGASTOS,CODIGOITEMECONOMICO,varchar(10),NO,MUL,,
FBS_CREDITO.SOLICITUD_INSITUNEGOCIOGASTOS,VALOR,"decimal(18,2)",NO,,,
FBS_CREDITO.SOLICITUD_INSITUNEGOCIOGASTOS,DETALLE,varchar(50),NO,,,
FBS_CREDITO.SOLICITUD_INSITUNEGOCIOGASTOS,CONCURRENCIA,timestamp(6),YES,,CURRENT_TIMESTAMP(6),DEFAULT_GENERATED on update CURRENT_TIMESTAMP(6)
FBS_CREDITO.SOLICITUD_INSITUNEGOCIOVTAS,SECUENCIAL,int,NO,PRI,,auto_increment
FBS_CREDITO.SOLICITUD_INSITUNEGOCIOVTAS,SECUENCIALINSITU,int,NO,MUL,,
FBS_CREDITO.SOLICITUD_INSITUNEGOCIOVTAS,VALORCONTADO,"decimal(18,2)",NO,,,
FBS_CREDITO.SOLICITUD_INSITUNEGOCIOVTAS,VALORCREDITO,"decimal(18,2)",NO,,,
FBS_CREDITO.SOLICITUD_INSITUNEGOCIOVTAS,VALORTOTAL,"decimal(18,2)",NO,,,
FBS_CREDITO.SOLICITUD_INSITUNEGOCIOVTAS,CONCURRENCIA,timestamp(6),YES,,CURRENT_TIMESTAMP(6),DEFAULT_GENERATED on update CURRENT_TIMESTAMP(6)
FBS_CREDITO.SOLICITUD_INSITUOTRASOBLIG,SECUENCIAL,int,NO,PRI,,auto_increment
FBS_CREDITO.SOLICITUD_INSITUOTRASOBLIG,SECUENCIALINSITU,int,NO,MUL,,
FBS_CREDITO.SOLICITUD_INSITUOTRASOBLIG,DETALLE,varchar(50),NO,,,
FBS_CREDITO.SOLICITUD_INSITUOTRASOBLIG,SALDO,"decimal(18,2)",NO,,,
FBS_CREDITO.SOLICITUD_INSITUOTRASOBLIG,CUOTA,"decimal(18,2)",NO,,,
FBS_CREDITO.SOLICITUD_INSITUOTRASOBLIG,CONCURRENCIA,timestamp(6),YES,,CURRENT_TIMESTAMP(6),DEFAULT_GENERATED on update CURRENT_TIMESTAMP(6)
FBS_CREDITO.SOLICITUD_INSITUOTROSINGRESOS,SECUENCIAL,int,NO,PRI,,auto_increment
FBS_CREDITO.SOLICITUD_INSITUOTROSINGRESOS,SECUENCIALINSITU,int,NO,MUL,,
FBS_CREDITO.SOLICITUD_INSITUOTROSINGRESOS,DETALLE,varchar(50),NO,,,
FBS_CREDITO.SOLICITUD_INSITUOTROSINGRESOS,VALOR,"decimal(18,2)",NO,,,
FBS_CREDITO.SOLICITUD_INSITUOTROSINGRESOS,CONCURRENCIA,timestamp(6),YES,,CURRENT_TIMESTAMP(6),DEFAULT_GENERATED on update CURRENT_TIMESTAMP(6)
FBS_CREDITO.SOLICITUD_INSITUPRODMAYORVENTA,SECUENCIAL,int,NO,PRI,,auto_increment
FBS_CREDITO.SOLICITUD_INSITUPRODMAYORVENTA,SECUENCIALSOLICITUD,int,NO,MUL,,
FBS_CREDITO.SOLICITUD_INSITUPRODMAYORVENTA,PRODUCTO,varchar(300),NO,,,
FBS_CREDITO.SOLICITUD_INSITUPRODMAYORVENTA,PONDERACION,"decimal(18,2)",NO,,,
FBS_CREDITO.SOLICITUD_INSITUPRODMAYORVENTA,PRECIOCOSTO,"decimal(18,2)",NO,,,
FBS_CREDITO.SOLICITUD_INSITUPRODMAYORVENTA,PRECIOVENTA,"decimal(18,2)",NO,,,
FBS_CREDITO.SOLICITUD_INSITUPRODMAYORVENTA,CONCURRENCIA,timestamp(6),YES,,CURRENT_TIMESTAMP(6),DEFAULT_GENERATED on update CURRENT_TIMESTAMP(6)
FBS_CREDITO.SOLICITUD_INSITUVENTASCREDITO,SECUENCIAL,int,NO,PRI,,auto_increment
FBS_CREDITO.SOLICITUD_INSITUVENTASCREDITO,SECUENCIALSOLICITUD,int,NO,MUL,,
FBS_CREDITO.SOLICITUD_INSITUVENTASCREDITO,CLIENTE,varchar(300),NO,,,
FBS_CREDITO.SOLICITUD_INSITUVENTASCREDITO,SALDO,"decimal(18,2)",NO,,,
FBS_CREDITO.SOLICITUD_INSITUVENTASCREDITO,COBROPROMEDIO,"decimal(18,2)",NO,,,
FBS_CREDITO.SOLICITUD_INSITUVENTASCREDITO,PERIODICIDAD,int,NO,,,
FBS_CREDITO.SOLICITUD_INSITUVENTASCREDITO,CONCURRENCIA,timestamp(6),YES,,CURRENT_TIMESTAMP(6),DEFAULT_GENERATED on update CURRENT_TIMESTAMP(6)
FBS_CREDITO.SOLICITUD_INSITUVTAS,SECUENCIAL,int,NO,PRI,,auto_increment
FBS_CREDITO.SOLICITUD_INSITUVTAS,SECUENCIALINSITU,int,NO,MUL,,
FBS_CREDITO.SOLICITUD_INSITUVTAS,DIA,int,NO,,,
FBS_CREDITO.SOLICITUD_INSITUVTAS,MONTOBUENO,"decimal(18,2)",NO,,,
FBS_CREDITO.SOLICITUD_INSITUVTAS,MONTOMALO,"decimal(18,2)",NO,,,
FBS_CREDITO.SOLICITUD_INSITUVTAS,PROMEDIO,"decimal(18,2)",NO,,,
FBS_CREDITO.SOLICITUD_INSITUVTAS,MONTOREGULAR,"decimal(18,2)",NO,,,
FBS_CREDITO.SOLICITUD_INSITUVTAS,CONCURRENCIA,timestamp(6),YES,,CURRENT_TIMESTAMP(6),DEFAULT_GENERATED on update CURRENT_TIMESTAMP(6)
FBS_CREDITO.SOLICITUD_INSITUVTASOTROPERIOD,SECUENCIAL,int,NO,PRI,,auto_increment
FBS_CREDITO.SOLICITUD_INSITUVTASOTROPERIOD,SECUENCIALINSITU,int,NO,MUL,,
FBS_CREDITO.SOLICITUD_INSITUVTASOTROPERIOD,DETALLE,varchar(200),NO,,,
FBS_CREDITO.SOLICITUD_INSITUVTASOTROPERIOD,VALOR,"decimal(18,2)",NO,,,
FBS_CREDITO.SOLICITUD_INSITUVTASOTROPERIOD,NUMERODIAS,int,NO,,,
FBS_CREDITO.SOLICITUD_INSITUVTASOTROPERIOD,CONCURRENCIA,timestamp(6),YES,,CURRENT_TIMESTAMP(6),DEFAULT_GENERATED on update CURRENT_TIMESTAMP(6)
FBS_CREDITO.SOLICITUD_NIVELRIESGO,SECUENCIALSOLICITUDMAESTRO,int,NO,PRI,,
FBS_CREDITO.SOLICITUD_NIVELRIESGO,CODIGONIVELRIESGO,char(2),NO,MUL,,
FBS_CREDITO.SOLICITUD_NIVELRIESGO,COMENTARIO,varchar(1000),NO,,,
FBS_CREDITO.SOLICITUD_NIVELRIESGO,FECHASISTEMA,datetime(3),NO,,,
FBS_CREDITO.SOLICITUD_NIVELRIESGO,FECHAMAQUINA,datetime(3),NO,,,
FBS_CREDITO.SOLICITUD_NIVELRIESGO,CODIGOUSUARIO,varchar(25),NO,MUL,,
FBS_CREDITO.SOLICITUD_NIVELRIESGO,NUMEROVERIFICADOR,int,NO,,,
FBS_CREDITO.SOLICITUD_NIVELRIESGO,CONCURRENCIA,timestamp(6),YES,,CURRENT_TIMESTAMP(6),DEFAULT_GENERATED on update CURRENT_TIMESTAMP(6)
FBS_CREDITO.SOLICITUD_NUMEROPAGARE,SECUENCIALSOLICITUD,int,NO,PRI,,
FBS_CREDITO.SOLICITUD_NUMEROPAGARE,NUMEROPAGARE,varchar(20),NO,,,
FBS_CREDITO.SOLICITUD_NUMEROPAGARE,NUMEROACTO,varchar(20),NO,,,
FBS_CREDITO.SOLICITUD_NUMEROPAGARE,NUMEROFOLIO,varchar(20),NO,,,
FBS_CREDITO.SOLICITUD_NUMEROPAGARE,CONCURRENCIA,timestamp(6),YES,,CURRENT_TIMESTAMP(6),DEFAULT_GENERATED on update CURRENT_TIMESTAMP(6)
FBS_CREDITO.SOLICITUD_PRESTAMONOCANCELADO,SECUENCIAL,int,NO,PRI,,auto_increment
FBS_CREDITO.SOLICITUD_PRESTAMONOCANCELADO,SECUENCIALSOLICITUD,int,NO,MUL,,
FBS_CREDITO.SOLICITUD_PRESTAMONOCANCELADO,SECUENCIALPRESTAMO,int,NO,MUL,,
FBS_CREDITO.SOLICITUD_PRESTAMONOCANCELADO,CODIGOTIPOCONDICION,varchar(20),NO,MUL,,
FBS_CREDITO.SOLICITUD_PRESTAMONOCANCELADO,VALOR,"decimal(18,2)",NO,,,
FBS_CREDITO.SOLICITUD_PRESTAMONOCANCELADO,CODIGOUSUARIO,varchar(25),NO,MUL,,
FBS_CREDITO.SOLICITUD_PRESTAMONOCANCELADO,FECHASISTEMA,datetime(3),NO,,,
FBS_CREDITO.SOLICITUD_PRESTAMONOCANCELADO,FECHAMAQUINA,datetime(3),NO,,,
FBS_CREDITO.SOLICITUD_PRESTAMONOCANCELADO,ESTAACTIVO,tinyint unsigned,NO,,,
FBS_CREDITO.SOLICITUD_PRESTAMONOCANCELADO,NUMEROVERIFICADOR,int,NO,,,
FBS_CREDITO.SOLICITUD_PRESTAMONOCANCELADO,CONCURRENCIA,timestamp(6),YES,,CURRENT_TIMESTAMP(6),DEFAULT_GENERATED on update CURRENT_TIMESTAMP(6)
FBS_CREDITO.SOLICITUD_RESOLUCIONADMINISTRATIVO,SECUENCIALSOLICITUDMAESTRO,int,NO,PRI,,
FBS_CREDITO.SOLICITUD_RESOLUCIONADMINISTRATIVO,OBSERVACION,varchar(2000),NO,,,
FBS_CREDITO.SOLICITUD_RESOLUCIONADMINISTRATIVO,CONCURRENCIA,timestamp(6),YES,,CURRENT_TIMESTAMP(6),DEFAULT_GENERATED on update CURRENT_TIMESTAMP(6)
FBS_CREDITO.SOLICITUD_RESOLUCIONCOMITELOCAL,SECUENCIALSOLICITUD,int,NO,PRI,,
FBS_CREDITO.SOLICITUD_RESOLUCIONCOMITELOCAL,DETALLEPERSONALLABORAL,longtext,NO,,,
FBS_CREDITO.SOLICITUD_RESOLUCIONCOMITELOCAL,DETALLESCORE,longtext,NO,,,
FBS_CREDITO.SOLICITUD_RESOLUCIONCOMITELOCAL,DETALLEEXPCREDITICIA,longtext,NO,,,
FBS_CREDITO.SOLICITUD_RESOLUCIONCOMITELOCAL,OBSERVACION,longtext,NO,,,
FBS_CREDITO.SOLICITUD_RESOLUCIONCOMITELOCAL,APROBADO,tinyint unsigned,NO,,,
FBS_CREDITO.SOLICITUD_RESOLUCIONCOMITELOCAL,NEGADO,tinyint unsigned,NO,,,
FBS_CREDITO.SOLICITUD_RESOLUCIONCOMITELOCAL,CODIGOUSUARIO,varchar(25),NO,MUL,,
FBS_CREDITO.SOLICITUD_RESOLUCIONCOMITELOCAL,FECHASISTEMA,datetime,NO,,,
FBS_CREDITO.SOLICITUD_RESOLUCIONCOMITELOCAL,FECHAMAQUINA,datetime(3),NO,,,
FBS_CREDITO.SOLICITUD_RESOLUCIONCOMITELOCAL,NUMEROVERIFICADOR,int,NO,,,
FBS_CREDITO.SOLICITUD_RESOLUCIONCOMITELOCAL,OBSERVACIONESGENERALES,varchar(300),NO,,,
FBS_CREDITO.SOLICITUD_RESOLUCIONCOMITELOCAL,CONCURRENCIA,timestamp(6),YES,,CURRENT_TIMESTAMP(6),DEFAULT_GENERATED on update CURRENT_TIMESTAMP(6)
FBS_CREDITO.SOLICITUD_RESOLUCIONFABRICA,SECUENCIALSOLICITUD,int,NO,PRI,,
FBS_CREDITO.SOLICITUD_RESOLUCIONFABRICA,OBSERVACION,varchar(1000),NO,,,
FBS_CREDITO.SOLICITUD_RESOLUCIONFABRICA,CONCURRENCIA,timestamp(6),YES,,CURRENT_TIMESTAMP(6),DEFAULT_GENERATED on update CURRENT_TIMESTAMP(6)
FBS_CREDITO.SOLICITUD_RESOLUCIONINSTITUCIONAL,SECUENCIALSOLICITUDMAESTRO,int,NO,PRI,,
FBS_CREDITO.SOLICITUD_RESOLUCIONINSTITUCIONAL,OBSERVACION,varchar(2000),NO,,,
FBS_CREDITO.SOLICITUD_RESOLUCIONINSTITUCIONAL,CONCURRENCIA,timestamp(6),YES,,CURRENT_TIMESTAMP(6),DEFAULT_GENERATED on update CURRENT_TIMESTAMP(6)
FBS_CREDITO.SOLICITUD_SOLENCFIJAMOD,SECUENCIALSOLICITUDENCAJEFIJAMODIFICADO,int,NO,PRI,,
FBS_CREDITO.SOLICITUD_SOLENCFIJAMOD,CODIGOUSUARIO,varchar(25),NO,MUL,,
FBS_CREDITO.SOLICITUD_SOLENCFIJAMOD,FECHASISTEMA,datetime(3),NO,,,
FBS_CREDITO.SOLICITUD_SOLENCFIJAMOD,FECHAMAQUINA,datetime(3),NO,,,
FBS_CREDITO.SOLICITUD_SOLENCFIJAMOD,CODIGOESTADOSOLICITUDENCAJEFIJAMODIFICADO,varchar(20),NO,,,
FBS_CREDITO.SOLICITUD_SOLENCFIJAMOD,NUMEROVERIFICADOR,int,NO,,,
FBS_CREDITO.SOLICITUD_SOLENCFIJAMOD,CONCURRENCIA,timestamp(6),YES,,CURRENT_TIMESTAMP(6),DEFAULT_GENERATED on update CURRENT_TIMESTAMP(6)
FBS_CREDITO.SOLICITUD_TASAINTERES,SECUENCIALSOLICITUD,int,NO,PRI,,
FBS_CREDITO.SOLICITUD_TASAINTERES,TASANOMINAL,"decimal(18,2)",NO,,,
FBS_CREDITO.SOLICITUD_TASAINTERES,TEA,"decimal(18,2)",NO,,,
FBS_CREDITO.SOLICITUD_TASAINTERES,TEM,"decimal(18,2)",NO,,,
FBS_CREDITO.SOLICITUD_TASAINTERES,TCEA,"decimal(18,2)",NO,,,
FBS_CREDITO.SOLICITUD_TASAINTERES,CONCURRENCIA,timestamp(6),YES,,CURRENT_TIMESTAMP(6),DEFAULT_GENERATED on update CURRENT_TIMESTAMP(6)
FBS_CREDITO.SOLICITUD_TRANSFIEREINTERES,SECUENCIALSOLICITUD,int,NO,PRI,,
FBS_CREDITO.SOLICITUD_TRANSFIEREINTERES,NUMEROCUOTAS,int,NO,,,
FBS_CREDITO.SOLICITUD_TRANSFIEREINTERES,ESTAACTIVO,tinyint unsigned,NO,,,
FBS_CREDITO.SOLICITUD_TRANSFIEREINTERES,CONCURRENCIA,timestamp(6),YES,,CURRENT_TIMESTAMP(6),DEFAULT_GENERATED on update CURRENT_TIMESTAMP(6)
FBS_CREDITO.SOLICMAESTRO_DESTINOCREDITO,SECUENCIALSOLICITUD,int,NO,PRI,,
FBS_CREDITO.SOLICMAESTRO_DESTINOCREDITO,CODIGODESTINOCREDITO,varchar(10),NO,MUL,,
FBS_CREDITO.SOLICMAESTRO_DESTINOCREDITO,ESTAACTIVO,tinyint unsigned,NO,,,
FBS_CREDITO.SOLICMAESTRO_DESTINOCREDITO,CONCURRENCIA,timestamp(6),YES,,CURRENT_TIMESTAMP(6),DEFAULT_GENERATED on update CURRENT_TIMESTAMP(6)
FBS_CREDITO.SOLICMAESTRO_DIVISIONPOLITICA,SECUENCIALSOLICITUDMAESTRO,int,NO,PRI,,
FBS_CREDITO.SOLICMAESTRO_DIVISIONPOLITICA,SECUENCIALDIVISIONPOLITICA,int,NO,MUL,,
FBS_CREDITO.SOLICMAESTRO_DIVISIONPOLITICA,NUMEROVERIFICADOR,int,NO,,,
FBS_CREDITO.SOLICMAESTRO_DIVISIONPOLITICA,CONCURRENCIA,timestamp(6),YES,,CURRENT_TIMESTAMP(6),DEFAULT_GENERATED on update CURRENT_TIMESTAMP(6)
FBS_CREDITO.SOLICMAESTRO_EXCEPAPROBACION,SECUENCIAL,int,NO,PRI,,auto_increment
FBS_CREDITO.SOLICMAESTRO_EXCEPAPROBACION,SECUENCIALSOLICITUD,int,NO,MUL,,
FBS_CREDITO.SOLICMAESTRO_EXCEPAPROBACION,CODIGOTIPOEXCEPGRUPOTRABAJO,varchar(20),NO,MUL,,
FBS_CREDITO.SOLICMAESTRO_EXCEPAPROBACION,MENSAJE,varchar(500),NO,,,
FBS_CREDITO.SOLICMAESTRO_EXCEPAPROBACION,CONCURRENCIA,timestamp(6),YES,,CURRENT_TIMESTAMP(6),DEFAULT_GENERATED on update CURRENT_TIMESTAMP(6)
FBS_CREDITO.SOL_COMPLEMENTODOCUMENTACION,SECUENCIALSOLICITUD,int,NO,PRI,,
FBS_CREDITO.SOL_COMPLEMENTODOCUMENTACION,ACTUALIZACONSOLIDADO,tinyint unsigned,NO,,,
FBS_CREDITO.SOL_COMPLEMENTODOCUMENTACION,CONCURRENCIA,timestamp(6),YES,,CURRENT_TIMESTAMP(6),DEFAULT_GENERATED on update CURRENT_TIMESTAMP(6)
FBS_CREDITO.SOL_CTACOMPVIS_DEBITACAMBIO,SECUENCIAL,int,NO,PRI,,auto_increment
FBS_CREDITO.SOL_CTACOMPVIS_DEBITACAMBIO,SECUENCIALSOLICITUD,int,NO,MUL,,
FBS_CREDITO.SOL_CTACOMPVIS_DEBITACAMBIO,SECUENCIALCUENTACOMPVISDEB,int,NO,MUL,,
FBS_CREDITO.SOL_CTACOMPVIS_DEBITACAMBIO,CODIGOUSUARIO,varchar(25),NO,MUL,,
FBS_CREDITO.SOL_CTACOMPVIS_DEBITACAMBIO,FECHASISTEMA,datetime(3),NO,,,
FBS_CREDITO.SOL_CTACOMPVIS_DEBITACAMBIO,FECHAMAQUINA,datetime(3),NO,,,
FBS_CREDITO.SOL_CTACOMPVIS_DEBITACAMBIO,NUMEROVERIFICADOR,int,NO,,,
FBS_CREDITO.SOL_CTACOMPVIS_DEBITACAMBIO,CONCURRENCIA,timestamp(6),YES,,CURRENT_TIMESTAMP(6),DEFAULT_GENERATED on update CURRENT_TIMESTAMP(6)
FBS_CREDITO.SOL_SOLRELFIJMODCAMBIOESADO,SECUENCIAL,int,NO,PRI,,auto_increment
FBS_CREDITO.SOL_SOLRELFIJMODCAMBIOESADO,SECSOL_SOLRELFIJMODIF,int,NO,MUL,,
FBS_CREDITO.SOL_SOLRELFIJMODCAMBIOESADO,CODIGOUSUARIO,varchar(25),NO,MUL,,
FBS_CREDITO.SOL_SOLRELFIJMODCAMBIOESADO,FECHAMAQUINA,datetime(3),NO,,,
FBS_CREDITO.SOL_SOLRELFIJMODCAMBIOESADO,FECHASISTEMA,datetime(3),NO,,,
FBS_CREDITO.SOL_SOLRELFIJMODCAMBIOESADO,CODIGOESTADOSOL_SOLRELFIJMOD,varchar(20),NO,,,
FBS_CREDITO.SOL_SOLRELFIJMODCAMBIOESADO,CONCURRENCIA,timestamp(6),YES,,CURRENT_TIMESTAMP(6),DEFAULT_GENERATED on update CURRENT_TIMESTAMP(6)
FBS_CREDITO.SUBCALIFICACIONCONTABLE,CODIGO,varchar(10),NO,PRI,,
FBS_CREDITO.SUBCALIFICACIONCONTABLE,NOMBRE,varchar(200),NO,,,
FBS_CREDITO.SUBCALIFICACIONCONTABLE,DESCRIPCION,varchar(200),NO,,,
FBS_CREDITO.SUBCALIFICACIONCONTABLE,SIGLAS,varchar(3),NO,,,
FBS_CREDITO.SUBCALIFICACIONCONTABLE,CODIGOCALIFICACIONCONTABLE,varchar(10),NO,MUL,,
FBS_CREDITO.SUBCALIFICACIONCONTABLE,ESTAACTIVO,tinyint unsigned,NO,,,
FBS_CREDITO.SUBCALIFICACIONCONTABLE,NUMEROVERIFICADOR,int,NO,,,
FBS_CREDITO.SUBCALIFICACIONCONTABLE,MONTOINICIAL,"decimal(18,2)",NO,,,
FBS_CREDITO.SUBCALIFICACIONCONTABLE,MONTOFINAL,"decimal(18,2)",NO,,,
FBS_CREDITO.SUBCALIFICACIONCONTABLE,SALDOINICIAL,"decimal(18,2)",NO,,,
FBS_CREDITO.SUBCALIFICACIONCONTABLE,SALDOFINAL,"decimal(18,2)",NO,,,
FBS_CREDITO.SUBCALIFICACIONCONTABLE,REVISAGARANTIAREAL,tinyint unsigned,NO,,,
FBS_CREDITO.SUBCALIFICACIONCONTABLE,CONGARANTIAREAL,tinyint unsigned,NO,,,
FBS_CREDITO.SUBCALIFICACIONCONTABLE,SINGARANTIAREAL,tinyint unsigned,NO,,,
FBS_CREDITO.SUBCALIFICACIONCONTABLE,VENTASANUALESINICIAL,"decimal(18,2)",NO,,,
FBS_CREDITO.SUBCALIFICACIONCONTABLE,VENTASANUALESFINAL,"decimal(18,2)",NO,,,
FBS_CREDITO.SUBCALIFICACIONCONTABLE,REVISAVENTAS,tinyint unsigned,NO,,,
FBS_CREDITO.SUBCALIFICACIONCONTABLE,CONCURRENCIA,timestamp(6),YES,,CURRENT_TIMESTAMP(6),DEFAULT_GENERATED on update CURRENT_TIMESTAMP(6)
FBS_CREDITO.SUBCALIFICACIONCONTABLEEMPRESA,SECUENCIAL,int,NO,PRI,,auto_increment
FBS_CREDITO.SUBCALIFICACIONCONTABLEEMPRESA,CODIGOSUBCALIFICACIONCONTABLE,varchar(10),NO,MUL,,
FBS_CREDITO.SUBCALIFICACIONCONTABLEEMPRESA,SECUENCIALEMPRESA,int,NO,MUL,,
FBS_CREDITO.SUBCALIFICACIONCONTABLEEMPRESA,TASAMAXIMAORGANISMOCONTROL,"decimal(18,2)",NO,,,
FBS_CREDITO.SUBCALIFICACIONCONTABLEEMPRESA,TASAMAXIMAEMPRESA,"decimal(18,2)",NO,,,
FBS_CREDITO.SUBCALIFICACIONCONTABLEEMPRESA,NUMEROVERIFICADOR,int,NO,,,
FBS_CREDITO.SUBCALIFICACIONCONTABLEEMPRESA,CONCURRENCIA,timestamp(6),YES,,CURRENT_TIMESTAMP(6),DEFAULT_GENERATED on update CURRENT_TIMESTAMP(6)
FBS_CREDITO.SUBCALIFICACIONCREDITO,CODIGO,char(10),NO,PRI,,
FBS_CREDITO.SUBCALIFICACIONCREDITO,NOMBRE,varchar(50),NO,,,
FBS_CREDITO.SUBCALIFICACIONCREDITO,ESTAACTIVO,tinyint,NO,,,
FBS_CREDITO.SUBCALIFICACIONCREDITO,CONCURRENCIA,timestamp(6),YES,,CURRENT_TIMESTAMP(6),DEFAULT_GENERATED on update CURRENT_TIMESTAMP(6)
FBS_CREDITO.SUBCALIFICSECTORECONOCONTROL,SECUENCIAL,int,NO,PRI,,auto_increment
FBS_CREDITO.SUBCALIFICSECTORECONOCONTROL,CODIGOSUBCALIFICACIONCONTABLE,varchar(10),NO,MUL,,
FBS_CREDITO.SUBCALIFICSECTORECONOCONTROL,REVISAVENTASANUALES,tinyint unsigned,NO,,,
FBS_CREDITO.SUBCALIFICSECTORECONOCONTROL,VENTASANUALESMINIMAS,"decimal(18,2)",NO,,,
FBS_CREDITO.SUBCALIFICSECTORECONOCONTROL,VENTASANUALESMAXIMAS,"decimal(18,2)",NO,,,
FBS_CREDITO.SUBCALIFICSECTORECONOCONTROL,REVISANUMEROTRABAJADORES,tinyint unsigned,NO,,,
FBS_CREDITO.SUBCALIFICSECTORECONOCONTROL,NUMEROTRABAJADORESMINIMO,int,NO,,,
FBS_CREDITO.SUBCALIFICSECTORECONOCONTROL,NUMEROTRABAJADORESMAXIMO,int,NO,,,
FBS_CREDITO.SUBCALIFICSECTORECONOCONTROL,REVISASALDOADEUDADO,tinyint unsigned,NO,,,
FBS_CREDITO.SUBCALIFICSECTORECONOCONTROL,SALDOADEUDADOMINIMO,"decimal(18,2)",NO,,,
FBS_CREDITO.SUBCALIFICSECTORECONOCONTROL,SALDOADEUDADOMAXIMO,"decimal(18,2)",NO,,,
FBS_CREDITO.SUBCALIFICSECTORECONOCONTROL,REVISAMONTOSOLICITADO,tinyint unsigned,NO,,,
FBS_CREDITO.SUBCALIFICSECTORECONOCONTROL,MONTOSOLICITADOMINIMO,"decimal(18,2)",NO,,,
FBS_CREDITO.SUBCALIFICSECTORECONOCONTROL,MONTOSOLICITADOMAXIMO,"decimal(18,2)",NO,,,
FBS_CREDITO.SUBCALIFICSECTORECONOCONTROL,ESTAACTIVO,tinyint unsigned,NO,,,
FBS_CREDITO.SUBCALIFICSECTORECONOCONTROL,NUMEROVERIFICADOR,int,NO,,,
FBS_CREDITO.SUBCALIFICSECTORECONOCONTROL,CONCURRENCIA,timestamp(6),YES,,CURRENT_TIMESTAMP(6),DEFAULT_GENERATED on update CURRENT_TIMESTAMP(6)
FBS_CREDITO.SUBORIGENINGRESOS,CODIGO,varchar(3),NO,PRI,,
FBS_CREDITO.SUBORIGENINGRESOS,CODIGOORIGENINGRESOS,varchar(2),NO,MUL,,
FBS_CREDITO.SUBORIGENINGRESOS,NOMBRE,varchar(250),NO,,,
FBS_CREDITO.SUBORIGENINGRESOS,ESTAACTIVO,tinyint unsigned,NO,,,
FBS_CREDITO.SUBORIGENINGRESOS,NUMEROVERIFICADOR,int,NO,,,
FBS_CREDITO.SUBORIGENINGRESOS,CONCURRENCIA,timestamp(6),YES,,CURRENT_TIMESTAMP(6),DEFAULT_GENERATED on update CURRENT_TIMESTAMP(6)
FBS_CREDITO.TABLAPRESUNTIVA,SECUENCIAL,int,NO,PRI,,auto_increment
FBS_CREDITO.TABLAPRESUNTIVA,DESCRIPCIONTIPOPRESTAMO,varchar(200),NO,,,
FBS_CREDITO.TABLAPRESUNTIVA,DESCRIPCIONTABLAAMORTIZACION,varchar(200),NO,,,
FBS_CREDITO.TABLAPRESUNTIVA,MONTOSOLICITADO,"decimal(18,2)",NO,,,
FBS_CREDITO.TABLAPRESUNTIVA,NUMEROCUOTAS,int,NO,,,
FBS_CREDITO.TABLAPRESUNTIVA,FRECUENCIAPAGO,int,NO,,,
FBS_CREDITO.TABLAPRESUNTIVA,DEUDAINICIAL,"decimal(18,2)",NO,,,
FBS_CREDITO.TABLAPRESUNTIVA,VALORAENTREGAR,"decimal(18,2)",NO,,,
FBS_CREDITO.TABLAPRESUNTIVA,VALORTASA,"decimal(18,2)",NO,,,
FBS_CREDITO.TABLAPRESUNTIVA,TEA,"decimal(18,2)",NO,,,
FBS_CREDITO.TABLAPRESUNTIVA,TIR,"decimal(18,2)",NO,,,
FBS_CREDITO.TABLAPRESUNTIVA,FECHAADJUDICACION,datetime(3),NO,,,
FBS_CREDITO.TABLAPRESUNTIVA,FECHAVENCIMIENTO,datetime(3),NO,,,
FBS_CREDITO.TABLAPRESUNTIVA,TCEA,"decimal(18,2)",NO,,,
FBS_CREDITO.TABLAPRESUNTIVA,CONCURRENCIA,timestamp(6),YES,,CURRENT_TIMESTAMP(6),DEFAULT_GENERATED on update CURRENT_TIMESTAMP(6)
FBS_CREDITO.TABLAPRESUNTIVACUOTAS,SECUENCIAL,int,NO,PRI,,auto_increment
FBS_CREDITO.TABLAPRESUNTIVACUOTAS,SECUENCIALTABLAPRESUNTIVA,int,NO,MUL,,
FBS_CREDITO.TABLAPRESUNTIVACUOTAS,SECUENCIALCOMPONENTECARTERA,int,NO,,,
FBS_CREDITO.TABLAPRESUNTIVACUOTAS,VALORPROYECTADO,"decimal(18,6)",NO,,,
FBS_CREDITO.TABLAPRESUNTIVACUOTAS,VALORCALCULADO,"decimal(18,6)",NO,,,
FBS_CREDITO.TABLAPRESUNTIVACUOTAS,VALORCOBRADO,"decimal(18,6)",NO,,,
FBS_CREDITO.TABLAPRESUNTIVACUOTAS,FECHAINICIO,datetime(3),NO,,,
FBS_CREDITO.TABLAPRESUNTIVACUOTAS,FECHAVENCIMIENTO,datetime(3),NO,,,
FBS_CREDITO.TABLAPRESUNTIVACUOTAS,NUMEROCUOTA,int,NO,,,
FBS_CREDITO.TABLAPRESUNTIVACUOTAS,CODIGOESTADOPRESTAMOCOMPONENTE,varchar(10),NO,,,
FBS_CREDITO.TABLAPRESUNTIVACUOTAS,FACTORCALCULO,"decimal(18,6)",NO,,,
FBS_CREDITO.TABLAPRESUNTIVACUOTAS,DIASCALCULADOS,int,NO,,,
FBS_CREDITO.TABLAPRESUNTIVACUOTAS,DIASATRASO,int,NO,,,
FBS_CREDITO.TABLAPRESUNTIVACUOTAS,CONCURRENCIA,timestamp(6),YES,,CURRENT_TIMESTAMP(6),DEFAULT_GENERATED on update CURRENT_TIMESTAMP(6)
FBS_CREDITO.TIPOACTIVO,SECUENCIAL,int,NO,PRI,,auto_increment
FBS_CREDITO.TIPOACTIVO,NOMBRE,varchar(100),NO,,,
FBS_CREDITO.TIPOACTIVO,ESTAACTIVO,tinyint unsigned,NO,,,
FBS_CREDITO.TIPOACTIVO,NUMEROVERIFICADOR,int,NO,,,
FBS_CREDITO.TIPOACTIVO,ESFAMILIAR,tinyint unsigned,NO,,,
FBS_CREDITO.TIPOACTIVO,ESPARAACTIVOCTE,tinyint unsigned,NO,,,
FBS_CREDITO.TIPOACTIVO,ESPARAACTIVOFIJO,tinyint unsigned,NO,,,
FBS_CREDITO.TIPOACTIVO,ESPARACONTROLINVENTARIO,tinyint unsigned,NO,,,
FBS_CREDITO.TIPOACTIVO,CALCULAMARGEN,tinyint unsigned,NO,,,
FBS_CREDITO.TIPOACTIVO,CONCURRENCIA,timestamp(6),YES,,CURRENT_TIMESTAMP(6),DEFAULT_GENERATED on update CURRENT_TIMESTAMP(6)
FBS_CREDITO.TIPOALERTA,SECUENCIAL,int,NO,PRI,,auto_increment
FBS_CREDITO.TIPOALERTA,NOMBRE,varchar(50),NO,,,
FBS_CREDITO.TIPOALERTA,PROCEDIMIENTOALMACENADO,varchar(100),NO,,,
FBS_CREDITO.TIPOALERTA,NIEGASOLICITUD,tinyint unsigned,NO,,,
FBS_CREDITO.TIPOALERTA,ENVIAMAIL,tinyint unsigned,NO,,,
FBS_CREDITO.TIPOALERTA,ESTAACTIVO,tinyint unsigned,NO,,,
FBS_CREDITO.TIPOALERTA,NUMEROVERIFICADOR,int,NO,,,
FBS_CREDITO.TIPOALERTA,CONCURRENCIA,timestamp(6),YES,,CURRENT_TIMESTAMP(6),DEFAULT_GENERATED on update CURRENT_TIMESTAMP(6)
FBS_CREDITO.TIPOCALCULOCUOTADEGRACIA,CODIGO,char(20),NO,PRI,,
FBS_CREDITO.TIPOCALCULOCUOTADEGRACIA,NOMBRE,varchar(500),NO,,,
FBS_CREDITO.TIPOCALCULOCUOTADEGRACIA,ESPAGOACUMULADOINTERES,tinyint unsigned,NO,,,
FBS_CREDITO.TIPOCALCULOCUOTADEGRACIA,ESTAACTIVO,tinyint unsigned,NO,,,
FBS_CREDITO.TIPOCALCULOCUOTADEGRACIA,NUMEROVERIFICADOR,int,NO,,,
FBS_CREDITO.TIPOCALCULOCUOTADEGRACIA,CONCURRENCIA,timestamp(6),YES,,CURRENT_TIMESTAMP(6),DEFAULT_GENERATED on update CURRENT_TIMESTAMP(6)
FBS_CREDITO.TIPOCAPACIDADPAGO,SECUENCIAL,int,NO,PRI,,auto_increment
FBS_CREDITO.TIPOCAPACIDADPAGO,NUMEROINICIAL,int,NO,,,
FBS_CREDITO.TIPOCAPACIDADPAGO,NUMEROFINAL,int,NO,,,
FBS_CREDITO.TIPOCAPACIDADPAGO,PORCENTAJECAPACIDADPAGO,"decimal(9,2)",NO,,,
FBS_CREDITO.TIPOCAPACIDADPAGO,ESTAACTIVO,tinyint unsigned,NO,,,
FBS_CREDITO.TIPOCAPACIDADPAGO,NUMEROVERIFICADOR,int,NO,,,
FBS_CREDITO.TIPOCAPACIDADPAGO,CONCURRENCIA,timestamp(6),YES,,CURRENT_TIMESTAMP(6),DEFAULT_GENERATED on update CURRENT_TIMESTAMP(6)
FBS_CREDITO.TIPOCARTERA,CODIGO,varchar(10),NO,PRI,,
FBS_CREDITO.TIPOCARTERA,NOMBRE,varchar(50),NO,,,
FBS_CREDITO.TIPOCARTERA,SIGLAS,char(3),NO,,,
FBS_CREDITO.TIPOCARTERA,ESTAACTIVO,tinyint unsigned,NO,,,
FBS_CREDITO.TIPOCARTERA,NUMEROVERIFICADOR,int,NO,,,
FBS_CREDITO.TIPOCARTERA,CONCURRENCIA,timestamp(6),YES,,CURRENT_TIMESTAMP(6),DEFAULT_GENERATED on update CURRENT_TIMESTAMP(6)
FBS_CREDITO.TIPOCOMITE,CODIGO,char(2),NO,PRI,,
FBS_CREDITO.TIPOCOMITE,NOMBRE,varchar(100),NO,,,
FBS_CREDITO.TIPOCOMITE,ESTAACTIVO,tinyint unsigned,NO,,,
FBS_CREDITO.TIPOCOMITE,NUMEROVERIFICADOR,int,NO,,,
FBS_CREDITO.TIPOCOMITE,ESNACIONAL,tinyint unsigned,NO,,,
FBS_CREDITO.TIPOCOMITE,CONCURRENCIA,timestamp(6),YES,,CURRENT_TIMESTAMP(6),DEFAULT_GENERATED on update CURRENT_TIMESTAMP(6)
FBS_CREDITO.TIPOCOMITEGRUPOTRABAJO,SECUENCIAL,int,NO,PRI,,auto_increment
FBS_CREDITO.TIPOCOMITEGRUPOTRABAJO,CODIGOTIPOCOMITE,char(2),NO,MUL,,
FBS_CREDITO.TIPOCOMITEGRUPOTRABAJO,CODIGOGRUPOTRABAJO,varchar(20),NO,MUL,,
FBS_CREDITO.TIPOCOMITEGRUPOTRABAJO,ESTAACTIVO,tinyint unsigned,NO,,,
FBS_CREDITO.TIPOCOMITEGRUPOTRABAJO,NUMEROVERIFICADOR,int,NO,,,
FBS_CREDITO.TIPOCOMITEGRUPOTRABAJO,CONCURRENCIA,timestamp(6),YES,,CURRENT_TIMESTAMP(6),DEFAULT_GENERATED on update CURRENT_TIMESTAMP(6)
FBS_CREDITO.TIPOCONDICION,CODIGO,varchar(20),NO,PRI,,
FBS_CREDITO.TIPOCONDICION,CONDICION,varchar(100),NO,,,
FBS_CREDITO.TIPOCONDICION,CONTEMPLASALDOANTERIOR,tinyint unsigned,NO,,,
FBS_CREDITO.TIPOCONDICION,ESTAACTIVO,tinyint unsigned,NO,,,
FBS_CREDITO.TIPOCONDICION,NUMEROVERIFICADOR,int,NO,,,
FBS_CREDITO.TIPOCONDICION,TRANSFIEREINTERES,tinyint unsigned,NO,,,
FBS_CREDITO.TIPOCONDICION,ESPARAOBLIGACIONTERCERO,tinyint unsigned,NO,,,
FBS_CREDITO.TIPOCONDICION,CONTROLAMONTOMAXIMOBASEPRESTAMOANTERIOR,tinyint unsigned,NO,,0,
FBS_CREDITO.TIPOCONDICION,VALORPORCIENTOCAPITALPAGADO,"decimal(18,2)",NO,,0.00,
FBS_CREDITO.TIPOCONDICION,CALIFICACIONMAXIMA,varchar(2),NO,,,
FBS_CREDITO.TIPOCONDICION,NUMERODIASATRASOMAXIMO,int,NO,,0,
FBS_CREDITO.TIPOCONDICION,PLAZOMESESANALISIS,int,NO,,0,
FBS_CREDITO.TIPOCONDICION,NUMEROMAXIMO,int,NO,,0,
FBS_CREDITO.TIPOCONDICION,CONCURRENCIA,timestamp(6),YES,,CURRENT_TIMESTAMP(6),DEFAULT_GENERATED on update CURRENT_TIMESTAMP(6)
FBS_CREDITO.TIPOCONDICIONSUBCALIFICACIONCONTABLE,SECUENCIAL,int,NO,PRI,,auto_increment
FBS_CREDITO.TIPOCONDICIONSUBCALIFICACIONCONTABLE,CODIGOTIPOCONDICION,varchar(20),NO,MUL,,
FBS_CREDITO.TIPOCONDICIONSUBCALIFICACIONCONTABLE,CODIGOSUBCALIFICACIONCONTABLE,varchar(10),NO,MUL,,
FBS_CREDITO.TIPOCONDICIONSUBCALIFICACIONCONTABLE,ESTAACTIVO,tinyint unsigned,NO,,,
FBS_CREDITO.TIPOCONDICIONSUBCALIFICACIONCONTABLE,NUMEROVERIFICADOR,int,NO,,,
FBS_CREDITO.TIPOCONDICIONSUBCALIFICACIONCONTABLE,CONCURRENCIA,timestamp(6),YES,,CURRENT_TIMESTAMP(6),DEFAULT_GENERATED on update CURRENT_TIMESTAMP(6)
FBS_CREDITO.TIPODOCUMENTOCUSTODIA,CODIGO,varchar(20),NO,PRI,,
FBS_CREDITO.TIPODOCUMENTOCUSTODIA,NOMBRE,varchar(200),NO,,,
FBS_CREDITO.TIPODOCUMENTOCUSTODIA,ESTAACTIVO,tinyint unsigned,NO,,,
FBS_CREDITO.TIPODOCUMENTOCUSTODIA,NUMEROVERIFICADOR,int,NO,,,
FBS_CREDITO.TIPODOCUMENTOCUSTODIA,CONCURRENCIA,timestamp(6),YES,,CURRENT_TIMESTAMP(6),DEFAULT_GENERATED on update CURRENT_TIMESTAMP(6)
FBS_CREDITO.TIPOEDUCACION_PUNTAJEPARACALIF,CODIGOTIPOEDUCACION,char(2),NO,PRI,,
FBS_CREDITO.TIPOEDUCACION_PUNTAJEPARACALIF,PUNTAJEPARACALIFSOLICSOBREDIEZ,"decimal(18,2)",NO,,,
FBS_CREDITO.TIPOEDUCACION_PUNTAJEPARACALIF,DESCRIPCION,varchar(100),NO,,,
FBS_CREDITO.TIPOEDUCACION_PUNTAJEPARACALIF,CONCURRENCIA,timestamp(6),YES,,CURRENT_TIMESTAMP(6),DEFAULT_GENERATED on update CURRENT_TIMESTAMP(6)
FBS_CREDITO.TIPOEXCEPCION,SECUENCIAL,int,NO,PRI,,auto_increment
FBS_CREDITO.TIPOEXCEPCION,DESCRIPCION,varchar(150),NO,,,
FBS_CREDITO.TIPOEXCEPCION,REQUIERECONCEPTO,tinyint unsigned,NO,,,
FBS_CREDITO.TIPOEXCEPCION,CONCEPTO,varchar(100),NO,,,
FBS_CREDITO.TIPOEXCEPCION,ESTAACTIVO,tinyint unsigned,NO,,,
FBS_CREDITO.TIPOEXCEPCION,NUMEROVERIFICADOR,int,NO,,,
FBS_CREDITO.TIPOEXCEPCION,CONCURRENCIA,timestamp(6),YES,,CURRENT_TIMESTAMP(6),DEFAULT_GENERATED on update CURRENT_TIMESTAMP(6)
FBS_CREDITO.TIPOEXCEPCIONGRUPOTRABAJO,CODIGO,varchar(20),NO,PRI,,
FBS_CREDITO.TIPOEXCEPCIONGRUPOTRABAJO,NOMBRE,varchar(200),NO,,,
FBS_CREDITO.TIPOEXCEPCIONGRUPOTRABAJO,PRIORIDAD,int,NO,,,
FBS_CREDITO.TIPOEXCEPCIONGRUPOTRABAJO,ESTAACTIVO,tinyint unsigned,NO,,,
FBS_CREDITO.TIPOEXCEPCIONGRUPOTRABAJO,NUMEROVERIFICADOR,int,NO,,,
FBS_CREDITO.TIPOEXCEPCIONGRUPOTRABAJO,CONCURRENCIA,timestamp(6),YES,,CURRENT_TIMESTAMP(6),DEFAULT_GENERATED on update CURRENT_TIMESTAMP(6)
FBS_CREDITO.TIPOFACTOR,SECUENCIAL,int,NO,PRI,,auto_increment
FBS_CREDITO.TIPOFACTOR,NOMBRE,char(100),NO,,,
FBS_CREDITO.TIPOFACTOR,ESTAACTIVO,tinyint unsigned,NO,,,
FBS_CREDITO.TIPOFACTOR,NUMEROVERIFICADOR,int,NO,,,
FBS_CREDITO.TIPOFACTOR,CONCURRENCIA,timestamp(6),YES,,CURRENT_TIMESTAMP(6),DEFAULT_GENERATED on update CURRENT_TIMESTAMP(6)
FBS_CREDITO.TIPOGARANTIA,CODIGO,char(10),NO,PRI,,
FBS_CREDITO.TIPOGARANTIA,NOMBRE,char(10),NO,,,
FBS_CREDITO.TIPOGARANTIA,SIGLAS,char(3),NO,,,
FBS_CREDITO.TIPOGARANTIA,PUNTAJEPARACALIFSOLSOBREDIEZ,"decimal(18,2)",NO,,,
FBS_CREDITO.TIPOGARANTIA,ESTAACTIVA,tinyint unsigned,NO,,,
FBS_CREDITO.TIPOGARANTIA,NUMEROVERIFICADOR,int,NO,,,
FBS_CREDITO.TIPOGARANTIA,INCREMENTOTASA,"decimal(18,2)",NO,,,
FBS_CREDITO.TIPOGARANTIA,PORCENTAJESCORING,"decimal(18,2)",NO,,,
FBS_CREDITO.TIPOGARANTIA,ACEPTADACIONPAGO,tinyint unsigned,NO,,,
FBS_CREDITO.TIPOGARANTIA,CONCURRENCIA,timestamp(6),YES,,CURRENT_TIMESTAMP(6),DEFAULT_GENERATED on update CURRENT_TIMESTAMP(6)
FBS_CREDITO.TIPOGARANTIAHIPOTECARIA,CODIGO,varchar(2),NO,PRI,,
FBS_CREDITO.TIPOGARANTIAHIPOTECARIA,NOMBRE,varchar(250),NO,,,
FBS_CREDITO.TIPOGARANTIAHIPOTECARIA,ESTAACTIVO,tinyint unsigned,NO,,,
FBS_CREDITO.TIPOGARANTIAHIPOTECARIA,NUMEROVERIFICADOR,int,NO,,,
FBS_CREDITO.TIPOGARANTIAHIPOTECARIA,CONCURRENCIA,timestamp(6),YES,,CURRENT_TIMESTAMP(6),DEFAULT_GENERATED on update CURRENT_TIMESTAMP(6)
FBS_CREDITO.TIPOGARANTIA_CUENTASORDEN,CODIGOTIPOGARANTIA,char(10),NO,PRI,,
FBS_CREDITO.TIPOGARANTIA_CUENTASORDEN,SECCUENTACBLEORDENDEUDORA,int,NO,MUL,,
FBS_CREDITO.TIPOGARANTIA_CUENTASORDEN,SECCUENTACBLEORDENACREEDORA,int,NO,MUL,,
FBS_CREDITO.TIPOGARANTIA_CUENTASORDEN,CONCURRENCIA,timestamp(6),YES,,CURRENT_TIMESTAMP(6),DEFAULT_GENERATED on update CURRENT_TIMESTAMP(6)
FBS_CREDITO.TIPOGARANTIA_PORCENCUBRE,CODIGOTIPOGARANTIA,varchar(20),NO,PRI,,
FBS_CREDITO.TIPOGARANTIA_PORCENCUBRE,PORCENTAJE,"decimal(18,2)",NO,,,
FBS_CREDITO.TIPOGARANTIA_PORCENCUBRE,ESTAACTIVO,tinyint unsigned,NO,,,
FBS_CREDITO.TIPOGARANTIA_PORCENCUBRE,NUMEROVERIFICADOR,int,NO,,,
FBS_CREDITO.TIPOGARANTIA_PORCENCUBRE,CONCURRENCIA,timestamp(6),YES,,CURRENT_TIMESTAMP(6),DEFAULT_GENERATED on update CURRENT_TIMESTAMP(6)
FBS_CREDITO.TIPOGRUPOPERSONAS_PARAMETRO,CODIGOTIPOGRUPO,varchar(3),NO,PRI,,
FBS_CREDITO.TIPOGRUPOPERSONAS_PARAMETRO,INGRESADATOSGRUPO,tinyint unsigned,NO,,,
FBS_CREDITO.TIPOGRUPOPERSONAS_PARAMETRO,CALIFICAGARANTES,tinyint unsigned,NO,,,
FBS_CREDITO.TIPOGRUPOPERSONAS_PARAMETRO,NUMEROVERIFICADOR,int,NO,,,
FBS_CREDITO.TIPOGRUPOPERSONAS_PARAMETRO,CONCURRENCIA,timestamp(6),YES,,CURRENT_TIMESTAMP(6),DEFAULT_GENERATED on update CURRENT_TIMESTAMP(6)
FBS_CREDITO.TIPOHIPOTECA,CODIGO,char(1),NO,PRI,,
FBS_CREDITO.TIPOHIPOTECA,NOMBRE,varchar(50),NO,,,
FBS_CREDITO.TIPOHIPOTECA,ESTAACTIVO,tinyint unsigned,NO,,,
FBS_CREDITO.TIPOHIPOTECA,NUMEROVERIFICADOR,int,NO,,,
FBS_CREDITO.TIPOHIPOTECA,CONCURRENCIA,timestamp(6),YES,,CURRENT_TIMESTAMP(6),DEFAULT_GENERATED on update CURRENT_TIMESTAMP(6)
FBS_CREDITO.TIPOINSTITUCIONAVAL,CODIGO,char(3),NO,PRI,,
FBS_CREDITO.TIPOINSTITUCIONAVAL,RUC,char(13),NO,,,
FBS_CREDITO.TIPOINSTITUCIONAVAL,NOMBRE,varchar(150),NO,,,
FBS_CREDITO.TIPOINSTITUCIONAVAL,DIRECCION,varchar(200),NO,,,
FBS_CREDITO.TIPOINSTITUCIONAVAL,TELEFONO,char(10),NO,,,
FBS_CREDITO.TIPOINSTITUCIONAVAL,CONTACTO,varchar(150),NO,,,
FBS_CREDITO.TIPOINSTITUCIONAVAL,ESTAACTIVO,tinyint unsigned,NO,,,
FBS_CREDITO.TIPOINSTITUCIONAVAL,NUMEROVERIFICADOR,int,NO,,,
FBS_CREDITO.TIPOINSTITUCIONAVAL,CONCURRENCIA,timestamp(6),YES,,CURRENT_TIMESTAMP(6),DEFAULT_GENERATED on update CURRENT_TIMESTAMP(6)
FBS_CREDITO.TIPOITEMCONTROLDOCUMENTO,CODIGO,varchar(10),NO,PRI,,
FBS_CREDITO.TIPOITEMCONTROLDOCUMENTO,NOMBRE,varchar(250),NO,,,
FBS_CREDITO.TIPOITEMCONTROLDOCUMENTO,ESTAACTIVO,tinyint unsigned,NO,,,
FBS_CREDITO.TIPOITEMCONTROLDOCUMENTO,NUMEROVERIFICADOR,int,NO,,,
FBS_CREDITO.TIPOITEMCONTROLDOCUMENTO,CONCURRENCIA,timestamp(6),YES,,CURRENT_TIMESTAMP(6),DEFAULT_GENERATED on update CURRENT_TIMESTAMP(6)
FBS_CREDITO.TIPOITEMFLUJO,SECUENCIAL,int,NO,PRI,,auto_increment
FBS_CREDITO.TIPOITEMFLUJO,NOMBRE,varchar(100),NO,,,
FBS_CREDITO.TIPOITEMFLUJO,ESPRODUCTO,bit(1),NO,,,
FBS_CREDITO.TIPOITEMFLUJO,ESCOSTO,bit(1),NO,,,
FBS_CREDITO.TIPOITEMFLUJO,ESSUMA,bit(1),NO,,,
FBS_CREDITO.TIPOITEMFLUJO,ESTAACTIVO,bit(1),NO,,,
FBS_CREDITO.TIPOITEMFLUJO,CONCURRENCIA,timestamp(6),NO,,CURRENT_TIMESTAMP(6),DEFAULT_GENERATED on update CURRENT_TIMESTAMP(6)
FBS_CREDITO.TIPOITEMSCORING,CODIGO,varchar(10),NO,PRI,,
FBS_CREDITO.TIPOITEMSCORING,NOMBRE,varchar(50),NO,,,
FBS_CREDITO.TIPOITEMSCORING,ESTAACTIVO,tinyint unsigned,NO,,,
FBS_CREDITO.TIPOITEMSCORING,NUMEROVERIFICADOR,int,NO,,,
FBS_CREDITO.TIPOITEMSCORING,CONCURRENCIA,timestamp(6),YES,,CURRENT_TIMESTAMP(6),DEFAULT_GENERATED on update CURRENT_TIMESTAMP(6)
FBS_CREDITO.TIPOITEMVERIFICACION,CODIGO,varchar(10),NO,PRI,,
FBS_CREDITO.TIPOITEMVERIFICACION,NOMBRE,varchar(250),NO,,,
FBS_CREDITO.TIPOITEMVERIFICACION,ESTAACTIVO,tinyint unsigned,NO,,,
FBS_CREDITO.TIPOITEMVERIFICACION,NUMEROVERIFICADOR,int,NO,,,
FBS_CREDITO.TIPOITEMVERIFICACION,CONCURRENCIA,timestamp(6),YES,,CURRENT_TIMESTAMP(6),DEFAULT_GENERATED on update CURRENT_TIMESTAMP(6)
FBS_CREDITO.TIPOLIQUIDEZHIPOTECA,CODIGO,char(1),NO,PRI,,
FBS_CREDITO.TIPOLIQUIDEZHIPOTECA,NOMBRE,varchar(50),NO,,,
FBS_CREDITO.TIPOLIQUIDEZHIPOTECA,ESTAACTIVO,tinyint unsigned,NO,,,
FBS_CREDITO.TIPOLIQUIDEZHIPOTECA,NUMEROVERIFICADOR,int,NO,,,
FBS_CREDITO.TIPOLIQUIDEZHIPOTECA,CONCURRENCIA,timestamp(6),YES,,CURRENT_TIMESTAMP(6),DEFAULT_GENERATED on update CURRENT_TIMESTAMP(6)
FBS_CREDITO.TIPOPASIVO,SECUENCIAL,int,NO,PRI,,auto_increment
FBS_CREDITO.TIPOPASIVO,NOMBRE,varchar(100),NO,,,
FBS_CREDITO.TIPOPASIVO,ESTAACTIVO,tinyint unsigned,NO,,,
FBS_CREDITO.TIPOPASIVO,ESFAMILIAR,tinyint unsigned,NO,,,
FBS_CREDITO.TIPOPASIVO,NUMEROVERIFICADOR,int,NO,,,
FBS_CREDITO.TIPOPASIVO,CONCURRENCIA,timestamp(6),YES,,CURRENT_TIMESTAMP(6),DEFAULT_GENERATED on update CURRENT_TIMESTAMP(6)
FBS_CREDITO.TIPOPLUSVALIA,CODIGO,varchar(4),NO,PRI,,
FBS_CREDITO.TIPOPLUSVALIA,NOMBRE,varchar(100),NO,,,
FBS_CREDITO.TIPOPLUSVALIA,PORCENTAJECOBERTURA,"decimal(18,2)",NO,,,
FBS_CREDITO.TIPOPLUSVALIA,ESTAACTIVO,tinyint unsigned,NO,,,
FBS_CREDITO.TIPOPLUSVALIA,CONCURRENCIA,timestamp(6),YES,,CURRENT_TIMESTAMP(6),DEFAULT_GENERATED on update CURRENT_TIMESTAMP(6)
FBS_CREDITO.TIPOPRENDA,CODIGO,char(10),NO,PRI,,
FBS_CREDITO.TIPOPRENDA,NOMBRE,varchar(50),NO,,,
FBS_CREDITO.TIPOPRENDA,ESTAACTIVO,tinyint unsigned,NO,,,
FBS_CREDITO.TIPOPRENDA,NUMEROVERIFICADOR,int,NO,,,
FBS_CREDITO.TIPOPRENDA,ESJOYA,tinyint unsigned,NO,,,
FBS_CREDITO.TIPOPRENDA,ESVEHICULO,tinyint unsigned,NO,,,
FBS_CREDITO.TIPOPRENDA,CONCURRENCIA,timestamp(6),YES,,CURRENT_TIMESTAMP(6),DEFAULT_GENERATED on update CURRENT_TIMESTAMP(6)
FBS_CREDITO.TIPOPRESTAMO,CODIGO,char(10),NO,PRI,,
FBS_CREDITO.TIPOPRESTAMO,NOMBRE,varchar(50),NO,,,
FBS_CREDITO.TIPOPRESTAMO,SIGLAS,char(6),NO,,,
FBS_CREDITO.TIPOPRESTAMO,SECUENCIALEMPRESA,int,NO,MUL,,
FBS_CREDITO.TIPOPRESTAMO,PLAZOMINIMO,int,NO,,,
FBS_CREDITO.TIPOPRESTAMO,PLAZOMAXIMO,int,NO,,,
FBS_CREDITO.TIPOPRESTAMO,MONTOMINIMO,"decimal(18,2)",NO,,,
FBS_CREDITO.TIPOPRESTAMO,MONTOMAXIMO,"decimal(18,2)",NO,,,
FBS_CREDITO.TIPOPRESTAMO,CALIFICACIONMINIMASOLSOBREDIEZ,"decimal(18,2)",NO,,,
FBS_CREDITO.TIPOPRESTAMO,ESCOBROHORIZONTAL,tinyint unsigned,NO,,,
FBS_CREDITO.TIPOPRESTAMO,NUMEROMINIMODEUDORES,int,NO,,,
FBS_CREDITO.TIPOPRESTAMO,NUMEROMAXIMODEUDORES,int,NO,,,
FBS_CREDITO.TIPOPRESTAMO,FRECUENCIARESTRINGIDA,tinyint unsigned,NO,,,
FBS_CREDITO.TIPOPRESTAMO,NIVELCONTABLE,char(2),NO,,,
FBS_CREDITO.TIPOPRESTAMO,DIASMINIMOREAJUSTE,int,NO,,,
FBS_CREDITO.TIPOPRESTAMO,ESOPERATIVO,tinyint unsigned,NO,,,
FBS_CREDITO.TIPOPRESTAMO,NOMBREMETODOOBTIENECALIFGRUPO,varchar(50),NO,,,
FBS_CREDITO.TIPOPRESTAMO,ESTAACTIVO,tinyint unsigned,NO,,,
FBS_CREDITO.TIPOPRESTAMO,NUMEROVERIFICADOR,int,NO,,,
FBS_CREDITO.TIPOPRESTAMO,NUMERODIASMORAAVALIDAR,int,NO,,,
FBS_CREDITO.TIPOPRESTAMO,PARAVIVIENDA,tinyint unsigned,NO,,,
FBS_CREDITO.TIPOPRESTAMO,ESCONVENIOCREDITO,tinyint unsigned,NO,,,
FBS_CREDITO.TIPOPRESTAMO,ESVIP,tinyint unsigned,NO,,,
FBS_CREDITO.TIPOPRESTAMO,ESPARAINVENTARIO,tinyint unsigned,NO,,0,
FBS_CREDITO.TIPOPRESTAMO,CONCURRENCIA,timestamp(6),YES,,CURRENT_TIMESTAMP(6),DEFAULT_GENERATED on update CURRENT_TIMESTAMP(6)
FBS_CREDITO.TIPOPRESTAMOCALCCUOTAGRACIA,SECUENCIAL,int,NO,PRI,,auto_increment
FBS_CREDITO.TIPOPRESTAMOCALCCUOTAGRACIA,CODIGOTIPOPRESTAMO,char(10),NO,MUL,,
FBS_CREDITO.TIPOPRESTAMOCALCCUOTAGRACIA,CODIGOTIPOCALCULOCUOTADEGRACIA,char(20),NO,MUL,,
FBS_CREDITO.TIPOPRESTAMOCALCCUOTAGRACIA,ESTAACTIVO,tinyint unsigned,NO,,,
FBS_CREDITO.TIPOPRESTAMOCALCCUOTAGRACIA,NUMEROVERIFICADOR,int,NO,,,
FBS_CREDITO.TIPOPRESTAMOCALCCUOTAGRACIA,CONCURRENCIA,timestamp(6),YES,,CURRENT_TIMESTAMP(6),DEFAULT_GENERATED on update CURRENT_TIMESTAMP(6)
FBS_CREDITO.TIPOPRESTAMOCOMPONENTE_CREDITO,SECUENCIAL,int,NO,PRI,,auto_increment
FBS_CREDITO.TIPOPRESTAMOCOMPONENTE_CREDITO,CODIGOTIPOPRESTAMO,char(10),NO,MUL,,
FBS_CREDITO.TIPOPRESTAMOCOMPONENTE_CREDITO,SECUENCIALCOMPONENTECREDITO,int,NO,MUL,,
FBS_CREDITO.TIPOPRESTAMOCOMPONENTE_CREDITO,ESTAACTIVA,tinyint unsigned,NO,,,
FBS_CREDITO.TIPOPRESTAMOCOMPONENTE_CREDITO,NUMEROVERIFICADOR,int,NO,,,
FBS_CREDITO.TIPOPRESTAMOCOMPONENTE_CREDITO,CONCURRENCIA,timestamp(6),YES,,CURRENT_TIMESTAMP(6),DEFAULT_GENERATED on update CURRENT_TIMESTAMP(6)
FBS_CREDITO.TIPOPRESTAMOCONDTABLAAMORTZ,SECUENCIAL,int,NO,PRI,,auto_increment
FBS_CREDITO.TIPOPRESTAMOCONDTABLAAMORTZ,CODIGOTIPOPRESTAMO,char(10),NO,MUL,,
FBS_CREDITO.TIPOPRESTAMOCONDTABLAAMORTZ,SECUENCIALCONDTABLAAMORTZ,int,NO,MUL,,
FBS_CREDITO.TIPOPRESTAMOCONDTABLAAMORTZ,ESTAACTIVA,tinyint unsigned,NO,,,
FBS_CREDITO.TIPOPRESTAMOCONDTABLAAMORTZ,NUMEROVERIFICADOR,int,NO,,,
FBS_CREDITO.TIPOPRESTAMOCONDTABLAAMORTZ,CONCURRENCIA,timestamp(6),YES,,CURRENT_TIMESTAMP(6),DEFAULT_GENERATED on update CURRENT_TIMESTAMP(6)
FBS_CREDITO.TIPOPRESTAMOCONTROLMONTOPLAZO,SECUENCIAL,int,NO,PRI,,auto_increment
FBS_CREDITO.TIPOPRESTAMOCONTROLMONTOPLAZO,CODIGOTIPOPRESTAMO,char(10),NO,MUL,,
FBS_CREDITO.TIPOPRESTAMOCONTROLMONTOPLAZO,MONTOMINIMO,"decimal(18,2)",NO,,,
FBS_CREDITO.TIPOPRESTAMOCONTROLMONTOPLAZO,MONTOMAXIMO,"decimal(18,2)",NO,,,
FBS_CREDITO.TIPOPRESTAMOCONTROLMONTOPLAZO,PLAZOMINIMO,int,NO,,,
FBS_CREDITO.TIPOPRESTAMOCONTROLMONTOPLAZO,PLAZOMAXIMO,int,NO,,,
FBS_CREDITO.TIPOPRESTAMOCONTROLMONTOPLAZO,ESTAACTIVO,tinyint unsigned,NO,,,
FBS_CREDITO.TIPOPRESTAMOCONTROLMONTOPLAZO,NUMEROVERIFICADOR,int,NO,,,
FBS_CREDITO.TIPOPRESTAMOCONTROLMONTOPLAZO,CONCURRENCIA,timestamp(6),YES,,CURRENT_TIMESTAMP(6),DEFAULT_GENERATED on update CURRENT_TIMESTAMP(6)
FBS_CREDITO.TIPOPRESTAMOETAPA,SECUENCIAL,int,NO,PRI,,auto_increment
FBS_CREDITO.TIPOPRESTAMOETAPA,CODIGOTIPOPRESTAMO,char(10),NO,MUL,,
FBS_CREDITO.TIPOPRESTAMOETAPA,SECUENCIALETAPA,int,NO,MUL,,
FBS_CREDITO.TIPOPRESTAMOETAPA,ADMITECALIFICACION,tinyint unsigned,NO,,,
FBS_CREDITO.TIPOPRESTAMOETAPA,ADMITEEDICIONSOLICITUD,tinyint unsigned,NO,,,
FBS_CREDITO.TIPOPRESTAMOETAPA,REQUIERECOMENTARIO,tinyint unsigned,NO,,,
FBS_CREDITO.TIPOPRESTAMOETAPA,ADMITEINGRESOANEXO,tinyint unsigned,NO,,,
FBS_CREDITO.TIPOPRESTAMOETAPA,ADMITEGENERACIONPRESTAMO,tinyint unsigned,NO,,,
FBS_CREDITO.TIPOPRESTAMOETAPA,ESTAACTIVO,tinyint unsigned,NO,,,
FBS_CREDITO.TIPOPRESTAMOETAPA,ADMITEIMPRESIONPAGARE,tinyint unsigned,NO,,,
FBS_CREDITO.TIPOPRESTAMOETAPA,ADMITECONTROLDOCUMENTO,tinyint unsigned,NO,,,
FBS_CREDITO.TIPOPRESTAMOETAPA,ADMITECONTROLVERIFICACION,tinyint unsigned,NO,,,
FBS_CREDITO.TIPOPRESTAMOETAPA,NUMEROVERIFICADOR,int,NO,,,
FBS_CREDITO.TIPOPRESTAMOETAPA,ADMITELEVANTAMIENTOINSITU,tinyint unsigned,NO,,,
FBS_CREDITO.TIPOPRESTAMOETAPA,ADMITEANALISISRIESGOCRED,tinyint unsigned,NO,,,
FBS_CREDITO.TIPOPRESTAMOETAPA,VALIDARUTAGRUPOTRABAJO,tinyint unsigned,NO,,,
FBS_CREDITO.TIPOPRESTAMOETAPA,INGRESAEXCEPCION,tinyint unsigned,NO,,,
FBS_CREDITO.TIPOPRESTAMOETAPA,VERIFICAEXCEPCION,tinyint unsigned,NO,,,
FBS_CREDITO.TIPOPRESTAMOETAPA,ESASIGNACIONAUTOMATICA,tinyint unsigned,NO,,,
FBS_CREDITO.TIPOPRESTAMOETAPA,GENERAACTA,tinyint unsigned,NO,,,
FBS_CREDITO.TIPOPRESTAMOETAPA,VALIDADOCUMENTOSDIGITALES,tinyint unsigned,NO,,0,
FBS_CREDITO.TIPOPRESTAMOETAPA,VERIFICADOCDIGITALES,tinyint unsigned,NO,,0,
FBS_CREDITO.TIPOPRESTAMOETAPA,ADMITEDIGITALIZACION,tinyint unsigned,NO,,0,
FBS_CREDITO.TIPOPRESTAMOETAPA,ADMITECODIFICACION,tinyint unsigned,NO,,0,
FBS_CREDITO.TIPOPRESTAMOETAPA,ADMITEDESCARGARDOC,tinyint unsigned,NO,,0,
FBS_CREDITO.TIPOPRESTAMOETAPA,VALIDAINGRESOVISITAS,tinyint unsigned,NO,,,
FBS_CREDITO.TIPOPRESTAMOETAPA,VALIDACIONTELEFONICA,tinyint unsigned,NO,,0,
FBS_CREDITO.TIPOPRESTAMOETAPA,CONCURRENCIA,timestamp(6),YES,,CURRENT_TIMESTAMP(6),DEFAULT_GENERATED on update CURRENT_TIMESTAMP(6)
FBS_CREDITO.TIPOPRESTAMOETAPACONDGRUPOTRAB,SECUENCIAL,int,NO,PRI,,auto_increment
FBS_CREDITO.TIPOPRESTAMOETAPACONDGRUPOTRAB,SECUENCIALTIPOPRESTETAPACOND,int,NO,MUL,,
FBS_CREDITO.TIPOPRESTAMOETAPACONDGRUPOTRAB,CODIGOGRUPOTRABAJO,varchar(20),NO,MUL,,
FBS_CREDITO.TIPOPRESTAMOETAPACONDGRUPOTRAB,ESTAACTIVO,tinyint unsigned,NO,,,
FBS_CREDITO.TIPOPRESTAMOETAPACONDGRUPOTRAB,NUMEROVERIFICADOR,int,NO,,,
FBS_CREDITO.TIPOPRESTAMOETAPACONDGRUPOTRAB,CONCURRENCIA,timestamp(6),YES,,CURRENT_TIMESTAMP(6),DEFAULT_GENERATED on update CURRENT_TIMESTAMP(6)
FBS_CREDITO.TIPOPRESTAMOETAPACONDGRUPOTRABOFICINA,SECUENCIAL,int,NO,PRI,,auto_increment
FBS_CREDITO.TIPOPRESTAMOETAPACONDGRUPOTRABOFICINA,SECUENCIALTIPOPRESTETAPACOND,int,NO,MUL,,
FBS_CREDITO.TIPOPRESTAMOETAPACONDGRUPOTRABOFICINA,SECUENCIALOFICINA,int,NO,MUL,,
FBS_CREDITO.TIPOPRESTAMOETAPACONDGRUPOTRABOFICINA,CODIGOGRUPOTRABAJO,varchar(20),NO,MUL,,
FBS_CREDITO.TIPOPRESTAMOETAPACONDGRUPOTRABOFICINA,ESTAACTIVO,tinyint unsigned,NO,,,
FBS_CREDITO.TIPOPRESTAMOETAPACONDGRUPOTRABOFICINA,NUMEROVERIFICADOR,int,NO,,,
FBS_CREDITO.TIPOPRESTAMOETAPACONDGRUPOTRABOFICINA,CONCURRENCIA,timestamp(6),YES,,CURRENT_TIMESTAMP(6),DEFAULT_GENERATED on update CURRENT_TIMESTAMP(6)
FBS_CREDITO.TIPOPRESTAMOETAPACONDICION,SECUENCIAL,int,NO,PRI,,auto_increment
FBS_CREDITO.TIPOPRESTAMOETAPACONDICION,SECUENCIALTIPOPRESTAMOETAPA,int,NO,MUL,,
FBS_CREDITO.TIPOPRESTAMOETAPACONDICION,MONTOSOLICITADOINICIAL,"decimal(18,2)",NO,,,
FBS_CREDITO.TIPOPRESTAMOETAPACONDICION,MONTOSOLICITADOFINAL,"decimal(18,2)",NO,,,
FBS_CREDITO.TIPOPRESTAMOETAPACONDICION,PLAZOSOLICITADOINICIAL,int,NO,,,
FBS_CREDITO.TIPOPRESTAMOETAPACONDICION,PLAZOSOLICITADOFINAL,int,NO,,,
FBS_CREDITO.TIPOPRESTAMOETAPACONDICION,ESTAACTIVO,tinyint unsigned,NO,,,
FBS_CREDITO.TIPOPRESTAMOETAPACONDICION,NUMEROVERIFICADOR,int,NO,,,
FBS_CREDITO.TIPOPRESTAMOETAPACONDICION,POROFICINAORIGEN,tinyint unsigned,NO,,,
FBS_CREDITO.TIPOPRESTAMOETAPACONDICION,ESCOMITEINSTITUCIONAL,tinyint unsigned,NO,,,
FBS_CREDITO.TIPOPRESTAMOETAPACONDICION,ESCOMITEADMINISTRATIVO,tinyint unsigned,NO,,,
FBS_CREDITO.TIPOPRESTAMOETAPACONDICION,ESFABRICACREDITO,tinyint unsigned,NO,,,
FBS_CREDITO.TIPOPRESTAMOETAPACONDICION,GENERARESOLUCION,tinyint unsigned,NO,,,
FBS_CREDITO.TIPOPRESTAMOETAPACONDICION,CONCURRENCIA,timestamp(6),YES,,CURRENT_TIMESTAMP(6),DEFAULT_GENERATED on update CURRENT_TIMESTAMP(6)
FBS_CREDITO.TIPOPRESTAMOETAPATIPOALERTA,SECUENCIAL,int,NO,PRI,,auto_increment
FBS_CREDITO.TIPOPRESTAMOETAPATIPOALERTA,SECUENCIALTIPOPRESTAMOETAPA,int,NO,MUL,,
FBS_CREDITO.TIPOPRESTAMOETAPATIPOALERTA,SECUENCIALTIPOALERTA,int,NO,MUL,,
FBS_CREDITO.TIPOPRESTAMOETAPATIPOALERTA,ESTAACTIVO,tinyint unsigned,NO,,,
FBS_CREDITO.TIPOPRESTAMOETAPATIPOALERTA,NUMEROVERIFICADOR,int,NO,,,
FBS_CREDITO.TIPOPRESTAMOETAPATIPOALERTA,CONCURRENCIA,timestamp(6),YES,,CURRENT_TIMESTAMP(6),DEFAULT_GENERATED on update CURRENT_TIMESTAMP(6)
FBS_CREDITO.TIPOPRESTAMOFRECUENCIAPAGO,SECUENCIAL,int,NO,PRI,,auto_increment
FBS_CREDITO.TIPOPRESTAMOFRECUENCIAPAGO,CODIGOTIPOPRESTAMO,char(10),NO,MUL,,
FBS_CREDITO.TIPOPRESTAMOFRECUENCIAPAGO,CODIGOFRECUENCIAPAGO,char(10),NO,MUL,,
FBS_CREDITO.TIPOPRESTAMOFRECUENCIAPAGO,ESTAACTIVO,tinyint unsigned,NO,,,
FBS_CREDITO.TIPOPRESTAMOFRECUENCIAPAGO,NUMEROVERIFICADOR,int,NO,,,
FBS_CREDITO.TIPOPRESTAMOFRECUENCIAPAGO,CONCURRENCIA,timestamp(6),YES,,CURRENT_TIMESTAMP(6),DEFAULT_GENERATED on update CURRENT_TIMESTAMP(6)
FBS_CREDITO.TIPOPRESTAMOITEMDOCUMENTO,SECUENCIAL,int,NO,PRI,,auto_increment
FBS_CREDITO.TIPOPRESTAMOITEMDOCUMENTO,CODIGOTIPOPRESTAMO,char(10),NO,MUL,,
FBS_CREDITO.TIPOPRESTAMOITEMDOCUMENTO,CODIGOITEMDOCUMENTO,varchar(10),NO,MUL,,
FBS_CREDITO.TIPOPRESTAMOITEMDOCUMENTO,CODIGOCATEGORIADOC,varchar(10),NO,MUL,,
FBS_CREDITO.TIPOPRESTAMOITEMDOCUMENTO,ESPARACLIENTE,tinyint unsigned,NO,,,
FBS_CREDITO.TIPOPRESTAMOITEMDOCUMENTO,ESADICIONAL,tinyint unsigned,NO,,,
FBS_CREDITO.TIPOPRESTAMOITEMDOCUMENTO,POSGENERACIO,tinyint unsigned,NO,,,
FBS_CREDITO.TIPOPRESTAMOITEMDOCUMENTO,ORDEN,int,NO,,,
FBS_CREDITO.TIPOPRESTAMOITEMDOCUMENTO,ESTAACTIVO,tinyint unsigned,NO,,,
FBS_CREDITO.TIPOPRESTAMOITEMDOCUMENTO,NUMEROVERIFICADOR,int,NO,,,
FBS_CREDITO.TIPOPRESTAMOITEMDOCUMENTO,ESOBLIGATORIOENCIERRE,tinyint unsigned,NO,,,
FBS_CREDITO.TIPOPRESTAMOITEMDOCUMENTO,ESREUTILIZABLE,tinyint unsigned,NO,,0,
FBS_CREDITO.TIPOPRESTAMOITEMDOCUMENTO,CONCURRENCIA,timestamp(6),YES,,CURRENT_TIMESTAMP(6),DEFAULT_GENERATED on update CURRENT_TIMESTAMP(6)
FBS_CREDITO.TIPOPRESTAMOMOTIVOFINANTASA,SECUENCIAL,int,NO,PRI,,auto_increment
FBS_CREDITO.TIPOPRESTAMOMOTIVOFINANTASA,CODIGOTIPOPRESTAMO,char(10),NO,MUL,,
FBS_CREDITO.TIPOPRESTAMOMOTIVOFINANTASA,CODIGOMOTIVOFINANCIAMIENTO,varchar(20),NO,MUL,,
FBS_CREDITO.TIPOPRESTAMOMOTIVOFINANTASA,ESTAACTIVO,tinyint unsigned,NO,,,
FBS_CREDITO.TIPOPRESTAMOMOTIVOFINANTASA,NUMEROVERIFICADOR,int,NO,,,
FBS_CREDITO.TIPOPRESTAMOMOTIVOFINANTASA,CONCURRENCIA,timestamp(6),YES,,CURRENT_TIMESTAMP(6),DEFAULT_GENERATED on update CURRENT_TIMESTAMP(6)
FBS_CREDITO.TIPOPRESTAMONIVELCALIFSCO,SECUENCIAL,int,NO,PRI,,auto_increment
FBS_CREDITO.TIPOPRESTAMONIVELCALIFSCO,CODIGOTIPOPRESTAMO,char(10),NO,MUL,,
FBS_CREDITO.TIPOPRESTAMONIVELCALIFSCO,MONTOINICIAL,"decimal(18,2)",NO,,,
FBS_CREDITO.TIPOPRESTAMONIVELCALIFSCO,MONTOFINAL,"decimal(18,2)",NO,,,
FBS_CREDITO.TIPOPRESTAMONIVELCALIFSCO,CALIFICACIONSOBREDIEZMINIMA,"decimal(18,2)",NO,,,
FBS_CREDITO.TIPOPRESTAMONIVELCALIFSCO,CALIFICACIONSOBREDIEZMAXIMA,"decimal(18,2)",NO,,,
FBS_CREDITO.TIPOPRESTAMONIVELCALIFSCO,RECOMENDACION,varchar(50),NO,,,
FBS_CREDITO.TIPOPRESTAMONIVELCALIFSCO,ESTAACTIVO,tinyint unsigned,NO,,,
FBS_CREDITO.TIPOPRESTAMONIVELCALIFSCO,NUMEROVERIFICADOR,int,NO,,,
FBS_CREDITO.TIPOPRESTAMONIVELCALIFSCO,CONCURRENCIA,timestamp(6),YES,,CURRENT_TIMESTAMP(6),DEFAULT_GENERATED on update CURRENT_TIMESTAMP(6)
FBS_CREDITO.TIPOPRESTAMOORIGENRECURSO,SECUENCIAL,int,NO,PRI,,auto_increment
FBS_CREDITO.TIPOPRESTAMOORIGENRECURSO,CODIGOTIPOPRESTAMO,char(10),NO,MUL,,
FBS_CREDITO.TIPOPRESTAMOORIGENRECURSO,CODIGOORIGENRECURSO,char(10),NO,MUL,,
FBS_CREDITO.TIPOPRESTAMOORIGENRECURSO,FECHAINICIO,datetime(3),NO,,,
FBS_CREDITO.TIPOPRESTAMOORIGENRECURSO,FECHAFIN,datetime(3),NO,,,
FBS_CREDITO.TIPOPRESTAMOORIGENRECURSO,ESTAACTIVO,tinyint unsigned,NO,,,
FBS_CREDITO.TIPOPRESTAMOORIGENRECURSO,NUMEROVERIFICADOR,int,NO,,,
FBS_CREDITO.TIPOPRESTAMOORIGENRECURSO,CONCURRENCIA,timestamp(6),YES,,CURRENT_TIMESTAMP(6),DEFAULT_GENERATED on update CURRENT_TIMESTAMP(6)
FBS_CREDITO.TIPOPRESTAMOPLANTILLASCORING,SECUENCIAL,int,NO,PRI,,auto_increment
FBS_CREDITO.TIPOPRESTAMOPLANTILLASCORING,CODIGOTIPOPRESTAMO,char(10),NO,MUL,,
FBS_CREDITO.TIPOPRESTAMOPLANTILLASCORING,CODIGOPLANTILLASCORING,varchar(20),NO,MUL,,
FBS_CREDITO.TIPOPRESTAMOPLANTILLASCORING,ESTAACTIVO,tinyint unsigned,NO,,,
FBS_CREDITO.TIPOPRESTAMOPLANTILLASCORING,NUMEROVERIFICADOR,int,NO,,,
FBS_CREDITO.TIPOPRESTAMOPLANTILLASCORING,CONCURRENCIA,timestamp(6),YES,,CURRENT_TIMESTAMP(6),DEFAULT_GENERATED on update CURRENT_TIMESTAMP(6)
FBS_CREDITO.TIPOPRESTAMORELACIONENCAJE,SECUENCIAL,int,NO,PRI,,auto_increment
FBS_CREDITO.TIPOPRESTAMORELACIONENCAJE,CODIGOTIPOPRESTAMO,char(10),NO,MUL,,
FBS_CREDITO.TIPOPRESTAMORELACIONENCAJE,SECUENCIALRELACIONENCAJEFIJA,int,NO,MUL,,
FBS_CREDITO.TIPOPRESTAMORELACIONENCAJE,ESTAACTIVO,tinyint unsigned,NO,,,
FBS_CREDITO.TIPOPRESTAMORELACIONENCAJE,NUMEROVERIFICADOR,int,NO,,,
FBS_CREDITO.TIPOPRESTAMORELACIONENCAJE,CONCURRENCIA,timestamp(6),YES,,CURRENT_TIMESTAMP(6),DEFAULT_GENERATED on update CURRENT_TIMESTAMP(6)
FBS_CREDITO.TIPOPRESTAMOSEGMENTOINTERNO,SECUENCIAL,int,NO,PRI,,auto_increment
FBS_CREDITO.TIPOPRESTAMOSEGMENTOINTERNO,CODIGOTIPOPRESTAMO,char(10),NO,MUL,,
FBS_CREDITO.TIPOPRESTAMOSEGMENTOINTERNO,SECUENCIALSEGMENTOINTERNO,int,NO,MUL,,
FBS_CREDITO.TIPOPRESTAMOSEGMENTOINTERNO,ESTAACTIVA,tinyint unsigned,NO,,,
FBS_CREDITO.TIPOPRESTAMOSEGMENTOINTERNO,NUMEROVERIFICADOR,int,NO,,,
FBS_CREDITO.TIPOPRESTAMOSEGMENTOINTERNO,CONCURRENCIA,timestamp(6),YES,,CURRENT_TIMESTAMP(6),DEFAULT_GENERATED on update CURRENT_TIMESTAMP(6)
FBS_CREDITO.TIPOPRESTAMOSUBCALIFICACIONCREDITO,SECUENCIAL,int,NO,PRI,,auto_increment
FBS_CREDITO.TIPOPRESTAMOSUBCALIFICACIONCREDITO,CODIGOTIPOPRESTAMO,char(10),NO,MUL,,
FBS_CREDITO.TIPOPRESTAMOSUBCALIFICACIONCREDITO,CODIGOSUBCALIFICACIONCREDITO,char(10),NO,MUL,,
FBS_CREDITO.TIPOPRESTAMOSUBCALIFICACIONCREDITO,ESTAACTIVO,tinyint,NO,,,
FBS_CREDITO.TIPOPRESTAMOSUBCALIFICACIONCREDITO,CONCURRENCIA,timestamp(6),YES,,CURRENT_TIMESTAMP(6),DEFAULT_GENERATED on update CURRENT_TIMESTAMP(6)
FBS_CREDITO.TIPOPRESTAMOTIPOCONDICION,SECUENCIAL,int,NO,PRI,,auto_increment
FBS_CREDITO.TIPOPRESTAMOTIPOCONDICION,CODIGOTIPOPRESTAMO,char(10),NO,MUL,,
FBS_CREDITO.TIPOPRESTAMOTIPOCONDICION,CODIGOTIPOCONDICION,varchar(20),NO,MUL,,
FBS_CREDITO.TIPOPRESTAMOTIPOCONDICION,ESTAACTIVO,tinyint unsigned,NO,,,
FBS_CREDITO.TIPOPRESTAMOTIPOCONDICION,NUMEROVERIFICADOR,int,NO,,,
FBS_CREDITO.TIPOPRESTAMOTIPOCONDICION,CONCURRENCIA,timestamp(6),YES,,CURRENT_TIMESTAMP(6),DEFAULT_GENERATED on update CURRENT_TIMESTAMP(6)
FBS_CREDITO.TIPOPRESTAMOTIPOGARANTIA,SECUENCIAL,int,NO,PRI,,auto_increment
FBS_CREDITO.TIPOPRESTAMOTIPOGARANTIA,CODIGOTIPOPRESTAMO,char(10),NO,MUL,,
FBS_CREDITO.TIPOPRESTAMOTIPOGARANTIA,CODIGOTIPOGARANTIA,char(10),NO,MUL,,
FBS_CREDITO.TIPOPRESTAMOTIPOGARANTIA,NUMEROMINIMO,int,NO,,,
FBS_CREDITO.TIPOPRESTAMOTIPOGARANTIA,NUMEROMAXIMO,int,NO,,,
FBS_CREDITO.TIPOPRESTAMOTIPOGARANTIA,ESTAACTIVA,tinyint unsigned,NO,,,
FBS_CREDITO.TIPOPRESTAMOTIPOGARANTIA,NUMEROVERIFICADOR,int,NO,,,
FBS_CREDITO.TIPOPRESTAMOTIPOGARANTIA,MONTOINICIAL,"decimal(18,2)",NO,,,
FBS_CREDITO.TIPOPRESTAMOTIPOGARANTIA,MONTOFINAL,"decimal(18,2)",NO,,,
FBS_CREDITO.TIPOPRESTAMOTIPOGARANTIA,PORCENTAJEVALORCREDITO,"decimal(18,2)",NO,,,
FBS_CREDITO.TIPOPRESTAMOTIPOGARANTIA,PORCENTAJEVALORBLOQUEO,"decimal(18,2)",NO,,,
FBS_CREDITO.TIPOPRESTAMOTIPOGARANTIA,CONCURRENCIA,timestamp(6),YES,,CURRENT_TIMESTAMP(6),DEFAULT_GENERATED on update CURRENT_TIMESTAMP(6)
FBS_CREDITO.TIPOPRESTAMO_AREA,CODIGOTIPOPRESTAMO,char(10),NO,PRI,,
FBS_CREDITO.TIPOPRESTAMO_AREA,SECUENCIALAREA,int,NO,MUL,,
FBS_CREDITO.TIPOPRESTAMO_AREA,ESTAACTIVO,tinyint unsigned,NO,,,
FBS_CREDITO.TIPOPRESTAMO_AREA,NUMEROVERIFICADOR,int,NO,,,
FBS_CREDITO.TIPOPRESTAMO_AREA,CONCURRENCIA,timestamp(6),YES,,CURRENT_TIMESTAMP(6),DEFAULT_GENERATED on update CURRENT_TIMESTAMP(6)
FBS_CREDITO.TIPOPRESTAMO_CTASORDENGENERACI,CODIGOTIPOPRESTAMO,char(10),NO,PRI,,
FBS_CREDITO.TIPOPRESTAMO_CTASORDENGENERACI,SECCUENTACBLEORDENDEUDORA,int,NO,MUL,,
FBS_CREDITO.TIPOPRESTAMO_CTASORDENGENERACI,SECCUENTACBLEORDENACREEDORA,int,NO,MUL,,
FBS_CREDITO.TIPOPRESTAMO_CTASORDENGENERACI,NUMEROVERIFICADOR,int,NO,,,
FBS_CREDITO.TIPOPRESTAMO_CTASORDENGENERACI,CONCURRENCIA,timestamp(6),YES,,CURRENT_TIMESTAMP(6),DEFAULT_GENERATED on update CURRENT_TIMESTAMP(6)
FBS_CREDITO.TIPOPRESTAMO_DOCUMENTO,SECUENCIAL,int,NO,PRI,,auto_increment
FBS_CREDITO.TIPOPRESTAMO_DOCUMENTO,CODIGOTIPOPRESTAMO,char(10),NO,MUL,,
FBS_CREDITO.TIPOPRESTAMO_DOCUMENTO,SECUENCIALDOCUMENTO,int,NO,MUL,,
FBS_CREDITO.TIPOPRESTAMO_DOCUMENTO,ESTAACTIVO,tinyint unsigned,NO,,,
FBS_CREDITO.TIPOPRESTAMO_DOCUMENTO,NUMEROVERIFICADOR,int,NO,,,
FBS_CREDITO.TIPOPRESTAMO_DOCUMENTO,CONCURRENCIA,timestamp(6),YES,,CURRENT_TIMESTAMP(6),DEFAULT_GENERATED on update CURRENT_TIMESTAMP(6)
FBS_CREDITO.TIPOPRESTAMO_PERSONALIZADO,CODIGOTIPOPRESTAMO,char(10),NO,PRI,,
FBS_CREDITO.TIPOPRESTAMO_PERSONALIZADO,SOLOPAGOAUTCUOTACOMPLETA,tinyint unsigned,NO,,,
FBS_CREDITO.TIPOPRESTAMO_PERSONALIZADO,NUMEROVERIFICADOR,int,NO,,,
FBS_CREDITO.TIPOPRESTAMO_PERSONALIZADO,PESOSOBRECIENCALIFSCO,int,NO,,,
FBS_CREDITO.TIPOPRESTAMO_PERSONALIZADO,PESOSOBRECIENCALIFINCUMP,int,NO,,,
FBS_CREDITO.TIPOPRESTAMO_PERSONALIZADO,METODOCALIFSCO,varchar(50),NO,,,
FBS_CREDITO.TIPOPRESTAMO_PERSONALIZADO,METODOCALIFINCUMPLIMIENTO,varchar(50),NO,,,
FBS_CREDITO.TIPOPRESTAMO_PERSONALIZADO,ESAUTOLIQUIDABLE,tinyint unsigned,NO,,,
FBS_CREDITO.TIPOPRESTAMO_PERSONALIZADO,ESPARAGRUPOCREER,tinyint unsigned,NO,,,
FBS_CREDITO.TIPOPRESTAMO_PERSONALIZADO,PRECANCELACONAUTORIZACION,tinyint unsigned,NO,,,
FBS_CREDITO.TIPOPRESTAMO_PERSONALIZADO,ESPARAGARANTIAAVALZONAS,tinyint unsigned,NO,,,
FBS_CREDITO.TIPOPRESTAMO_PERSONALIZADO,PORCENTAJECAPACIDADPAGONUEVO,"decimal(18,2)",NO,,,
FBS_CREDITO.TIPOPRESTAMO_PERSONALIZADO,PORCENTAJECAPACIDADPAGORENOVACION,"decimal(18,2)",NO,,,
FBS_CREDITO.TIPOPRESTAMO_PERSONALIZADO,PCTJENDEUDAMIENTOPROYECTADONUEVO,"decimal(18,2)",NO,,,
FBS_CREDITO.TIPOPRESTAMO_PERSONALIZADO,PCTJENDEUDAMIENTOPROYECTADORENOVACION,"decimal(18,2)",NO,,,
FBS_CREDITO.TIPOPRESTAMO_PERSONALIZADO,CONCURRENCIA,timestamp(6),YES,,CURRENT_TIMESTAMP(6),DEFAULT_GENERATED on update CURRENT_TIMESTAMP(6)
FBS_CREDITO.TIPOPRESTAMO_TIPOPRESTAMOCONVENIO,CODIGOTIPOPRESTAMO,char(10),NO,PRI,,
FBS_CREDITO.TIPOPRESTAMO_TIPOPRESTAMOCONVENIO,CODIGOTIPOPRESTAMOCONVENIO,char(10),NO,MUL,,
FBS_CREDITO.TIPOPRESTAMO_TIPOPRESTAMOCONVENIO,NUMEROVERIFICADOR,int,NO,,,
FBS_CREDITO.TIPOPRESTAMO_TIPOPRESTAMOCONVENIO,CONCURRENCIA,timestamp(6),YES,,CURRENT_TIMESTAMP(6),DEFAULT_GENERATED on update CURRENT_TIMESTAMP(6)
FBS_CREDITO.TIPOPRESTAMO_VIP,CODIGOTIPOPRESTAMO,char(10),NO,PRI,,
FBS_CREDITO.TIPOPRESTAMO_VIP,PRESTAMOSANTERIORES,int,NO,,,
FBS_CREDITO.TIPOPRESTAMO_VIP,DIASMORAMAXIMO,int,NO,,,
FBS_CREDITO.TIPOPRESTAMO_VIP,CONCURRENCIA,timestamp(6),YES,,CURRENT_TIMESTAMP(6),DEFAULT_GENERATED on update CURRENT_TIMESTAMP(6)
FBS_CREDITO.TIPOPRESTCOMP_CREPORCTJXMONTOS,SECUENCIAL,int,NO,PRI,,auto_increment
FBS_CREDITO.TIPOPRESTCOMP_CREPORCTJXMONTOS,SECUENCIALTIPOPRESTCOMPCRE,int,NO,MUL,,
FBS_CREDITO.TIPOPRESTCOMP_CREPORCTJXMONTOS,PORCENTAJE,"decimal(18,2)",NO,,,
FBS_CREDITO.TIPOPRESTCOMP_CREPORCTJXMONTOS,MONTOINICIAL,"decimal(18,2)",NO,,,
FBS_CREDITO.TIPOPRESTCOMP_CREPORCTJXMONTOS,MONTOFINAL,"decimal(18,2)",NO,,,
FBS_CREDITO.TIPOPRESTCOMP_CREPORCTJXMONTOS,ESTAACTIVA,tinyint unsigned,NO,,,
FBS_CREDITO.TIPOPRESTCOMP_CREPORCTJXMONTOS,NUMEROVERIFICADOR,int,NO,,,
FBS_CREDITO.TIPOPRESTCOMP_CREPORCTJXMONTOS,CONCURRENCIA,timestamp(6),YES,,CURRENT_TIMESTAMP(6),DEFAULT_GENERATED on update CURRENT_TIMESTAMP(6)
FBS_CREDITO.TIPOPRESTCOMP_CREPORCXRANGOPLA,SECUENCIAL,int,NO,PRI,,auto_increment
FBS_CREDITO.TIPOPRESTCOMP_CREPORCXRANGOPLA,SECUENCIALTIPOPRESTCOMPCRE,int,NO,MUL,,
FBS_CREDITO.TIPOPRESTCOMP_CREPORCXRANGOPLA,PLAZOINICIO,int,NO,,,
FBS_CREDITO.TIPOPRESTCOMP_CREPORCXRANGOPLA,PLAZOFINAL,int,NO,,,
FBS_CREDITO.TIPOPRESTCOMP_CREPORCXRANGOPLA,PORCENTAJE,"decimal(18,2)",NO,,,
FBS_CREDITO.TIPOPRESTCOMP_CREPORCXRANGOPLA,ESTAACTIVA,tinyint unsigned,NO,,,
FBS_CREDITO.TIPOPRESTCOMP_CREPORCXRANGOPLA,NUMEROVERIFICADOR,int,NO,,,
FBS_CREDITO.TIPOPRESTCOMP_CREPORCXRANGOPLA,CONCURRENCIA,timestamp(6),YES,,CURRENT_TIMESTAMP(6),DEFAULT_GENERATED on update CURRENT_TIMESTAMP(6)
FBS_CREDITO.TIPOPRESTCOMP_CREVALORFIJOXMONTOS,SECUENCIAL,int,NO,PRI,,auto_increment
FBS_CREDITO.TIPOPRESTCOMP_CREVALORFIJOXMONTOS,SECUENCIALTIPOPRESTCOMPCRE,int,NO,MUL,,
FBS_CREDITO.TIPOPRESTCOMP_CREVALORFIJOXMONTOS,VALORFIJO,"decimal(18,2)",NO,,,
FBS_CREDITO.TIPOPRESTCOMP_CREVALORFIJOXMONTOS,MONTOINICIAL,"decimal(18,2)",NO,,,
FBS_CREDITO.TIPOPRESTCOMP_CREVALORFIJOXMONTOS,MONTOFINAL,"decimal(18,2)",NO,,,
FBS_CREDITO.TIPOPRESTCOMP_CREVALORFIJOXMONTOS,ESTAACTIVA,tinyint unsigned,NO,,,
FBS_CREDITO.TIPOPRESTCOMP_CREVALORFIJOXMONTOS,NUMEROVERIFICADOR,int,NO,,,
FBS_CREDITO.TIPOPRESTCOMP_CREVALORFIJOXMONTOS,CONCURRENCIA,timestamp(6),YES,,CURRENT_TIMESTAMP(6),DEFAULT_GENERATED on update CURRENT_TIMESTAMP(6)
FBS_CREDITO.TIPOPRESTCOMP_CREVALORXMONTOS,SECUENCIAL,int,NO,PRI,,auto_increment
FBS_CREDITO.TIPOPRESTCOMP_CREVALORXMONTOS,SECUENCIALTIPOPRESTCOMPCRE,int,NO,MUL,,
FBS_CREDITO.TIPOPRESTCOMP_CREVALORXMONTOS,VALOR,"decimal(18,2)",NO,,,
FBS_CREDITO.TIPOPRESTCOMP_CREVALORXMONTOS,MONTOINICIAL,"decimal(18,2)",NO,,,
FBS_CREDITO.TIPOPRESTCOMP_CREVALORXMONTOS,MONTOFINAL,"decimal(18,2)",NO,,,
FBS_CREDITO.TIPOPRESTCOMP_CREVALORXMONTOS,ESTAACTIVA,tinyint unsigned,NO,,,
FBS_CREDITO.TIPOPRESTCOMP_CREVALORXMONTOS,NUMEROVERIFICADOR,int,NO,,,
FBS_CREDITO.TIPOPRESTCOMP_CREVALORXMONTOS,CONCURRENCIA,timestamp(6),YES,,CURRENT_TIMESTAMP(6),DEFAULT_GENERATED on update CURRENT_TIMESTAMP(6)
FBS_CREDITO.TIPOPRESTCOMP_CREVALORXMONTOSTIPOGARANTIA,SECUENCIAL,int,NO,PRI,,auto_increment
FBS_CREDITO.TIPOPRESTCOMP_CREVALORXMONTOSTIPOGARANTIA,SECUENCIALTIPOPRESTCOMPCRE,int,NO,MUL,,
FBS_CREDITO.TIPOPRESTCOMP_CREVALORXMONTOSTIPOGARANTIA,CODIGOTIPOGARANTIA,char(10),NO,MUL,,
FBS_CREDITO.TIPOPRESTCOMP_CREVALORXMONTOSTIPOGARANTIA,VALOR,"decimal(18,2)",NO,,,
FBS_CREDITO.TIPOPRESTCOMP_CREVALORXMONTOSTIPOGARANTIA,MONTOINICIAL,"decimal(18,2)",NO,,,
FBS_CREDITO.TIPOPRESTCOMP_CREVALORXMONTOSTIPOGARANTIA,MONTOFINAL,"decimal(18,2)",NO,,,
FBS_CREDITO.TIPOPRESTCOMP_CREVALORXMONTOSTIPOGARANTIA,ESTAACTIVA,tinyint unsigned,NO,,,
FBS_CREDITO.TIPOPRESTCOMP_CREVALORXMONTOSTIPOGARANTIA,NUMEROVERIFICADOR,int,NO,,,
FBS_CREDITO.TIPOPRESTCOMP_CREVALORXMONTOSTIPOGARANTIA,CONCURRENCIA,timestamp(6),YES,,CURRENT_TIMESTAMP(6),DEFAULT_GENERATED on update CURRENT_TIMESTAMP(6)
FBS_CREDITO.TIPOPRESTCOMP_CRE_ACREDVISTA,SECUENCIALTIPOPRESTCOMPCRE,int,NO,PRI,,
FBS_CREDITO.TIPOPRESTCOMP_CRE_ACREDVISTA,SECUENCIALTIPOCUENTACOMPVIS,int,NO,MUL,,
FBS_CREDITO.TIPOPRESTCOMP_CRE_ACREDVISTA,ESTAACTIVO,tinyint unsigned,NO,,,
FBS_CREDITO.TIPOPRESTCOMP_CRE_ACREDVISTA,NUMEROVERIFICADOR,int,NO,,,
FBS_CREDITO.TIPOPRESTCOMP_CRE_ACREDVISTA,CONCURRENCIA,timestamp(6),YES,,CURRENT_TIMESTAMP(6),DEFAULT_GENERATED on update CURRENT_TIMESTAMP(6)
FBS_CREDITO.TIPOPRESTCOMP_CRE_ACREDVIS_COM,SECTIPOPRESTCOMPCREACREDVIS,int,NO,PRI,,
FBS_CREDITO.TIPOPRESTCOMP_CRE_ACREDVIS_COM,VALORMAXIMOACREDITACION,"decimal(18,2)",NO,,,
FBS_CREDITO.TIPOPRESTCOMP_CRE_ACREDVIS_COM,SECUENCIALTIPOCUENTACOMPVISTA,int,NO,MUL,,
FBS_CREDITO.TIPOPRESTCOMP_CRE_ACREDVIS_COM,ESTAACTIVO,tinyint unsigned,NO,,,
FBS_CREDITO.TIPOPRESTCOMP_CRE_ACREDVIS_COM,NUMEROVERIFICADOR,int,NO,,,
FBS_CREDITO.TIPOPRESTCOMP_CRE_ACREDVIS_COM,CONCURRENCIA,timestamp(6),YES,,CURRENT_TIMESTAMP(6),DEFAULT_GENERATED on update CURRENT_TIMESTAMP(6)
FBS_CREDITO.TIPOPRESTCOMP_CRE_PORCENTAJE,SECUENCIALTIPOPRESTCOMPCRE,int,NO,PRI,,
FBS_CREDITO.TIPOPRESTCOMP_CRE_PORCENTAJE,PORCENTAJE,"decimal(18,5)",NO,,,
FBS_CREDITO.TIPOPRESTCOMP_CRE_PORCENTAJE,CONCURRENCIA,timestamp(6),YES,,CURRENT_TIMESTAMP(6),DEFAULT_GENERATED on update CURRENT_TIMESTAMP(6)
FBS_CREDITO.TIPOPRESTCOMP_CRE_VALORFIJO,SECUENCIALTIPOPRESTCOMPCRE,int,NO,PRI,,
FBS_CREDITO.TIPOPRESTCOMP_CRE_VALORFIJO,VALOR,"decimal(18,2)",NO,,,
FBS_CREDITO.TIPOPRESTCOMP_CRE_VALORFIJO,CONCURRENCIA,timestamp(6),YES,,CURRENT_TIMESTAMP(6),DEFAULT_GENERATED on update CURRENT_TIMESTAMP(6)
FBS_CREDITO.TIPOPRESTIPOGARITEMDOC,SECUENCIAL,int,NO,PRI,,auto_increment
FBS_CREDITO.TIPOPRESTIPOGARITEMDOC,CODIGOTIPOPRESTAMO,char(10),NO,MUL,,
FBS_CREDITO.TIPOPRESTIPOGARITEMDOC,CODIGOTIPOGARANTIA,char(10),NO,MUL,,
FBS_CREDITO.TIPOPRESTIPOGARITEMDOC,CODIGOITEMDOCUMENTO,varchar(10),NO,MUL,,
FBS_CREDITO.TIPOPRESTIPOGARITEMDOC,ESPARAAVALUO,tinyint unsigned,NO,,,
FBS_CREDITO.TIPOPRESTIPOGARITEMDOC,ESOBLIGATORIO,tinyint unsigned,NO,,,
FBS_CREDITO.TIPOPRESTIPOGARITEMDOC,ORDEN,int,NO,,,
FBS_CREDITO.TIPOPRESTIPOGARITEMDOC,POSTGENERACION,tinyint unsigned,NO,,,
FBS_CREDITO.TIPOPRESTIPOGARITEMDOC,ESTAACTIVO,tinyint unsigned,NO,,,
FBS_CREDITO.TIPOPRESTIPOGARITEMDOC,NUMEROVERIFICADOR,int,NO,,,
FBS_CREDITO.TIPOPRESTIPOGARITEMDOC,ESOBLIGATORIOENCIERRE,tinyint unsigned,NO,,,
FBS_CREDITO.TIPOPRESTIPOGARITEMDOC,ESREUTILIZABLE,tinyint unsigned,NO,,0,
FBS_CREDITO.TIPOPRESTIPOGARITEMDOC,CONCURRENCIA,timestamp(6),YES,,CURRENT_TIMESTAMP(6),DEFAULT_GENERATED on update CURRENT_TIMESTAMP(6)
FBS_CREDITO.TIPOVIVIENDA_PUNTAJEPARACALIF,CODIGOTIPOVIVIENDA,char(3),NO,PRI,,
FBS_CREDITO.TIPOVIVIENDA_PUNTAJEPARACALIF,PUNTAJEPARACALIFSOLICSOBREDIEZ,"decimal(18,2)",NO,,,
FBS_CREDITO.TIPOVIVIENDA_PUNTAJEPARACALIF,DESCRIPCION,varchar(50),NO,,,
FBS_CREDITO.TIPOVIVIENDA_PUNTAJEPARACALIF,PUNTAJEPARACALIFICACIONPI,"decimal(18,2)",NO,,,
FBS_CREDITO.TIPOVIVIENDA_PUNTAJEPARACALIF,CONCURRENCIA,timestamp(6),YES,,CURRENT_TIMESTAMP(6),DEFAULT_GENERATED on update CURRENT_TIMESTAMP(6)
FBS_CREDITO.VERIFICACIONSOLICITUD,SECUENCIAL,int,NO,PRI,,auto_increment
FBS_CREDITO.VERIFICACIONSOLICITUD,SECUENCIALSOLICITUD,int,NO,MUL,,
FBS_CREDITO.VERIFICACIONSOLICITUD,CODIGOUSUARIOINGRESO,varchar(25),NO,MUL,,
FBS_CREDITO.VERIFICACIONSOLICITUD,FECHAMAQUINAINGRESO,datetime(3),NO,,,
FBS_CREDITO.VERIFICACIONSOLICITUD,FECHASISTEMAINGRESO,datetime(3),NO,,,
FBS_CREDITO.VERIFICACIONSOLICITUD,ESTAACTIVO,tinyint unsigned,NO,,,
FBS_CREDITO.VERIFICACIONSOLICITUD,NUMEROVERIFICADOR,int,NO,,,
FBS_CREDITO.VERIFICACIONSOLICITUD,CONCURRENCIA,timestamp(6),YES,,CURRENT_TIMESTAMP(6),DEFAULT_GENERATED on update CURRENT_TIMESTAMP(6)
FBS_CREDITO.VERIFICACIONSOLITEMVERIF,SECUENCIAL,int,NO,PRI,,auto_increment
FBS_CREDITO.VERIFICACIONSOLITEMVERIF,SECUENCIALVERIFICACIONSOL,int,NO,MUL,,
FBS_CREDITO.VERIFICACIONSOLITEMVERIF,SECUENCIALITEMVERIFICACION,int,NO,MUL,,
FBS_CREDITO.VERIFICACIONSOLITEMVERIF,ORDEN,int,NO,,,
FBS_CREDITO.VERIFICACIONSOLITEMVERIF,RECEPTADO,tinyint unsigned,NO,,,
FBS_CREDITO.VERIFICACIONSOLITEMVERIF,OBSERVACIONES,varchar(250),NO,,,
FBS_CREDITO.VERIFICACIONSOLITEMVERIF,ESTAACTIVO,tinyint unsigned,NO,,,
FBS_CREDITO.VERIFICACIONSOLITEMVERIF,NUMEROVERIFICADOR,int,NO,,,
FBS_CREDITO.VERIFICACIONSOLITEMVERIF,CONCURRENCIA,timestamp(6),YES,,CURRENT_TIMESTAMP(6),DEFAULT_GENERATED on update CURRENT_TIMESTAMP(6)
