Table,Column Name,Data Type,Nullable,Key,Default,Extra
FBS_NOMINA.ACCIONPERSONAL,SECUENCIAL,int,NO,PRI,,auto_increment
FBS_NOMINA.ACCIONPERSONAL,NUMEROACCION,int,NO,,,
FBS_NOMINA.ACCIONPERSONAL,SECUENCIALEMPLEADO,int,NO,MUL,,
FBS_NOMINA.ACCIONPERSONAL,SECUENCIALCONTRATO,int,NO,MUL,,
FBS_NOMINA.ACCIONPERSONAL,SECUENCIALMOTIVO,int,NO,MUL,,
FBS_NOMINA.ACCIONPERSONAL,CODIGOESTADO,char(1),NO,MUL,,
FBS_NOMINA.ACCIONPERSONAL,FECHA,datetime(3),NO,,,
FBS_NOMINA.ACCIONPERSONAL,EXPLICACION,varchar(400),NO,,,
FBS_NOMINA.ACCIONPERSONAL,CONCURRENCIA,timestamp(6),YES,,CURRENT_TIMESTAMP(6),DEFAULT_GENERATED on update CURRENT_TIMESTAMP(6)
FBS_NOMINA.ACCIONPERSONALCAMBIOCARGOENLOTEDETALLE,SECUENCIALACCIONPERSONAL,int,NO,PRI,,
FBS_NOMINA.ACCIONPERSONALCAMBIOCARGOENLOTEDETALLE,SECUENCIALCAMBIOCARGOENLOTEDETALLE,int,NO,MUL,,
FBS_NOMINA.ACCIONPERSONALCAMBIOCARGOENLOTEDETALLE,SECUENCIALCARGOANTERIOR,int,NO,MUL,,
FBS_NOMINA.ACCIONPERSONALCAMBIOCARGOENLOTEDETALLE,CONCURRENCIA,timestamp(6),YES,,CURRENT_TIMESTAMP(6),DEFAULT_GENERATED on update CURRENT_TIMESTAMP(6)
FBS_NOMINA.ACCIONPERSONALESTADOHISTO,SECUENCIAL,int,NO,PRI,,auto_increment
FBS_NOMINA.ACCIONPERSONALESTADOHISTO,SECUENCIALACCIONPERSONAL,int,NO,MUL,,
FBS_NOMINA.ACCIONPERSONALESTADOHISTO,CODIGOUSUARIO,varchar(25),NO,MUL,,
FBS_NOMINA.ACCIONPERSONALESTADOHISTO,CODIGOESTADO,char(1),NO,MUL,,
FBS_NOMINA.ACCIONPERSONALESTADOHISTO,ESAUTOAPROBADO,tinyint unsigned,NO,,,
FBS_NOMINA.ACCIONPERSONALESTADOHISTO,FECHASISTEMA,datetime(3),NO,,,
FBS_NOMINA.ACCIONPERSONALESTADOHISTO,FECHAMAQUINA,datetime(3),NO,,,
FBS_NOMINA.ACCIONPERSONALESTADOHISTO,OBSERVACION,varchar(400),NO,,,
FBS_NOMINA.ACCIONPERSONALESTADOHISTO,CONCURRENCIA,timestamp(6),YES,,CURRENT_TIMESTAMP(6),DEFAULT_GENERATED on update CURRENT_TIMESTAMP(6)
FBS_NOMINA.ACCIONPERSONAL_PERMDIAS_CUMP,SECACCIONPERSONALPERMDIAS,int,NO,PRI,,
FBS_NOMINA.ACCIONPERSONAL_PERMDIAS_CUMP,CUMPLIMIENTO,tinyint unsigned,NO,,,
FBS_NOMINA.ACCIONPERSONAL_PERMDIAS_CUMP,OBSERVACION,varchar(500),NO,,,
FBS_NOMINA.ACCIONPERSONAL_PERMDIAS_CUMP,CONCURRENCIA,timestamp(6),YES,,CURRENT_TIMESTAMP(6),DEFAULT_GENERATED on update CURRENT_TIMESTAMP(6)
FBS_NOMINA.ACCIONPERSONAL_PERMDIAS_CUMPHR,SECUENCIAL,int,NO,PRI,,auto_increment
FBS_NOMINA.ACCIONPERSONAL_PERMDIAS_CUMPHR,SECACCIONPERSPERMDIAS,int,NO,MUL,,
FBS_NOMINA.ACCIONPERSONAL_PERMDIAS_CUMPHR,FECHACUMPLIMIENTO,datetime(3),NO,,,
FBS_NOMINA.ACCIONPERSONAL_PERMDIAS_CUMPHR,HORAINICIO,int,NO,,,
FBS_NOMINA.ACCIONPERSONAL_PERMDIAS_CUMPHR,MINUTOINICIO,int,NO,,,
FBS_NOMINA.ACCIONPERSONAL_PERMDIAS_CUMPHR,MINUTOSCUMPLIMIENTO,int,NO,,,
FBS_NOMINA.ACCIONPERSONAL_PERMDIAS_CUMPHR,COMENTARIO,varchar(250),NO,,,
FBS_NOMINA.ACCIONPERSONAL_PERMDIAS_CUMPHR,ESTAACTIVO,tinyint unsigned,NO,,,
FBS_NOMINA.ACCIONPERSONAL_PERMDIAS_CUMPHR,CONCURRENCIA,timestamp(6),YES,,CURRENT_TIMESTAMP(6),DEFAULT_GENERATED on update CURRENT_TIMESTAMP(6)
FBS_NOMINA.ACCIONPERSONAL_PERMDIAS_REEM,SECACCIONPERSONALPERMISODIAS,int,NO,PRI,,
FBS_NOMINA.ACCIONPERSONAL_PERMDIAS_REEM,SECUENCIALEMPLEADOREEMPLAZADO,int,NO,MUL,,
FBS_NOMINA.ACCIONPERSONAL_PERMDIAS_REEM,CONCURRENCIA,timestamp(6),YES,,CURRENT_TIMESTAMP(6),DEFAULT_GENERATED on update CURRENT_TIMESTAMP(6)
FBS_NOMINA.ACCIONPERSONAL_PERMHORAS_REEM,SECACCIONPERSONALPERMISOHORAS,int,NO,PRI,,
FBS_NOMINA.ACCIONPERSONAL_PERMHORAS_REEM,SECUENCIALEMPLEADOREEMPLAZADO,int,NO,MUL,,
FBS_NOMINA.ACCIONPERSONAL_PERMHORAS_REEM,CONCURRENCIA,timestamp(6),YES,,CURRENT_TIMESTAMP(6),DEFAULT_GENERATED on update CURRENT_TIMESTAMP(6)
FBS_NOMINA.ACCIONPERSONAL_PERMHRS_CUMP,SECACCIONPERSONALPERMHRS,int,NO,PRI,,
FBS_NOMINA.ACCIONPERSONAL_PERMHRS_CUMP,CUMPLIMIENTO,tinyint unsigned,NO,,,
FBS_NOMINA.ACCIONPERSONAL_PERMHRS_CUMP,OBSERVACION,varchar(500),NO,,,
FBS_NOMINA.ACCIONPERSONAL_PERMHRS_CUMP,CONCURRENCIA,timestamp(6),YES,,CURRENT_TIMESTAMP(6),DEFAULT_GENERATED on update CURRENT_TIMESTAMP(6)
FBS_NOMINA.ACCIONPERSONAL_PERMHRS_CUMPHR,SECUENCIAL,int,NO,PRI,,auto_increment
FBS_NOMINA.ACCIONPERSONAL_PERMHRS_CUMPHR,SECACCIONPERSONALPERMHRS,int,NO,MUL,,
FBS_NOMINA.ACCIONPERSONAL_PERMHRS_CUMPHR,FECHACUMPLIMIENTO,datetime(3),NO,,,
FBS_NOMINA.ACCIONPERSONAL_PERMHRS_CUMPHR,HORAINICIO,int,NO,,,
FBS_NOMINA.ACCIONPERSONAL_PERMHRS_CUMPHR,MINUTOINICIO,int,NO,,,
FBS_NOMINA.ACCIONPERSONAL_PERMHRS_CUMPHR,MINUTOSCUMPLIMIENTO,int,NO,,,
FBS_NOMINA.ACCIONPERSONAL_PERMHRS_CUMPHR,COMENTARIO,varchar(250),NO,,,
FBS_NOMINA.ACCIONPERSONAL_PERMHRS_CUMPHR,ESTAACTIVO,tinyint unsigned,NO,,,
FBS_NOMINA.ACCIONPERSONAL_PERMHRS_CUMPHR,CONCURRENCIA,timestamp(6),YES,,CURRENT_TIMESTAMP(6),DEFAULT_GENERATED on update CURRENT_TIMESTAMP(6)
FBS_NOMINA.ACCIONPERSONAL_PERMISODIAS,SECUENCIALACCIONPERSONAL,int,NO,PRI,,
FBS_NOMINA.ACCIONPERSONAL_PERMISODIAS,FECHADESDE,datetime(3),NO,,,
FBS_NOMINA.ACCIONPERSONAL_PERMISODIAS,FECHAHASTA,datetime(3),NO,,,
FBS_NOMINA.ACCIONPERSONAL_PERMISODIAS,CONCURRENCIA,timestamp(6),YES,,CURRENT_TIMESTAMP(6),DEFAULT_GENERATED on update CURRENT_TIMESTAMP(6)
FBS_NOMINA.ACCIONPERSONAL_PERMISODIASCAMBIO,SECUENCIAL,int,NO,PRI,,auto_increment
FBS_NOMINA.ACCIONPERSONAL_PERMISODIASCAMBIO,SECUENCIALACCIONPERSONALPERMISODIAS,int,NO,MUL,,
FBS_NOMINA.ACCIONPERSONAL_PERMISODIASCAMBIO,FECHADESDE,datetime(3),NO,,,
FBS_NOMINA.ACCIONPERSONAL_PERMISODIASCAMBIO,FECHAHASTA,datetime(3),NO,,,
FBS_NOMINA.ACCIONPERSONAL_PERMISODIASCAMBIO,CONCURRENCIA,timestamp(6),YES,,CURRENT_TIMESTAMP(6),DEFAULT_GENERATED on update CURRENT_TIMESTAMP(6)
FBS_NOMINA.ACCIONPERSONAL_PERMISOHORAS,SECUENCIALACCIONPERSONAL,int,NO,PRI,,
FBS_NOMINA.ACCIONPERSONAL_PERMISOHORAS,FECHA,datetime(3),NO,,,
FBS_NOMINA.ACCIONPERSONAL_PERMISOHORAS,HORAINICIO,int,NO,,,
FBS_NOMINA.ACCIONPERSONAL_PERMISOHORAS,MINUTOINICIO,int,NO,,,
FBS_NOMINA.ACCIONPERSONAL_PERMISOHORAS,MINUTOSPERMISO,int,NO,,,
FBS_NOMINA.ACCIONPERSONAL_PERMISOHORAS,CONCURRENCIA,timestamp(6),YES,,CURRENT_TIMESTAMP(6),DEFAULT_GENERATED on update CURRENT_TIMESTAMP(6)
FBS_NOMINA.ACCIONPERSONAL_SITUACION,SECUENCIALACCIONPERSONAL,int,NO,PRI,,
FBS_NOMINA.ACCIONPERSONAL_SITUACION,SECUENCIALOFICINA,int,NO,MUL,,
FBS_NOMINA.ACCIONPERSONAL_SITUACION,SECUENCIALDEPARTAMENTO,int,NO,MUL,,
FBS_NOMINA.ACCIONPERSONAL_SITUACION,SECUENCIALCARGO,int,NO,MUL,,
FBS_NOMINA.ACCIONPERSONAL_SITUACION,CODIGOTIPODISCAPACIDAD,varchar(20),NO,MUL,,
FBS_NOMINA.ACCIONPERSONAL_SITUACION,CODIGOESTADOEMPLEADO,char(1),NO,MUL,,
FBS_NOMINA.ACCIONPERSONAL_SITUACION,CODIGOAFP,char(2),NO,MUL,,
FBS_NOMINA.ACCIONPERSONAL_SITUACION,CODIGOSFS,char(2),NO,MUL,,
FBS_NOMINA.ACCIONPERSONAL_SITUACION,NUMEROSEGURIDADSOCIAL,varchar(15),NO,,,
FBS_NOMINA.ACCIONPERSONAL_SITUACION,FECHAAFILIACIONAFP,datetime(3),NO,,,
FBS_NOMINA.ACCIONPERSONAL_SITUACION,FECHAAFILIACIONSFS,datetime(3),NO,,,
FBS_NOMINA.ACCIONPERSONAL_SITUACION,SUELDO,"decimal(18,2)",NO,,,
FBS_NOMINA.ACCIONPERSONAL_SITUACION,TIENEDISCAPACIDAD,tinyint unsigned,NO,,,
FBS_NOMINA.ACCIONPERSONAL_SITUACION,PORCENTAJEDISCAPACIDAD,"decimal(18,2)",NO,,,
FBS_NOMINA.ACCIONPERSONAL_SITUACION,DISCAPACIDAD,varchar(100),NO,,,
FBS_NOMINA.ACCIONPERSONAL_SITUACION,TIENECOMPENSACIONVEHICULAR,tinyint unsigned,NO,,,
FBS_NOMINA.ACCIONPERSONAL_SITUACION,CONCURRENCIA,timestamp(6),YES,,CURRENT_TIMESTAMP(6),DEFAULT_GENERATED on update CURRENT_TIMESTAMP(6)
FBS_NOMINA.ACCIONPERSONAL_SITUA_USUARIO,SECUENCIALACCIONPERSONALSIT,int,NO,PRI,,
FBS_NOMINA.ACCIONPERSONAL_SITUA_USUARIO,CODIGOUSUARIO,varchar(25),NO,MUL,,
FBS_NOMINA.ACCIONPERSONAL_SITUA_USUARIO,ESTAACTIVO,tinyint unsigned,NO,,,
FBS_NOMINA.ACCIONPERSONAL_SITUA_USUARIO,CONCURRENCIA,timestamp(6),YES,,CURRENT_TIMESTAMP(6),DEFAULT_GENERATED on update CURRENT_TIMESTAMP(6)
FBS_NOMINA.ACCIONPERSONAL_SIT_JEFATURA,SECUENCIALACCIONPERSONALSIT,int,NO,PRI,,
FBS_NOMINA.ACCIONPERSONAL_SIT_JEFATURA,SECUENCIALEMPLEADOJEFINMEDIATO,int,NO,MUL,,
FBS_NOMINA.ACCIONPERSONAL_SIT_JEFATURA,ESTAACTIVO,tinyint unsigned,NO,,,
FBS_NOMINA.ACCIONPERSONAL_SIT_JEFATURA,CONCURRENCIA,timestamp(6),YES,,CURRENT_TIMESTAMP(6),DEFAULT_GENERATED on update CURRENT_TIMESTAMP(6)
FBS_NOMINA.AHORROCUENTAROLDEPAGO,SECUENCIAL,int,NO,PRI,,auto_increment
FBS_NOMINA.AHORROCUENTAROLDEPAGO,SECUENCIALEMPLEADO,int,NO,MUL,,
FBS_NOMINA.AHORROCUENTAROLDEPAGO,SECUENCIALROLDEPAGO,int,NO,MUL,,
FBS_NOMINA.AHORROCUENTAROLDEPAGO,SECUENCIALCUENTA,int,NO,MUL,,
FBS_NOMINA.AHORROCUENTAROLDEPAGO,SECUENCIALCAUSAL,int,NO,MUL,,
FBS_NOMINA.AHORROCUENTAROLDEPAGO,SECUENCIALCOMPONENTENOMINA,int,NO,MUL,,
FBS_NOMINA.AHORROCUENTAROLDEPAGO,VALOR,"decimal(18,2)",NO,,,
FBS_NOMINA.AHORROCUENTAROLDEPAGO,CONCURRENCIA,timestamp(6),YES,,CURRENT_TIMESTAMP(6),DEFAULT_GENERATED on update CURRENT_TIMESTAMP(6)
FBS_NOMINA.APROBACIONES,SECUENCIAL,int,NO,PRI,,auto_increment
FBS_NOMINA.APROBACIONES,SECUENCIALEMPLEADOAPRUEBA,int,NO,MUL,,
FBS_NOMINA.APROBACIONES,SECUENCIALEMPLEADO,int,NO,MUL,,
FBS_NOMINA.APROBACIONES,CODIGOTIPOAPROBACION,varchar(10),NO,MUL,,
FBS_NOMINA.APROBACIONES,ESTAACTIVO,tinyint unsigned,NO,,,
FBS_NOMINA.APROBACIONES,CONCURRENCIA,timestamp(6),YES,,CURRENT_TIMESTAMP(6),DEFAULT_GENERATED on update CURRENT_TIMESTAMP(6)
FBS_NOMINA.AUDITS,ID,int,NO,PRI,,auto_increment
FBS_NOMINA.AUDITS,NOMBRESCHEMMA,varchar(900),YES,,,
FBS_NOMINA.AUDITS,NOMBRETABLA,varchar(900),YES,,,
FBS_NOMINA.AUDITS,CODIGOUSUARIO,varchar(900),YES,,,
FBS_NOMINA.AUDITS,LLAVES,varchar(900),YES,,,
FBS_NOMINA.AUDITS,VIEJOSVALORES,varchar(900),YES,,,
FBS_NOMINA.AUDITS,NUEVOSVALORES,varchar(900),YES,,,
FBS_NOMINA.AUDITS,FECHAMAQUINA,datetime,NO,,,
FBS_NOMINA.AUDITS,FECHASISTEMA,datetime,NO,,,
FBS_NOMINA.BAJAEMPLEADO,SECUENCIAL,int,NO,PRI,,auto_increment
FBS_NOMINA.BAJAEMPLEADO,SECUENCIALEMPLEADO,int,NO,MUL,,
FBS_NOMINA.BAJAEMPLEADO,SECUENCIALCONTRATO,int,NO,MUL,,
FBS_NOMINA.BAJAEMPLEADO,SECUENCIALMOTIVO,int,NO,MUL,,
FBS_NOMINA.BAJAEMPLEADO,CODIGOESTADO,char(1),NO,MUL,,
FBS_NOMINA.BAJAEMPLEADO,FECHA,datetime(3),NO,,,
FBS_NOMINA.BAJAEMPLEADO,CONCURRENCIA,timestamp(6),YES,,CURRENT_TIMESTAMP(6),DEFAULT_GENERATED on update CURRENT_TIMESTAMP(6)
FBS_NOMINA.BAJAEMPLEADODETALLE,SECUENCIAL,int,NO,PRI,,auto_increment
FBS_NOMINA.BAJAEMPLEADODETALLE,SECUENCIALBAJAEMPLEADO,int,NO,MUL,,
FBS_NOMINA.BAJAEMPLEADODETALLE,SECUENCIALCOMPONENTENOMINA,int,NO,MUL,,
FBS_NOMINA.BAJAEMPLEADODETALLE,DETALLE,varchar(100),NO,,,
FBS_NOMINA.BAJAEMPLEADODETALLE,FECHAINICIO,datetime(3),NO,,,
FBS_NOMINA.BAJAEMPLEADODETALLE,FECHAFIN,datetime(3),NO,,,
FBS_NOMINA.BAJAEMPLEADODETALLE,VALOR,"decimal(18,2)",NO,,,
FBS_NOMINA.BAJAEMPLEADODETALLE,CONCURRENCIA,timestamp(6),YES,,CURRENT_TIMESTAMP(6),DEFAULT_GENERATED on update CURRENT_TIMESTAMP(6)
FBS_NOMINA.BAJAEMPLEADODETALLESALARIO,SECUENCIAL,int,NO,PRI,,auto_increment
FBS_NOMINA.BAJAEMPLEADODETALLESALARIO,SECUENCIALBAJAEMPLEADO,int,NO,MUL,,
FBS_NOMINA.BAJAEMPLEADODETALLESALARIO,FECHA,datetime(3),NO,,,
FBS_NOMINA.BAJAEMPLEADODETALLESALARIO,SALARIOMENSUAL,"decimal(18,2)",NO,,,
FBS_NOMINA.BAJAEMPLEADODETALLESALARIO,COMISIONES,"decimal(18,2)",NO,,,
FBS_NOMINA.BAJAEMPLEADODETALLESALARIO,CESANTIAS,"decimal(18,2)",YES,,,
FBS_NOMINA.BAJAEMPLEADODETALLESALARIO,TOTALAPAGAR,"decimal(18,2)",NO,,,
FBS_NOMINA.BAJAEMPLEADODETALLESALARIO,CONCURRENCIA,timestamp(6),YES,,CURRENT_TIMESTAMP(6),DEFAULT_GENERATED on update CURRENT_TIMESTAMP(6)
FBS_NOMINA.BAJAEMPLEADODETALLE_PROPORCION,SECUENCIALBAJAEMPLEADODETALLE,int,NO,PRI,,
FBS_NOMINA.BAJAEMPLEADODETALLE_PROPORCION,PROPORCION,"decimal(18,2)",NO,,,
FBS_NOMINA.BAJAEMPLEADODETALLE_PROPORCION,CONCURRENCIA,timestamp(6),YES,,CURRENT_TIMESTAMP(6),DEFAULT_GENERATED on update CURRENT_TIMESTAMP(6)
FBS_NOMINA.BAJAEMPLEADOESTADOHIST,SECUENCIAL,int,NO,PRI,,auto_increment
FBS_NOMINA.BAJAEMPLEADOESTADOHIST,SECUENCIALBAJAEMPLEADO,int,NO,MUL,,
FBS_NOMINA.BAJAEMPLEADOESTADOHIST,CODIGOUSUARIO,varchar(25),NO,MUL,,
FBS_NOMINA.BAJAEMPLEADOESTADOHIST,CODIGOESTADO,char(1),NO,MUL,,
FBS_NOMINA.BAJAEMPLEADOESTADOHIST,FECHASISTEMA,datetime(3),NO,,,
FBS_NOMINA.BAJAEMPLEADOESTADOHIST,FECHAMAQUINA,datetime(3),NO,,,
FBS_NOMINA.BAJAEMPLEADOESTADOHIST,CONCURRENCIA,timestamp(6),YES,,CURRENT_TIMESTAMP(6),DEFAULT_GENERATED on update CURRENT_TIMESTAMP(6)
FBS_NOMINA.BAJAEMPLEADOVACACION,SECUENCIAL,int,NO,PRI,,auto_increment
FBS_NOMINA.BAJAEMPLEADOVACACION,SECUENCIALBAJAEMPLEADO,int,NO,MUL,,
FBS_NOMINA.BAJAEMPLEADOVACACION,SECUENCIALEMPLEADOVACACION,int,NO,MUL,,
FBS_NOMINA.BAJAEMPLEADOVACACION,FECHAINICIOPERIODO,datetime(3),NO,,,
FBS_NOMINA.BAJAEMPLEADOVACACION,FECHAFINPERIODO,datetime(3),NO,,,
FBS_NOMINA.BAJAEMPLEADOVACACION,MAXIMODIASCALCULO,int,NO,,,
FBS_NOMINA.BAJAEMPLEADOVACACION,DIASCALCULADOS,"decimal(18,2)",NO,,,
FBS_NOMINA.BAJAEMPLEADOVACACION,DIASGOZADOS,"decimal(18,2)",NO,,,
FBS_NOMINA.BAJAEMPLEADOVACACION,CONCURRENCIA,timestamp(6),YES,,CURRENT_TIMESTAMP(6),DEFAULT_GENERATED on update CURRENT_TIMESTAMP(6)
FBS_NOMINA.BAJAEMPLEADO_COMPLEMENTO,SECUENCIALBAJAEMPLEADO,int,NO,PRI,,
FBS_NOMINA.BAJAEMPLEADO_COMPLEMENTO,TIEMPOVINCULACION,varchar(200),NO,,,
FBS_NOMINA.BAJAEMPLEADO_COMPLEMENTO,CONCURRENCIA,timestamp(6),YES,,CURRENT_TIMESTAMP(6),DEFAULT_GENERATED on update CURRENT_TIMESTAMP(6)
FBS_NOMINA.BAJAEMPLEADO_PROMEDIODIARIO,SECUENCIALBAJAEMPLEADO,int,NO,PRI,,
FBS_NOMINA.BAJAEMPLEADO_PROMEDIODIARIO,ULTSALARIOMENSUALINCENTIVOS,"decimal(18,2)",NO,,,
FBS_NOMINA.BAJAEMPLEADO_PROMEDIODIARIO,COCIENTESALARIO,"decimal(18,2)",NO,,,
FBS_NOMINA.BAJAEMPLEADO_PROMEDIODIARIO,SALARIODIAULTPROMEDIO,"decimal(18,12)",NO,,,
FBS_NOMINA.BAJAEMPLEADO_PROMEDIODIARIO,CONCURRENCIA,timestamp(6),YES,,CURRENT_TIMESTAMP(6),DEFAULT_GENERATED on update CURRENT_TIMESTAMP(6)
FBS_NOMINA.BAJAEMPLEADO_PROMEDIOMENSUAL,SECUENCIALBAJAEMPLEADO,int,NO,PRI,,
FBS_NOMINA.BAJAEMPLEADO_PROMEDIOMENSUAL,SALARIOMENSUALINCENTIVOS,"decimal(18,2)",NO,,,
FBS_NOMINA.BAJAEMPLEADO_PROMEDIOMENSUAL,FRACCIONMES,"decimal(18,2)",NO,,,
FBS_NOMINA.BAJAEMPLEADO_PROMEDIOMENSUAL,SALARIOPROMEDIOMENSUAL,"decimal(18,2)",NO,,,
FBS_NOMINA.BAJAEMPLEADO_PROMEDIOMENSUAL,COCIENTESALARIO,"decimal(18,2)",NO,,,
FBS_NOMINA.BAJAEMPLEADO_PROMEDIOMENSUAL,SALARIODIARIOPROMEDIO,"decimal(18,12)",NO,,,
FBS_NOMINA.BAJAEMPLEADO_PROMEDIOMENSUAL,CONCURRENCIA,timestamp(6),YES,,CURRENT_TIMESTAMP(6),DEFAULT_GENERATED on update CURRENT_TIMESTAMP(6)
FBS_NOMINA.BAJAEMPLEADO_ROLDEPAGO,SECUENCIALBAJAEMPLEADO,int,NO,PRI,,
FBS_NOMINA.BAJAEMPLEADO_ROLDEPAGO,SECUENCIALROLDEPAGO,int,NO,MUL,,
FBS_NOMINA.BAJAEMPLEADO_ROLDEPAGO,CONCURRENCIA,timestamp(6),YES,,CURRENT_TIMESTAMP(6),DEFAULT_GENERATED on update CURRENT_TIMESTAMP(6)
FBS_NOMINA.BAJAEMPLEADO_SALDIASTRABAJADOS,SECUENCIALBAJAEMPLEADO,int,NO,PRI,,
FBS_NOMINA.BAJAEMPLEADO_SALDIASTRABAJADOS,ULTIMOSUELDO,"decimal(18,2)",NO,,,
FBS_NOMINA.BAJAEMPLEADO_SALDIASTRABAJADOS,ULTIMACOMISION,"decimal(18,2)",NO,,,
FBS_NOMINA.BAJAEMPLEADO_SALDIASTRABAJADOS,TOTAL,"decimal(18,2)",NO,,,
FBS_NOMINA.BAJAEMPLEADO_SALDIASTRABAJADOS,CONCURRENCIA,timestamp(6),YES,,CURRENT_TIMESTAMP(6),DEFAULT_GENERATED on update CURRENT_TIMESTAMP(6)
FBS_NOMINA.BAJAEMPLEADO_SALNAVIDAD,SECUENCIALBAJAEMPLEADO,int,NO,PRI,,
FBS_NOMINA.BAJAEMPLEADO_SALNAVIDAD,SALARIOANIOCURSO,"decimal(18,2)",NO,,,
FBS_NOMINA.BAJAEMPLEADO_SALNAVIDAD,COMISIONANIOCURSO,"decimal(18,2)",NO,,,
FBS_NOMINA.BAJAEMPLEADO_SALNAVIDAD,TOTALINGRESOSANIOCURSO,"decimal(18,2)",NO,,,
FBS_NOMINA.BAJAEMPLEADO_SALNAVIDAD,CONCURRENCIA,timestamp(6),YES,,CURRENT_TIMESTAMP(6),DEFAULT_GENERATED on update CURRENT_TIMESTAMP(6)
FBS_NOMINA.BAJAEMPROLDEPAGOCOMP_NOM,SECUENCIAL,int,NO,PRI,,auto_increment
FBS_NOMINA.BAJAEMPROLDEPAGOCOMP_NOM,SECUENCIALBAJAEMPLEADO,int,NO,MUL,,
FBS_NOMINA.BAJAEMPROLDEPAGOCOMP_NOM,SECUENCIALEMPROLDEPAGOCOMNOM,int,NO,MUL,,
FBS_NOMINA.BAJAEMPROLDEPAGOCOMP_NOM,CONCURRENCIA,timestamp(6),YES,,CURRENT_TIMESTAMP(6),DEFAULT_GENERATED on update CURRENT_TIMESTAMP(6)
FBS_NOMINA.BONOVACACIONALROLDEPAGO,SECUENCIAL,int,NO,PRI,,auto_increment
FBS_NOMINA.BONOVACACIONALROLDEPAGO,SECUENCIALEMPLEADO,int,NO,MUL,,
FBS_NOMINA.BONOVACACIONALROLDEPAGO,SECUENCIALROLDEPAGO,int,NO,MUL,,
FBS_NOMINA.BONOVACACIONALROLDEPAGO,SALARIOMENSUAL,"decimal(18,2)",NO,,,
FBS_NOMINA.BONOVACACIONALROLDEPAGO,PROMEDIOCOMISION,"decimal(18,2)",NO,,,
FBS_NOMINA.BONOVACACIONALROLDEPAGO,TOTALPROMEDIOMENSUAL,"decimal(18,2)",NO,,,
FBS_NOMINA.BONOVACACIONALROLDEPAGO,SALARIOPROMEDIOQUICENAL,"decimal(18,2)",NO,,,
FBS_NOMINA.BONOVACACIONALROLDEPAGO,SALARIOPROMEDIODIARIO,"decimal(18,2)",NO,,,
FBS_NOMINA.BONOVACACIONALROLDEPAGO,VALORDIASVACACIONES,"decimal(18,2)",NO,,,
FBS_NOMINA.BONOVACACIONALROLDEPAGO,BONOVACACIONAL,"decimal(18,2)",NO,,,
FBS_NOMINA.BONOVACACIONALROLDEPAGO,CONCURRENCIA,timestamp(6),YES,,CURRENT_TIMESTAMP(6),DEFAULT_GENERATED on update CURRENT_TIMESTAMP(6)
FBS_NOMINA.BONOVACACIONALROLDEPAGO,SECUENCIALSOLICITUDVACACION,int,YES,MUL,,
FBS_NOMINA.CAMBIOCARGOENLOTE,SECUENCIAL,int,NO,PRI,,auto_increment
FBS_NOMINA.CAMBIOCARGOENLOTE,CODIGOUSUARIO,varchar(25),NO,MUL,,
FBS_NOMINA.CAMBIOCARGOENLOTE,CODIGOESTADO,char(1),NO,MUL,,
FBS_NOMINA.CAMBIOCARGOENLOTE,FECHASISTEMA,datetime,NO,,,
FBS_NOMINA.CAMBIOCARGOENLOTE,FECHAMAQUINA,datetime,NO,,,
FBS_NOMINA.CAMBIOCARGOENLOTE,COMENTARIO,varchar(500),YES,,,
FBS_NOMINA.CAMBIOCARGOENLOTE,CONCURRENCIA,timestamp(6),YES,,CURRENT_TIMESTAMP(6),DEFAULT_GENERATED on update CURRENT_TIMESTAMP(6)
FBS_NOMINA.CAMBIOCARGOENLOTEDETALLE,SECUENCIAL,int,NO,PRI,,auto_increment
FBS_NOMINA.CAMBIOCARGOENLOTEDETALLE,SECUENCIALCAMBIOCARGOENLOTE,int,NO,MUL,,
FBS_NOMINA.CAMBIOCARGOENLOTEDETALLE,SECUENCIALEMPLEADO,int,NO,MUL,,
FBS_NOMINA.CAMBIOCARGOENLOTEDETALLE,SECUENCIALCARGOCTUAL,int,NO,MUL,,
FBS_NOMINA.CAMBIOCARGOENLOTEDETALLE,SECUENCIALCARGOMODIFICADO,int,NO,MUL,,
FBS_NOMINA.CAMBIOCARGOENLOTEDETALLE,FECHAINICIOCAMBIO,datetime,NO,,,
FBS_NOMINA.CAMBIOCARGOENLOTEDETALLE,CONCURRENCIA,timestamp(6),YES,,CURRENT_TIMESTAMP(6),DEFAULT_GENERATED on update CURRENT_TIMESTAMP(6)
FBS_NOMINA.CAMBIOCARGOENLOTEESTADOHIST,SECUENCIAL,int,NO,PRI,,auto_increment
FBS_NOMINA.CAMBIOCARGOENLOTEESTADOHIST,SECUENCIALCAMBIOCARGOENLOTE,int,NO,MUL,,
FBS_NOMINA.CAMBIOCARGOENLOTEESTADOHIST,CODIGOUSUARIO,varchar(25),NO,MUL,,
FBS_NOMINA.CAMBIOCARGOENLOTEESTADOHIST,CODIGOESTADO,char(1),NO,MUL,,
FBS_NOMINA.CAMBIOCARGOENLOTEESTADOHIST,FECHASISTEMA,datetime,NO,,,
FBS_NOMINA.CAMBIOCARGOENLOTEESTADOHIST,FECHAMAQUINA,datetime,NO,,,
FBS_NOMINA.CAMBIOCARGOENLOTEESTADOHIST,CONCURRENCIA,timestamp(6),YES,,CURRENT_TIMESTAMP(6),DEFAULT_GENERATED on update CURRENT_TIMESTAMP(6)
FBS_NOMINA.CAMBIOSUELDOENLOTE,SECUENCIAL,int,NO,PRI,,auto_increment
FBS_NOMINA.CAMBIOSUELDOENLOTE,CODIGOUSUARIO,varchar(25),NO,MUL,,
FBS_NOMINA.CAMBIOSUELDOENLOTE,CODIGOESTADO,char(1),NO,MUL,,
FBS_NOMINA.CAMBIOSUELDOENLOTE,FECHASISTEMA,datetime(3),NO,,,
FBS_NOMINA.CAMBIOSUELDOENLOTE,FECHAMAQUINA,datetime(3),NO,,,
FBS_NOMINA.CAMBIOSUELDOENLOTE,COMENTARIO,varchar(500),NO,,,
FBS_NOMINA.CAMBIOSUELDOENLOTE,CONCURRENCIA,timestamp(6),NO,,CURRENT_TIMESTAMP(6),DEFAULT_GENERATED on update CURRENT_TIMESTAMP(6)
FBS_NOMINA.CAMBIOSUELDOENLOTEDETALLE,SECUENCIAL,int,NO,PRI,,auto_increment
FBS_NOMINA.CAMBIOSUELDOENLOTEDETALLE,SECUENCIALCAMBIOSUELDOENLOTE,int,NO,MUL,,
FBS_NOMINA.CAMBIOSUELDOENLOTEDETALLE,SECUENCIALEMPLEADO,int,NO,MUL,,
FBS_NOMINA.CAMBIOSUELDOENLOTEDETALLE,SUELDOACTUAL,"decimal(18,2)",NO,,,
FBS_NOMINA.CAMBIOSUELDOENLOTEDETALLE,SUELDOMODIFICADO,"decimal(18,2)",NO,,,
FBS_NOMINA.CAMBIOSUELDOENLOTEDETALLE,PORCENTAJE,"decimal(18,2)",NO,,,
FBS_NOMINA.CAMBIOSUELDOENLOTEDETALLE,FECHAINICIOCAMBIO,datetime(3),NO,,,
FBS_NOMINA.CAMBIOSUELDOENLOTEDETALLE,CONCURRENCIA,timestamp(6),NO,,CURRENT_TIMESTAMP(6),DEFAULT_GENERATED on update CURRENT_TIMESTAMP(6)
FBS_NOMINA.CAMBIOSUELDOENLOTEESTADOHIST,SECUENCIAL,int,NO,PRI,,auto_increment
FBS_NOMINA.CAMBIOSUELDOENLOTEESTADOHIST,SECUENCIALCAMBIOSUELDOENLOTE,int,NO,MUL,,
FBS_NOMINA.CAMBIOSUELDOENLOTEESTADOHIST,CODIGOUSUARIO,varchar(25),NO,MUL,,
FBS_NOMINA.CAMBIOSUELDOENLOTEESTADOHIST,CODIGOESTADO,char(1),NO,MUL,,
FBS_NOMINA.CAMBIOSUELDOENLOTEESTADOHIST,FECHASISTEMA,datetime(3),NO,,,
FBS_NOMINA.CAMBIOSUELDOENLOTEESTADOHIST,FECHAMAQUINA,datetime(3),NO,,,
FBS_NOMINA.CAMBIOSUELDOENLOTEESTADOHIST,CONCURRENCIA,timestamp(6),YES,,CURRENT_TIMESTAMP(6),DEFAULT_GENERATED on update CURRENT_TIMESTAMP(6)
FBS_NOMINA.CAPACITACION,SECUENCIAL,int,NO,PRI,,auto_increment
FBS_NOMINA.CAPACITACION,SECUENCIALDEPARTAMENTO,int,NO,MUL,,
FBS_NOMINA.CAPACITACION,SECUENCIALEMPLEADO,int,NO,MUL,,
FBS_NOMINA.CAPACITACION,CODIGOMODALIDAD,varchar(10),NO,MUL,,
FBS_NOMINA.CAPACITACION,CODIGOESTADO,char(1),NO,MUL,,
FBS_NOMINA.CAPACITACION,FECHAMAQUINA,datetime(3),NO,,,
FBS_NOMINA.CAPACITACION,FECHASISTEMA,datetime(3),NO,,,
FBS_NOMINA.CAPACITACION,TEMA,varchar(1000),NO,,,
FBS_NOMINA.CAPACITACION,HORARIO,varchar(100),NO,,,
FBS_NOMINA.CAPACITACION,NUMEROHORAS,int,NO,,,
FBS_NOMINA.CAPACITACION,EMPRESA,varchar(100),NO,,,
FBS_NOMINA.CAPACITACION,LUGAR,varchar(200),NO,,,
FBS_NOMINA.CAPACITACION,MONTOCURSOUNITARIO,"decimal(18,2)",NO,,,
FBS_NOMINA.CAPACITACION,MONTOCURSOGRUPAL,"decimal(18,2)",NO,,,
FBS_NOMINA.CAPACITACION,CONCURRENCIA,timestamp(6),YES,,CURRENT_TIMESTAMP(6),DEFAULT_GENERATED on update CURRENT_TIMESTAMP(6)
FBS_NOMINA.CAPACITACIONCOTIZACION,SECUENCIAL,int,NO,PRI,,auto_increment
FBS_NOMINA.CAPACITACIONCOTIZACION,SECUENCIALCAPACITACION,int,NO,MUL,,
FBS_NOMINA.CAPACITACIONCOTIZACION,CODIGOMODALIDAD,varchar(10),NO,MUL,,
FBS_NOMINA.CAPACITACIONCOTIZACION,SECUENCIALTIPOIDENTIFICACION,int,NO,MUL,,
FBS_NOMINA.CAPACITACIONCOTIZACION,EMPRESACAPACITADORA,varchar(100),NO,,,
FBS_NOMINA.CAPACITACIONCOTIZACION,IDENTIFICACION,varchar(20),NO,,,
FBS_NOMINA.CAPACITACIONCOTIZACION,DIGITOVERIFICADOR,char(1),NO,,,
FBS_NOMINA.CAPACITACIONCOTIZACION,TEMA,varchar(1000),NO,,,
FBS_NOMINA.CAPACITACIONCOTIZACION,HORARIO,varchar(100),NO,,,
FBS_NOMINA.CAPACITACIONCOTIZACION,VALORCAPACITACION,"decimal(18,2)",NO,,,
FBS_NOMINA.CAPACITACIONCOTIZACION,TRANSPORTE,"decimal(18,2)",NO,,,
FBS_NOMINA.CAPACITACIONCOTIZACION,ALIMENTACION,"decimal(18,2)",NO,,,
FBS_NOMINA.CAPACITACIONCOTIZACION,HOSPEDAJE,"decimal(18,2)",NO,,,
FBS_NOMINA.CAPACITACIONCOTIZACION,PORCENTAJEASUMEEMPLEADO,"decimal(18,2)",NO,,,
FBS_NOMINA.CAPACITACIONCOTIZACION,PORCENTAJEASUMEINSTITUCION,"decimal(18,2)",NO,,,
FBS_NOMINA.CAPACITACIONCOTIZACION,DESCUENTOAPLANILLA,tinyint unsigned,NO,,,
FBS_NOMINA.CAPACITACIONCOTIZACION,NUMEROCUOTAS,int,NO,,,
FBS_NOMINA.CAPACITACIONCOTIZACION,VALORTOTAL,"decimal(18,2)",NO,,,
FBS_NOMINA.CAPACITACIONCOTIZACION,APROBADA,tinyint unsigned,NO,,,
FBS_NOMINA.CAPACITACIONCOTIZACION,ESTAACTIVA,tinyint unsigned,NO,,,
FBS_NOMINA.CAPACITACIONCOTIZACION,CONCURRENCIA,timestamp(6),YES,,CURRENT_TIMESTAMP(6),DEFAULT_GENERATED on update CURRENT_TIMESTAMP(6)
FBS_NOMINA.CAPACITACIONCOTIZACIONITEMDOC,SECUENCIAL,int,NO,PRI,,auto_increment
FBS_NOMINA.CAPACITACIONCOTIZACIONITEMDOC,SECUENCIALCAPACITACIONCTZCION,int,NO,MUL,,
FBS_NOMINA.CAPACITACIONCOTIZACIONITEMDOC,URL,varchar(250),NO,,,
FBS_NOMINA.CAPACITACIONCOTIZACIONITEMDOC,ESTAACTIVO,tinyint unsigned,NO,,,
FBS_NOMINA.CAPACITACIONCOTIZACIONITEMDOC,CONCURRENCIA,timestamp(6),YES,,CURRENT_TIMESTAMP(6),DEFAULT_GENERATED on update CURRENT_TIMESTAMP(6)
FBS_NOMINA.CAPACITACIONEMPLEADO,SECUENCIAL,int,NO,PRI,,auto_increment
FBS_NOMINA.CAPACITACIONEMPLEADO,SECUENCIALCAPACITACION,int,NO,MUL,,
FBS_NOMINA.CAPACITACIONEMPLEADO,SECUENCIALEMPLEADO,int,NO,MUL,,
FBS_NOMINA.CAPACITACIONEMPLEADO,ESTAACTIVO,tinyint unsigned,NO,,,
FBS_NOMINA.CAPACITACIONEMPLEADO,CONCURRENCIA,timestamp(6),YES,,CURRENT_TIMESTAMP(6),DEFAULT_GENERATED on update CURRENT_TIMESTAMP(6)
FBS_NOMINA.CAPACITACIONEMPLEADOITEMDOCU,SECUENCIAL,int,NO,PRI,,auto_increment
FBS_NOMINA.CAPACITACIONEMPLEADOITEMDOCU,SECUENCIALEMPLEADOCAPACITACION,int,NO,MUL,,
FBS_NOMINA.CAPACITACIONEMPLEADOITEMDOCU,URL,varchar(250),NO,,,
FBS_NOMINA.CAPACITACIONEMPLEADOITEMDOCU,ESTAACTIVO,tinyint unsigned,NO,,,
FBS_NOMINA.CAPACITACIONEMPLEADOITEMDOCU,CONCURRENCIA,timestamp(6),YES,,CURRENT_TIMESTAMP(6),DEFAULT_GENERATED on update CURRENT_TIMESTAMP(6)
FBS_NOMINA.CARGAFAMILIAR,SECUENCIAL,int,NO,PRI,,auto_increment
FBS_NOMINA.CARGAFAMILIAR,SECUENCIALEMPLEADO,int,NO,MUL,,
FBS_NOMINA.CARGAFAMILIAR,CODIGOPARENTESCO,varchar(20),NO,MUL,,
FBS_NOMINA.CARGAFAMILIAR,CODIGOTIPOZONA,char(5),NO,MUL,,
FBS_NOMINA.CARGAFAMILIAR,SECUENCIALDIVPOLUBICACIONGEO,int,NO,MUL,,
FBS_NOMINA.CARGAFAMILIAR,IDENTIFICACION,varchar(20),NO,,,
FBS_NOMINA.CARGAFAMILIAR,APELLIDOPATERNO,varchar(50),NO,,,
FBS_NOMINA.CARGAFAMILIAR,APELLIDOMATERNO,varchar(50),NO,,,
FBS_NOMINA.CARGAFAMILIAR,NOMBRES,varchar(100),NO,,,
FBS_NOMINA.CARGAFAMILIAR,ESMASCULINO,tinyint unsigned,NO,,,
FBS_NOMINA.CARGAFAMILIAR,TIENEDISCAPACIDAD,tinyint unsigned,NO,,,
FBS_NOMINA.CARGAFAMILIAR,ESTAESTUDIANDO,tinyint unsigned,NO,,,
FBS_NOMINA.CARGAFAMILIAR,FECHANACIMIENTO,datetime(3),NO,,,
FBS_NOMINA.CARGAFAMILIAR,NOMBREZONA,varchar(50),NO,,,
FBS_NOMINA.CARGAFAMILIAR,DIRECCION,varchar(500),NO,,,
FBS_NOMINA.CARGAFAMILIAR,REFERENCIADOMICILIARIA,varchar(500),NO,,,
FBS_NOMINA.CARGAFAMILIAR,ESDEPENDIENTEADICIONAL,tinyint unsigned,NO,,,
FBS_NOMINA.CARGAFAMILIAR,REVISADO,tinyint unsigned,NO,,0,
FBS_NOMINA.CARGAFAMILIAR,PASAPORTE,varchar(20),NO,,,
FBS_NOMINA.CARGAFAMILIAR,ENTIDADDONDELABORA,varchar(50),NO,,,
FBS_NOMINA.CARGAFAMILIAR,CARGO,varchar(50),NO,,,
FBS_NOMINA.CARGAFAMILIAR,ESTAVIVO,tinyint unsigned,NO,,1,
FBS_NOMINA.CARGAFAMILIAR,ESTAACTIVO,tinyint unsigned,NO,,,
FBS_NOMINA.CARGAFAMILIAR,CONCURRENCIA,timestamp(6),YES,,CURRENT_TIMESTAMP(6),DEFAULT_GENERATED on update CURRENT_TIMESTAMP(6)
FBS_NOMINA.CARGO,SECUENCIAL,int,NO,PRI,,auto_increment
FBS_NOMINA.CARGO,DESCRIPCION,varchar(100),NO,,,
FBS_NOMINA.CARGO,INICIOSUELDOBASE,"decimal(18,2)",NO,,,
FBS_NOMINA.CARGO,FINSUELDOBASE,"decimal(18,2)",NO,,,
FBS_NOMINA.CARGO,ESADMINISTRATIVO,tinyint unsigned,NO,,,
FBS_NOMINA.CARGO,TIENEJEFE,tinyint unsigned,NO,,,
FBS_NOMINA.CARGO,ESJEFATURA,tinyint unsigned,NO,,,
FBS_NOMINA.CARGO,ESGERENTEGENERAL,tinyint unsigned,NO,,,
FBS_NOMINA.CARGO,SEINCLUYEROLDEPAGOS,tinyint unsigned,NO,,,
FBS_NOMINA.CARGO,NIVEL,int,YES,,,
FBS_NOMINA.CARGO,ESTAACTIVO,tinyint unsigned,NO,,,
FBS_NOMINA.CARGO,CONCURRENCIA,timestamp(6),YES,,CURRENT_TIMESTAMP(6),DEFAULT_GENERATED on update CURRENT_TIMESTAMP(6)
FBS_NOMINA.CARGO_COMPENSACIONVEHICULAR,SECUENCIALCARGO,int,NO,PRI,,
FBS_NOMINA.CARGO_COMPENSACIONVEHICULAR,MONTOCOMPENSACION,"decimal(18,2)",NO,,,
FBS_NOMINA.CARGO_COMPENSACIONVEHICULAR,ESTAACTIVA,tinyint unsigned,NO,,,
FBS_NOMINA.CARGO_COMPENSACIONVEHICULAR,CONCURRENCIA,timestamp(6),YES,,CURRENT_TIMESTAMP(6),DEFAULT_GENERATED on update CURRENT_TIMESTAMP(6)
FBS_NOMINA.CARGO_TIEMPOTRABAJO,SECUENCIALCARGO,int,NO,PRI,,
FBS_NOMINA.CARGO_TIEMPOTRABAJO,DIAS,int,NO,,,
FBS_NOMINA.CARGO_TIEMPOTRABAJO,HORAS,int,NO,,,
FBS_NOMINA.CARGO_TIEMPOTRABAJO,ESTAACTIVO,tinyint unsigned,NO,,,
FBS_NOMINA.CARGO_TIEMPOTRABAJO,CONCURRENCIA,timestamp(6),YES,,CURRENT_TIMESTAMP(6),DEFAULT_GENERATED on update CURRENT_TIMESTAMP(6)
FBS_NOMINA.CATEGORIABIEN,CODIGO,varchar(5),NO,PRI,,
FBS_NOMINA.CATEGORIABIEN,NOMBRE,varchar(25),NO,,,
FBS_NOMINA.CATEGORIABIEN,ESINMUEBLE,tinyint unsigned,NO,,,
FBS_NOMINA.CATEGORIABIEN,ESMUEBLE,tinyint unsigned,NO,,,
FBS_NOMINA.CATEGORIABIEN,ESSATURADO,tinyint unsigned,NO,,,
FBS_NOMINA.CATEGORIABIEN,ESTAACTIVO,tinyint unsigned,NO,,,
FBS_NOMINA.CATEGORIABIEN,CONCURRENCIA,timestamp(6),YES,,CURRENT_TIMESTAMP(6),DEFAULT_GENERATED on update CURRENT_TIMESTAMP(6)
FBS_NOMINA.COMPENSACIONDEVIMPUESTORENTA,SECUENCIAL,int,NO,PRI,,auto_increment
FBS_NOMINA.COMPENSACIONDEVIMPUESTORENTA,SECUENCIALEMPLEADO,int,NO,MUL,,
FBS_NOMINA.COMPENSACIONDEVIMPUESTORENTA,SECUENCIALROLDEPAGO,int,NO,MUL,,
FBS_NOMINA.COMPENSACIONDEVIMPUESTORENTA,VALORCOMPENSACION,"decimal(18,2)",NO,,,
FBS_NOMINA.COMPENSACIONDEVIMPUESTORENTA,CONCURRENCIA,timestamp(6),YES,,CURRENT_TIMESTAMP(6),DEFAULT_GENERATED on update CURRENT_TIMESTAMP(6)
FBS_NOMINA.COMPONENTE_NOMINA,SECUENCIALCOMPONENTE,int,NO,PRI,,
FBS_NOMINA.COMPONENTE_NOMINA,PRIORIDAD,int,NO,,,
FBS_NOMINA.COMPONENTE_NOMINA,FACTORCALCULO,"decimal(18,2)",NO,,,
FBS_NOMINA.COMPONENTE_NOMINA,ESINGRESO,tinyint unsigned,NO,,,
FBS_NOMINA.COMPONENTE_NOMINA,ESCOMUN,tinyint unsigned,NO,,,
FBS_NOMINA.COMPONENTE_NOMINA,ESPERMANENTE,tinyint unsigned,NO,,,
FBS_NOMINA.COMPONENTE_NOMINA,ESPARTEROL,tinyint unsigned,NO,,,
FBS_NOMINA.COMPONENTE_NOMINA,ESCONPROCESO,tinyint unsigned,NO,,,
FBS_NOMINA.COMPONENTE_NOMINA,ESCONVALORFIJO,tinyint unsigned,NO,,,
FBS_NOMINA.COMPONENTE_NOMINA,SEPRORRATEA,tinyint unsigned,NO,,,
FBS_NOMINA.COMPONENTE_NOMINA,SECONTABILIZAENOFICOMPONENTE,tinyint unsigned,NO,,,
FBS_NOMINA.COMPONENTE_NOMINA,TIENEPERIODOPAGO,tinyint unsigned,NO,,,
FBS_NOMINA.COMPONENTE_NOMINA,TIENECOMPONENTESBASE,tinyint unsigned,NO,,,
FBS_NOMINA.COMPONENTE_NOMINA,REQUIERECOMPRELACIONADO,tinyint unsigned,NO,,,
FBS_NOMINA.COMPONENTE_NOMINA,ACREDITAENCUENTA,tinyint unsigned,NO,,,
FBS_NOMINA.COMPONENTE_NOMINA,CONCURRENCIA,timestamp(6),YES,,CURRENT_TIMESTAMP(6),DEFAULT_GENERATED on update CURRENT_TIMESTAMP(6)
FBS_NOMINA.COMPONENTE_NOMINABASECALCULO,SECUENCIAL,int,NO,PRI,,auto_increment
FBS_NOMINA.COMPONENTE_NOMINABASECALCULO,SECUENCIALCOMPONENTENOMINA,int,NO,MUL,,
FBS_NOMINA.COMPONENTE_NOMINABASECALCULO,SECUENCIALCOMPONENTENOMINABASE,int,NO,MUL,,
FBS_NOMINA.COMPONENTE_NOMINABASECALCULO,ESTAACTIVO,tinyint unsigned,NO,,,
FBS_NOMINA.COMPONENTE_NOMINABASECALCULO,CONCURRENCIA,timestamp(6),YES,,CURRENT_TIMESTAMP(6),DEFAULT_GENERATED on update CURRENT_TIMESTAMP(6)
FBS_NOMINA.COMPONENTE_NOMINAPERIODOPAGO,SECUENCIAL,int,NO,PRI,,auto_increment
FBS_NOMINA.COMPONENTE_NOMINAPERIODOPAGO,SECUENCIALCOMPONENTENOMINA,int,NO,MUL,,
FBS_NOMINA.COMPONENTE_NOMINAPERIODOPAGO,ANIOANTERIORDESDE,tinyint unsigned,NO,,,
FBS_NOMINA.COMPONENTE_NOMINAPERIODOPAGO,MESDESDE,int,NO,,,
FBS_NOMINA.COMPONENTE_NOMINAPERIODOPAGO,MESHASTA,int,NO,,,
FBS_NOMINA.COMPONENTE_NOMINAPERIODOPAGO,ESTAACTIVO,tinyint unsigned,NO,,,
FBS_NOMINA.COMPONENTE_NOMINAPERIODOPAGO,CONCURRENCIA,timestamp(6),YES,,CURRENT_TIMESTAMP(6),DEFAULT_GENERATED on update CURRENT_TIMESTAMP(6)
FBS_NOMINA.COMPONENTE_NOMINATIPO,SECUENCIAL,int,NO,PRI,,auto_increment
FBS_NOMINA.COMPONENTE_NOMINATIPO,SECUENCIALCOMPONENTENOMINA,int,NO,MUL,,
FBS_NOMINA.COMPONENTE_NOMINATIPO,CODIGOTIPO,varchar(20),NO,MUL,,
FBS_NOMINA.COMPONENTE_NOMINATIPO,ESTAACTIVO,tinyint unsigned,NO,,,
FBS_NOMINA.COMPONENTE_NOMINATIPO,CONCURRENCIA,timestamp(6),YES,,CURRENT_TIMESTAMP(6),DEFAULT_GENERATED on update CURRENT_TIMESTAMP(6)
FBS_NOMINA.COMPONENTE_NOMINA_AUXCONT,SECUENCIALCOMPONENTENOMINA,int,NO,PRI,,
FBS_NOMINA.COMPONENTE_NOMINA_AUXCONT,SECUENCIALAUXILIARCONTABLE,int,NO,MUL,,
FBS_NOMINA.COMPONENTE_NOMINA_AUXCONT,CONCURRENCIA,timestamp(6),YES,,CURRENT_TIMESTAMP(6),DEFAULT_GENERATED on update CURRENT_TIMESTAMP(6)
FBS_NOMINA.COMPONENTE_NOMINA_CTAACREDITA,SECUENCIALCOMPONENTENOMINA,int,NO,PRI,,
FBS_NOMINA.COMPONENTE_NOMINA_CTAACREDITA,SECUENCIALCUENTA,int,NO,MUL,,
FBS_NOMINA.COMPONENTE_NOMINA_CTAACREDITA,SECUENCIALCOMPONENTECAUSAL,int,NO,MUL,,
FBS_NOMINA.COMPONENTE_NOMINA_CTAACREDITA,ESTAACTIVO,tinyint unsigned,NO,,,
FBS_NOMINA.COMPONENTE_NOMINA_CTAACREDITA,CONCURRENCIA,timestamp(6),YES,,CURRENT_TIMESTAMP(6),DEFAULT_GENERATED on update CURRENT_TIMESTAMP(6)
FBS_NOMINA.COMPONENTE_NOMINA_OFICINA,SECUENCIALCOMPONENTENOMINA,int,NO,PRI,,
FBS_NOMINA.COMPONENTE_NOMINA_OFICINA,SECUENCIALOFICINA,int,NO,MUL,,
FBS_NOMINA.COMPONENTE_NOMINA_OFICINA,ESTAACTIVO,tinyint unsigned,NO,,,
FBS_NOMINA.COMPONENTE_NOMINA_OFICINA,CONCURRENCIA,timestamp(6),YES,,CURRENT_TIMESTAMP(6),DEFAULT_GENERATED on update CURRENT_TIMESTAMP(6)
FBS_NOMINA.COMPONENTE_NOMINA_ORDEN,SECUENCIALCOMPONENTENOMINA,int,NO,PRI,,
FBS_NOMINA.COMPONENTE_NOMINA_ORDEN,ORDEN,int,NO,,,
FBS_NOMINA.COMPONENTE_NOMINA_ORDEN,CONCURRENCIA,timestamp(6),YES,,CURRENT_TIMESTAMP(6),DEFAULT_GENERATED on update CURRENT_TIMESTAMP(6)
FBS_NOMINA.COMPONENTE_NOMINA_PROCESO,SECUENCIALCOMPONENTENOMINA,int,NO,PRI,,
FBS_NOMINA.COMPONENTE_NOMINA_PROCESO,PROCESO,varchar(200),NO,,,
FBS_NOMINA.COMPONENTE_NOMINA_PROCESO,ESTAACTIVO,tinyint unsigned,NO,,,
FBS_NOMINA.COMPONENTE_NOMINA_PROCESO,CONCURRENCIA,timestamp(6),YES,,CURRENT_TIMESTAMP(6),DEFAULT_GENERATED on update CURRENT_TIMESTAMP(6)
FBS_NOMINA.COMPONENTE_NOMINA_RELACIONADO,SECUENCIALCOMPONENTENOMINA,int,NO,PRI,,
FBS_NOMINA.COMPONENTE_NOMINA_RELACIONADO,SECUENCIALCOMPNOMRELACIONADO,int,NO,UNI,,
FBS_NOMINA.COMPONENTE_NOMINA_RELACIONADO,ESTAACTIVO,tinyint unsigned,NO,,,
FBS_NOMINA.COMPONENTE_NOMINA_RELACIONADO,CONCURRENCIA,timestamp(6),YES,,CURRENT_TIMESTAMP(6),DEFAULT_GENERATED on update CURRENT_TIMESTAMP(6)
FBS_NOMINA.COMPONENTE_NOMINA_VALORFIJO,SECUENCIALCOMPONENTENOMINA,int,NO,PRI,,
FBS_NOMINA.COMPONENTE_NOMINA_VALORFIJO,VALORFIJO,"decimal(18,2)",NO,,,
FBS_NOMINA.COMPONENTE_NOMINA_VALORFIJO,ESTAACTIVO,tinyint unsigned,NO,,,
FBS_NOMINA.COMPONENTE_NOMINA_VALORFIJO,CONCURRENCIA,timestamp(6),YES,,CURRENT_TIMESTAMP(6),DEFAULT_GENERATED on update CURRENT_TIMESTAMP(6)
FBS_NOMINA.CONTRATO,SECUENCIAL,int,NO,PRI,,auto_increment
FBS_NOMINA.CONTRATO,NUMEROCONTRATO,int,NO,,,
FBS_NOMINA.CONTRATO,SECUENCIALEMPLEADO,int,NO,MUL,,
FBS_NOMINA.CONTRATO,CODIGOTIPOCONTRATO,varchar(50),NO,MUL,,
FBS_NOMINA.CONTRATO,CODIGOESTADO,char(1),NO,MUL,,
FBS_NOMINA.CONTRATO,FECHAINICIO,datetime(3),NO,,,
FBS_NOMINA.CONTRATO,FECHAREFERENCIA,datetime(3),NO,,,
FBS_NOMINA.CONTRATO,PROPOSITO,varchar(250),NO,,,
FBS_NOMINA.CONTRATO,CONCURRENCIA,timestamp(6),YES,,CURRENT_TIMESTAMP(6),DEFAULT_GENERATED on update CURRENT_TIMESTAMP(6)
FBS_NOMINA.CONTRATOESTADOHIST,SECUENCIAL,int,NO,PRI,,auto_increment
FBS_NOMINA.CONTRATOESTADOHIST,SECUENCIALCONTRATO,int,NO,MUL,,
FBS_NOMINA.CONTRATOESTADOHIST,CODIGOUSUARIO,varchar(25),NO,MUL,,
FBS_NOMINA.CONTRATOESTADOHIST,CODIGOESTADO,char(1),NO,MUL,,
FBS_NOMINA.CONTRATOESTADOHIST,FECHASISTEMA,datetime(3),NO,,,
FBS_NOMINA.CONTRATOESTADOHIST,FECHAMAQUINA,datetime(3),NO,,,
FBS_NOMINA.CONTRATOESTADOHIST,OBSERVACION,varchar(200),NO,,,
FBS_NOMINA.CONTRATOESTADOHIST,CONCURRENCIA,timestamp(6),YES,,CURRENT_TIMESTAMP(6),DEFAULT_GENERATED on update CURRENT_TIMESTAMP(6)
FBS_NOMINA.CONTRATO_TIEMPOTRABAJO,SECUENCIALCONTRATO,int,NO,PRI,,
FBS_NOMINA.CONTRATO_TIEMPOTRABAJO,FECHAFINALIZACION,datetime(3),NO,,,
FBS_NOMINA.CONTRATO_TIEMPOTRABAJO,CONCURRENCIA,timestamp(6),YES,,CURRENT_TIMESTAMP(6),DEFAULT_GENERATED on update CURRENT_TIMESTAMP(6)
FBS_NOMINA.DECLARACION,SECUENCIAL,int,NO,PRI,,auto_increment
FBS_NOMINA.DECLARACION,SECUENCIALEMPLEADO,int,NO,MUL,,
FBS_NOMINA.DECLARACION,CODIGOTIPODECLARACION,varchar(5),NO,MUL,,
FBS_NOMINA.DECLARACION,FECHADECLARACION,datetime(3),NO,,,
FBS_NOMINA.DECLARACION,ESTADO,varchar(10),NO,,,
FBS_NOMINA.DECLARACION,FECHASISTEMAINGRESO,datetime(3),NO,,,
FBS_NOMINA.DECLARACION,FECHAMAQUINAINGRESO,datetime(3),NO,,,
FBS_NOMINA.DECLARACION,CONCURRENCIA,timestamp(6),YES,,CURRENT_TIMESTAMP(6),DEFAULT_GENERATED on update CURRENT_TIMESTAMP(6)
FBS_NOMINA.DECLARACIONACTIVOSUJETODEEMBARGO,SECUENCIAL,int,NO,PRI,,auto_increment
FBS_NOMINA.DECLARACIONACTIVOSUJETODEEMBARGO,SECUENCIALDECLARACION,int,NO,MUL,,
FBS_NOMINA.DECLARACIONACTIVOSUJETODEEMBARGO,SECUENCIALMONEDA,int,NO,MUL,,
FBS_NOMINA.DECLARACIONACTIVOSUJETODEEMBARGO,DESCRIPCIONACTIVO,varchar(50),NO,,,
FBS_NOMINA.DECLARACIONACTIVOSUJETODEEMBARGO,FECHADEEMBARGO,datetime(3),NO,,,
FBS_NOMINA.DECLARACIONACTIVOSUJETODEEMBARGO,ENTEEMBARGANTE,varchar(50),NO,,,
FBS_NOMINA.DECLARACIONACTIVOSUJETODEEMBARGO,CAUSADEEMBARGO,varchar(50),NO,,,
FBS_NOMINA.DECLARACIONACTIVOSUJETODEEMBARGO,VALOR,"decimal(18,2)",NO,,,
FBS_NOMINA.DECLARACIONACTIVOSUJETODEEMBARGO,REVISADO,tinyint unsigned,NO,,,
FBS_NOMINA.DECLARACIONACTIVOSUJETODEEMBARGO,ESTAACTIVO,tinyint unsigned,NO,,,
FBS_NOMINA.DECLARACIONACTIVOSUJETODEEMBARGO,CONCURRENCIA,timestamp(6),YES,,CURRENT_TIMESTAMP(6),DEFAULT_GENERATED on update CURRENT_TIMESTAMP(6)
FBS_NOMINA.DECLARACIONANTECEDENTELABORAL,SECUENCIAL,int,NO,PRI,,auto_increment
FBS_NOMINA.DECLARACIONANTECEDENTELABORAL,SECUENCIALDECLARACION,int,NO,MUL,,
FBS_NOMINA.DECLARACIONANTECEDENTELABORAL,INSTITUCION,varchar(50),NO,,,
FBS_NOMINA.DECLARACIONANTECEDENTELABORAL,FECHAINGRESO,datetime(3),NO,,,
FBS_NOMINA.DECLARACIONANTECEDENTELABORAL,FECHASALIDA,datetime(3),NO,,,
FBS_NOMINA.DECLARACIONANTECEDENTELABORAL,CARGO,varchar(50),NO,,,
FBS_NOMINA.DECLARACIONANTECEDENTELABORAL,REVISADO,tinyint unsigned,NO,,,
FBS_NOMINA.DECLARACIONANTECEDENTELABORAL,ESTAACTIVO,tinyint unsigned,NO,,,
FBS_NOMINA.DECLARACIONANTECEDENTELABORAL,CONCURRENCIA,timestamp(6),YES,,CURRENT_TIMESTAMP(6),DEFAULT_GENERATED on update CURRENT_TIMESTAMP(6)
FBS_NOMINA.DECLARACIONARMA,SECUENCIAL,int,NO,PRI,,auto_increment
FBS_NOMINA.DECLARACIONARMA,SECUENCIALDECLARACION,int,NO,MUL,,
FBS_NOMINA.DECLARACIONARMA,SECUENCIALMONEDA,int,NO,MUL,,
FBS_NOMINA.DECLARACIONARMA,TIPO,varchar(50),NO,,,
FBS_NOMINA.DECLARACIONARMA,MARCA,varchar(50),NO,,,
FBS_NOMINA.DECLARACIONARMA,CALIBRE,varchar(50),NO,,,
FBS_NOMINA.DECLARACIONARMA,NUMEROREGISTRO,varchar(50),NO,,,
FBS_NOMINA.DECLARACIONARMA,VALOR,"decimal(18,2)",NO,,,
FBS_NOMINA.DECLARACIONARMA,REVISADO,tinyint unsigned,NO,,,
FBS_NOMINA.DECLARACIONARMA,ESTAACTIVO,tinyint unsigned,NO,,,
FBS_NOMINA.DECLARACIONARMA,CONCURRENCIA,timestamp(6),YES,,CURRENT_TIMESTAMP(6),DEFAULT_GENERATED on update CURRENT_TIMESTAMP(6)
FBS_NOMINA.DECLARACIONBIEN,SECUENCIAL,int,NO,PRI,,auto_increment
FBS_NOMINA.DECLARACIONBIEN,SECUENCIALDECLARACION,int,NO,MUL,,
FBS_NOMINA.DECLARACIONBIEN,CODIGOCATEGORIABIEN,varchar(5),NO,MUL,,
FBS_NOMINA.DECLARACIONBIEN,CODIGOTIPOBIEN,varchar(5),NO,MUL,,
FBS_NOMINA.DECLARACIONBIEN,SECUENCIALMONEDA,int,NO,MUL,,
FBS_NOMINA.DECLARACIONBIEN,PROPIETARIO,varchar(50),NO,,,
FBS_NOMINA.DECLARACIONBIEN,FECHAADQUISICION,datetime(3),NO,,,
FBS_NOMINA.DECLARACIONBIEN,VALOR,"decimal(18,2)",NO,,,
FBS_NOMINA.DECLARACIONBIEN,REVISADO,tinyint unsigned,NO,,,
FBS_NOMINA.DECLARACIONBIEN,ESTAACTIVO,tinyint unsigned,NO,,,
FBS_NOMINA.DECLARACIONBIEN,CONCURRENCIA,timestamp(6),YES,,CURRENT_TIMESTAMP(6),DEFAULT_GENERATED on update CURRENT_TIMESTAMP(6)
FBS_NOMINA.DECLARACIONBIEN_INMUEBLE,SECUENCIALDECLARACIONBIEN,int,NO,PRI,,
FBS_NOMINA.DECLARACIONBIEN_INMUEBLE,CERTIFICADO,varchar(20),NO,,,
FBS_NOMINA.DECLARACIONBIEN_INMUEBLE,SECUENCIALDIVISIONUBICACION,int,NO,MUL,,
FBS_NOMINA.DECLARACIONBIEN_INMUEBLE,CODIGOPAIS,varchar(10),NO,MUL,,
FBS_NOMINA.DECLARACIONBIEN_INMUEBLE,DESTINO,varchar(50),NO,,,
FBS_NOMINA.DECLARACIONBIEN_INMUEBLE,CONCURRENCIA,timestamp(6),YES,,CURRENT_TIMESTAMP(6),DEFAULT_GENERATED on update CURRENT_TIMESTAMP(6)
FBS_NOMINA.DECLARACIONCAPITALINVERTIDO,SECUENCIAL,int,NO,PRI,,auto_increment
FBS_NOMINA.DECLARACIONCAPITALINVERTIDO,SECUENCIALDECLARACION,int,NO,MUL,,
FBS_NOMINA.DECLARACIONCAPITALINVERTIDO,CODIGOTIPOINVERSION,varchar(5),NO,MUL,,
FBS_NOMINA.DECLARACIONCAPITALINVERTIDO,CODIGOPAIS,varchar(10),NO,MUL,,
FBS_NOMINA.DECLARACIONCAPITALINVERTIDO,SECUENCIALMONEDA,int,NO,,,
FBS_NOMINA.DECLARACIONCAPITALINVERTIDO,NOMBRE,varchar(50),NO,,,
FBS_NOMINA.DECLARACIONCAPITALINVERTIDO,RNC,varchar(50),NO,,,
FBS_NOMINA.DECLARACIONCAPITALINVERTIDO,FECHAINVERSION,datetime(3),NO,,,
FBS_NOMINA.DECLARACIONCAPITALINVERTIDO,ACCIONESSOCIALES,varchar(50),NO,,,
FBS_NOMINA.DECLARACIONCAPITALINVERTIDO,VALOR,"decimal(18,2)",NO,,,
FBS_NOMINA.DECLARACIONCAPITALINVERTIDO,REVISADO,tinyint unsigned,NO,,,
FBS_NOMINA.DECLARACIONCAPITALINVERTIDO,ESTAACTIVO,tinyint unsigned,NO,,,
FBS_NOMINA.DECLARACIONCAPITALINVERTIDO,CONCURRENCIA,timestamp(6),YES,,CURRENT_TIMESTAMP(6),DEFAULT_GENERATED on update CURRENT_TIMESTAMP(6)
FBS_NOMINA.DECLARACIONCUENTAPORCOBRAR,SECUENCIAL,int,NO,PRI,,auto_increment
FBS_NOMINA.DECLARACIONCUENTAPORCOBRAR,SECUENCIALDECLARACION,int,NO,MUL,,
FBS_NOMINA.DECLARACIONCUENTAPORCOBRAR,SECUENCIALMONEDA,int,NO,MUL,,
FBS_NOMINA.DECLARACIONCUENTAPORCOBRAR,CODIGOPAIS,varchar(10),NO,MUL,,
FBS_NOMINA.DECLARACIONCUENTAPORCOBRAR,INSTITUCION,varchar(50),NO,,,
FBS_NOMINA.DECLARACIONCUENTAPORCOBRAR,NOMBREDEUDOR,varchar(50),NO,,,
FBS_NOMINA.DECLARACIONCUENTAPORCOBRAR,FECHADESDE,datetime(3),NO,,,
FBS_NOMINA.DECLARACIONCUENTAPORCOBRAR,FECHAHASTA,datetime(3),NO,,,
FBS_NOMINA.DECLARACIONCUENTAPORCOBRAR,NUMEROOTIPODOCUMENTO,varchar(50),NO,,,
FBS_NOMINA.DECLARACIONCUENTAPORCOBRAR,CONCEPTO,varchar(50),NO,,,
FBS_NOMINA.DECLARACIONCUENTAPORCOBRAR,VALOR,"decimal(18,2)",NO,,,
FBS_NOMINA.DECLARACIONCUENTAPORCOBRAR,REVISADO,tinyint unsigned,NO,,,
FBS_NOMINA.DECLARACIONCUENTAPORCOBRAR,ESTAACTIVO,tinyint unsigned,NO,,,
FBS_NOMINA.DECLARACIONCUENTAPORCOBRAR,CONCURRENCIA,timestamp(6),YES,,CURRENT_TIMESTAMP(6),DEFAULT_GENERATED on update CURRENT_TIMESTAMP(6)
FBS_NOMINA.DECLARACIONGASTOPORSALARIO,SECUENCIAL,int,NO,PRI,,auto_increment
FBS_NOMINA.DECLARACIONGASTOPORSALARIO,SECUENCIALDECLARACION,int,NO,MUL,,
FBS_NOMINA.DECLARACIONGASTOPORSALARIO,SECUENCIALMONEDA,int,NO,MUL,,
FBS_NOMINA.DECLARACIONGASTOPORSALARIO,TIPODEGASTO,varchar(50),NO,,,
FBS_NOMINA.DECLARACIONGASTOPORSALARIO,MONTO,"decimal(18,2)",NO,,,
FBS_NOMINA.DECLARACIONGASTOPORSALARIO,REVISADO,tinyint unsigned,NO,,,
FBS_NOMINA.DECLARACIONGASTOPORSALARIO,ESTAACTIVO,tinyint unsigned,NO,,,
FBS_NOMINA.DECLARACIONGASTOPORSALARIO,CONCURRENCIA,timestamp(6),YES,,CURRENT_TIMESTAMP(6),DEFAULT_GENERATED on update CURRENT_TIMESTAMP(6)
FBS_NOMINA.DECLARACIONINGRESOPORMEMBRESIA,SECUENCIAL,int,NO,PRI,,auto_increment
FBS_NOMINA.DECLARACIONINGRESOPORMEMBRESIA,SECUENCIALDECLARACION,int,NO,MUL,,
FBS_NOMINA.DECLARACIONINGRESOPORMEMBRESIA,CODIGOPAIS,varchar(10),NO,MUL,,
FBS_NOMINA.DECLARACIONINGRESOPORMEMBRESIA,SECUENCIALMONEDA,int,NO,MUL,,
FBS_NOMINA.DECLARACIONINGRESOPORMEMBRESIA,NOMBRE,varchar(50),NO,,,
FBS_NOMINA.DECLARACIONINGRESOPORMEMBRESIA,INSTITUCION,varchar(50),NO,,,
FBS_NOMINA.DECLARACIONINGRESOPORMEMBRESIA,CARGO,varchar(50),NO,,,
FBS_NOMINA.DECLARACIONINGRESOPORMEMBRESIA,FECHAMEMBRESIA,datetime(3),NO,,,
FBS_NOMINA.DECLARACIONINGRESOPORMEMBRESIA,VALOR,"decimal(18,2)",NO,,,
FBS_NOMINA.DECLARACIONINGRESOPORMEMBRESIA,REVISADO,tinyint unsigned,NO,,,
FBS_NOMINA.DECLARACIONINGRESOPORMEMBRESIA,ESTAACTIVO,tinyint unsigned,NO,,,
FBS_NOMINA.DECLARACIONINGRESOPORMEMBRESIA,CONCURRENCIA,timestamp(6),YES,,CURRENT_TIMESTAMP(6),DEFAULT_GENERATED on update CURRENT_TIMESTAMP(6)
FBS_NOMINA.DECLARACIONINGRESOPORSALARIO,SECUENCIAL,int,NO,PRI,,auto_increment
FBS_NOMINA.DECLARACIONINGRESOPORSALARIO,SECUENCIALDECLARACION,int,NO,MUL,,
FBS_NOMINA.DECLARACIONINGRESOPORSALARIO,SECUENCIALMONEDA,int,NO,MUL,,
FBS_NOMINA.DECLARACIONINGRESOPORSALARIO,DECLARANTEOCONYUGE,varchar(50),NO,,,
FBS_NOMINA.DECLARACIONINGRESOPORSALARIO,INSTITUCION,varchar(50),NO,,,
FBS_NOMINA.DECLARACIONINGRESOPORSALARIO,MONTO,"decimal(18,2)",NO,,,
FBS_NOMINA.DECLARACIONINGRESOPORSALARIO,SALARIOBRUTO,"decimal(18,2)",NO,,,
FBS_NOMINA.DECLARACIONINGRESOPORSALARIO,DEDUCCIONESDELEY,"decimal(18,2)",NO,,,
FBS_NOMINA.DECLARACIONINGRESOPORSALARIO,OTRASDEDUCCIONES,"decimal(18,2)",NO,,,
FBS_NOMINA.DECLARACIONINGRESOPORSALARIO,MONTOSALARIONETO,"decimal(18,2)",NO,,,
FBS_NOMINA.DECLARACIONINGRESOPORSALARIO,REVISADO,tinyint unsigned,NO,,,
FBS_NOMINA.DECLARACIONINGRESOPORSALARIO,ESTAACTIVO,tinyint unsigned,NO,,,
FBS_NOMINA.DECLARACIONINGRESOPORSALARIO,CONCURRENCIA,timestamp(6),YES,,CURRENT_TIMESTAMP(6),DEFAULT_GENERATED on update CURRENT_TIMESTAMP(6)
FBS_NOMINA.DECLARACIONINGRESOVARIO,SECUENCIAL,int,NO,PRI,,auto_increment
FBS_NOMINA.DECLARACIONINGRESOVARIO,SECUENCIALDECLARACION,int,NO,MUL,,
FBS_NOMINA.DECLARACIONINGRESOVARIO,SECUENCIALMONEDA,int,NO,MUL,,
FBS_NOMINA.DECLARACIONINGRESOVARIO,DECLARANTEOCONYUGE,varchar(50),NO,,,
FBS_NOMINA.DECLARACIONINGRESOVARIO,CONCEPTO,varchar(50),NO,,,
FBS_NOMINA.DECLARACIONINGRESOVARIO,INSTITUCION,varchar(50),NO,,,
FBS_NOMINA.DECLARACIONINGRESOVARIO,DESCRIPCION,varchar(50),NO,,,
FBS_NOMINA.DECLARACIONINGRESOVARIO,FRECUENCIA,varchar(50),NO,,,
FBS_NOMINA.DECLARACIONINGRESOVARIO,VALOR,"decimal(18,2)",NO,,,
FBS_NOMINA.DECLARACIONINGRESOVARIO,REVISADO,tinyint unsigned,NO,,,
FBS_NOMINA.DECLARACIONINGRESOVARIO,ESTAACTIVO,tinyint unsigned,NO,,,
FBS_NOMINA.DECLARACIONINGRESOVARIO,CONCURRENCIA,timestamp(6),YES,,CURRENT_TIMESTAMP(6),DEFAULT_GENERATED on update CURRENT_TIMESTAMP(6)
FBS_NOMINA.DECLARACIONINVERSION,SECUENCIAL,int,NO,PRI,,auto_increment
FBS_NOMINA.DECLARACIONINVERSION,SECUENCIALDECLARACION,int,NO,MUL,,
FBS_NOMINA.DECLARACIONINVERSION,CODIGOTIPOINVERSION,varchar(5),NO,MUL,,
FBS_NOMINA.DECLARACIONINVERSION,SECUENCIALMONEDA,int,NO,MUL,,
FBS_NOMINA.DECLARACIONINVERSION,INSTITUCION,varchar(50),NO,,,
FBS_NOMINA.DECLARACIONINVERSION,CODIGOPAIS,varchar(10),NO,MUL,,
FBS_NOMINA.DECLARACIONINVERSION,NUMEROCERTIFICADO,varchar(20),NO,,,
FBS_NOMINA.DECLARACIONINVERSION,NOMBRETITULAR,varchar(100),NO,,,
FBS_NOMINA.DECLARACIONINVERSION,FECHA,datetime(3),NO,,,
FBS_NOMINA.DECLARACIONINVERSION,VALOR,"decimal(18,2)",NO,,,
FBS_NOMINA.DECLARACIONINVERSION,TASA,"decimal(18,2)",NO,,,
FBS_NOMINA.DECLARACIONINVERSION,REVISADO,tinyint unsigned,NO,,,
FBS_NOMINA.DECLARACIONINVERSION,ESTAACTIVO,tinyint unsigned,NO,,,
FBS_NOMINA.DECLARACIONINVERSION,CONCURRENCIA,timestamp(6),YES,,CURRENT_TIMESTAMP(6),DEFAULT_GENERATED on update CURRENT_TIMESTAMP(6)
FBS_NOMINA.DECLARACIONPASIVOPORDEUDA,SECUENCIAL,int,NO,PRI,,auto_increment
FBS_NOMINA.DECLARACIONPASIVOPORDEUDA,SECUENCIALDECLARACION,int,NO,MUL,,
FBS_NOMINA.DECLARACIONPASIVOPORDEUDA,SECUENCIALMONEDA,int,NO,MUL,,
FBS_NOMINA.DECLARACIONPASIVOPORDEUDA,TIPODEUDA,varchar(50),NO,,,
FBS_NOMINA.DECLARACIONPASIVOPORDEUDA,TIPOONUMERODOCUMENTO,varchar(50),NO,,,
FBS_NOMINA.DECLARACIONPASIVOPORDEUDA,FECHAORIGENDEUDA,datetime(3),NO,,,
FBS_NOMINA.DECLARACIONPASIVOPORDEUDA,TITULAR,varchar(50),NO,,,
FBS_NOMINA.DECLARACIONPASIVOPORDEUDA,INSTITUCIONOPERSONAACREEDORA,varchar(50),NO,,,
FBS_NOMINA.DECLARACIONPASIVOPORDEUDA,MONTO,"decimal(18,2)",NO,,,
FBS_NOMINA.DECLARACIONPASIVOPORDEUDA,SALDOPENDIENTE,"decimal(18,2)",NO,,,
FBS_NOMINA.DECLARACIONPASIVOPORDEUDA,REVISADO,tinyint unsigned,NO,,,
FBS_NOMINA.DECLARACIONPASIVOPORDEUDA,ESTAACTIVO,tinyint unsigned,NO,,,
FBS_NOMINA.DECLARACIONPASIVOPORDEUDA,CONCURRENCIA,timestamp(6),YES,,CURRENT_TIMESTAMP(6),DEFAULT_GENERATED on update CURRENT_TIMESTAMP(6)
FBS_NOMINA.DECLARACIONPRODUCTOAGROINDUSTRIAL,SECUENCIAL,int,NO,PRI,,auto_increment
FBS_NOMINA.DECLARACIONPRODUCTOAGROINDUSTRIAL,SECUENCIALDECLARACION,int,NO,MUL,,
FBS_NOMINA.DECLARACIONPRODUCTOAGROINDUSTRIAL,SECUENCIALMONEDA,int,NO,MUL,,
FBS_NOMINA.DECLARACIONPRODUCTOAGROINDUSTRIAL,CODIGOTIPOPRODUCTOAGROINDUSTRIAL,varchar(5),NO,MUL,,
FBS_NOMINA.DECLARACIONPRODUCTOAGROINDUSTRIAL,PROPIETARIO,varchar(50),NO,,,
FBS_NOMINA.DECLARACIONPRODUCTOAGROINDUSTRIAL,DETALLE,varchar(50),NO,,,
FBS_NOMINA.DECLARACIONPRODUCTOAGROINDUSTRIAL,VALOR,"decimal(18,2)",NO,,,
FBS_NOMINA.DECLARACIONPRODUCTOAGROINDUSTRIAL,REVISADO,tinyint unsigned,NO,,,
FBS_NOMINA.DECLARACIONPRODUCTOAGROINDUSTRIAL,ESTAACTIVO,tinyint unsigned,NO,,,
FBS_NOMINA.DECLARACIONPRODUCTOAGROINDUSTRIAL,CONCURRENCIA,timestamp(6),YES,,CURRENT_TIMESTAMP(6),DEFAULT_GENERATED on update CURRENT_TIMESTAMP(6)
FBS_NOMINA.DECLARACIONPRODUCTOBANCARIO,SECUENCIAL,int,NO,PRI,,auto_increment
FBS_NOMINA.DECLARACIONPRODUCTOBANCARIO,SECUENCIALDECLARACION,int,NO,MUL,,
FBS_NOMINA.DECLARACIONPRODUCTOBANCARIO,CODIGOPAIS,varchar(10),NO,MUL,,
FBS_NOMINA.DECLARACIONPRODUCTOBANCARIO,SECUENCIALMONEDA,int,NO,MUL,,
FBS_NOMINA.DECLARACIONPRODUCTOBANCARIO,CODIGOTIPOCUENTA,varchar(3),NO,MUL,,
FBS_NOMINA.DECLARACIONPRODUCTOBANCARIO,INSTITUCION,varchar(50),NO,,,
FBS_NOMINA.DECLARACIONPRODUCTOBANCARIO,NUMEROCUENTA,varchar(50),NO,,,
FBS_NOMINA.DECLARACIONPRODUCTOBANCARIO,NOMBRETITULARES,varchar(100),NO,,,
FBS_NOMINA.DECLARACIONPRODUCTOBANCARIO,VALOR,"decimal(18,2)",NO,,,
FBS_NOMINA.DECLARACIONPRODUCTOBANCARIO,REVISADO,tinyint unsigned,NO,,,
FBS_NOMINA.DECLARACIONPRODUCTOBANCARIO,ESTAACTIVO,tinyint unsigned,NO,,,
FBS_NOMINA.DECLARACIONPRODUCTOBANCARIO,CONCURRENCIA,timestamp(6),YES,,CURRENT_TIMESTAMP(6),DEFAULT_GENERATED on update CURRENT_TIMESTAMP(6)
FBS_NOMINA.DECLARACIONSEGURO,SECUENCIAL,int,NO,PRI,,auto_increment
FBS_NOMINA.DECLARACIONSEGURO,SECUENCIALDECLARACION,int,NO,MUL,,
FBS_NOMINA.DECLARACIONSEGURO,SECUENCIALMONEDA,int,NO,MUL,,
FBS_NOMINA.DECLARACIONSEGURO,INSTITUCION,varchar(50),NO,,,
FBS_NOMINA.DECLARACIONSEGURO,NUMEROPOLIZA,varchar(50),NO,,,
FBS_NOMINA.DECLARACIONSEGURO,FECHA,datetime(3),NO,,,
FBS_NOMINA.DECLARACIONSEGURO,BIENASEGURADO,varchar(50),NO,,,
FBS_NOMINA.DECLARACIONSEGURO,MONTOASEGURADO,"decimal(18,2)",NO,,,
FBS_NOMINA.DECLARACIONSEGURO,REVISADO,tinyint unsigned,NO,,,
FBS_NOMINA.DECLARACIONSEGURO,ESTAACTIVO,tinyint unsigned,NO,,,
FBS_NOMINA.DECLARACIONSEGURO,CONCURRENCIA,timestamp(6),YES,,CURRENT_TIMESTAMP(6),DEFAULT_GENERATED on update CURRENT_TIMESTAMP(6)
FBS_NOMINA.DECLARACIONSEMOVIENTE,SECUENCIAL,int,NO,PRI,,auto_increment
FBS_NOMINA.DECLARACIONSEMOVIENTE,SECUENCIALDECLARACION,int,NO,MUL,,
FBS_NOMINA.DECLARACIONSEMOVIENTE,SECUENCIALMONEDA,int,NO,MUL,,
FBS_NOMINA.DECLARACIONSEMOVIENTE,PROPIETARIO,varchar(50),NO,,,
FBS_NOMINA.DECLARACIONSEMOVIENTE,ESPECIEANIMAL,varchar(50),NO,,,
FBS_NOMINA.DECLARACIONSEMOVIENTE,CANTIDAD,int,NO,,,
FBS_NOMINA.DECLARACIONSEMOVIENTE,FINES,varchar(50),NO,,,
FBS_NOMINA.DECLARACIONSEMOVIENTE,VALOR,"decimal(18,2)",NO,,,
FBS_NOMINA.DECLARACIONSEMOVIENTE,REVISADO,tinyint unsigned,NO,,,
FBS_NOMINA.DECLARACIONSEMOVIENTE,ESTAACTIVO,tinyint unsigned,NO,,,
FBS_NOMINA.DECLARACIONSEMOVIENTE,CONCURRENCIA,timestamp(6),YES,,CURRENT_TIMESTAMP(6),DEFAULT_GENERATED on update CURRENT_TIMESTAMP(6)
FBS_NOMINA.DECLARACIONSUCESIONYDONACION,SECUENCIAL,int,NO,PRI,,auto_increment
FBS_NOMINA.DECLARACIONSUCESIONYDONACION,SECUENCIALDECLARACION,int,NO,MUL,,
FBS_NOMINA.DECLARACIONSUCESIONYDONACION,SECUENCIALMONEDA,int,NO,MUL,,
FBS_NOMINA.DECLARACIONSUCESIONYDONACION,CODIGOPARENTESCO,varchar(20),NO,MUL,,
FBS_NOMINA.DECLARACIONSUCESIONYDONACION,NOMBRECAUSANTE,varchar(50),NO,,,
FBS_NOMINA.DECLARACIONSUCESIONYDONACION,FECHAINGRESOALPATRIMONIO,datetime(3),NO,,,
FBS_NOMINA.DECLARACIONSUCESIONYDONACION,VALOR,"decimal(18,2)",NO,,,
FBS_NOMINA.DECLARACIONSUCESIONYDONACION,REVISADO,tinyint unsigned,NO,,,
FBS_NOMINA.DECLARACIONSUCESIONYDONACION,ESTAACTIVO,tinyint unsigned,NO,,,
FBS_NOMINA.DECLARACIONSUCESIONYDONACION,CONCURRENCIA,timestamp(6),YES,,CURRENT_TIMESTAMP(6),DEFAULT_GENERATED on update CURRENT_TIMESTAMP(6)
FBS_NOMINA.DECLARACIONVEHICULO,SECUENCIAL,int,NO,PRI,,auto_increment
FBS_NOMINA.DECLARACIONVEHICULO,SECUENCIALDECLARACION,int,NO,MUL,,
FBS_NOMINA.DECLARACIONVEHICULO,SECUENCIALMONEDA,int,NO,MUL,,
FBS_NOMINA.DECLARACIONVEHICULO,CODIGOTIPOVEHICULO,varchar(5),NO,MUL,,
FBS_NOMINA.DECLARACIONVEHICULO,PROPIETARIO,varchar(50),NO,,,
FBS_NOMINA.DECLARACIONVEHICULO,FECHAADQUISICION,datetime(3),NO,,,
FBS_NOMINA.DECLARACIONVEHICULO,MARCA,varchar(50),NO,,,
FBS_NOMINA.DECLARACIONVEHICULO,MODELO,varchar(50),NO,,,
FBS_NOMINA.DECLARACIONVEHICULO,ANIO,int,NO,,,
FBS_NOMINA.DECLARACIONVEHICULO,MATRICULA,varchar(50),NO,,,
FBS_NOMINA.DECLARACIONVEHICULO,LICENCIA,varchar(50),NO,,,
FBS_NOMINA.DECLARACIONVEHICULO,VALOR,"decimal(18,2)",NO,,,
FBS_NOMINA.DECLARACIONVEHICULO,REVISADO,tinyint unsigned,NO,,,
FBS_NOMINA.DECLARACIONVEHICULO,ESTAACTIVO,tinyint unsigned,NO,,,
FBS_NOMINA.DECLARACIONVEHICULO,CONCURRENCIA,timestamp(6),YES,,CURRENT_TIMESTAMP(6),DEFAULT_GENERATED on update CURRENT_TIMESTAMP(6)
FBS_NOMINA.DESCUENTO,SECUENCIAL,int,NO,PRI,,auto_increment
FBS_NOMINA.DESCUENTO,SECUENCIALEMPLEADO,int,NO,MUL,,
FBS_NOMINA.DESCUENTO,CODIGOTIPODESCUENTO,char(2),NO,MUL,,
FBS_NOMINA.DESCUENTO,CODIGOESTADO,char(1),NO,MUL,,
FBS_NOMINA.DESCUENTO,OBSERVACION,varchar(500),NO,,,
FBS_NOMINA.DESCUENTO,FECHASISTEMA,datetime(3),NO,,,
FBS_NOMINA.DESCUENTO,FECHAMAQUINA,datetime(3),NO,,,
FBS_NOMINA.DESCUENTO,CONCURRENCIA,timestamp(6),YES,,CURRENT_TIMESTAMP(6),DEFAULT_GENERATED on update CURRENT_TIMESTAMP(6)
FBS_NOMINA.DESCUENTO,SECMIGRA,int,YES,,,
FBS_NOMINA.DESCUENTOCUENTA,SECUENCIAL,int,NO,PRI,,auto_increment
FBS_NOMINA.DESCUENTOCUENTA,SECUENCIALDESCUENTO,int,NO,MUL,,
FBS_NOMINA.DESCUENTOCUENTA,SECUENCIALCUENTAMAESTRO,int,NO,MUL,,
FBS_NOMINA.DESCUENTOCUENTA,ESTAACTIVO,tinyint unsigned,NO,,,
FBS_NOMINA.DESCUENTOCUENTA,CONCURRENCIA,timestamp(6),YES,,CURRENT_TIMESTAMP(6),DEFAULT_GENERATED on update CURRENT_TIMESTAMP(6)
FBS_NOMINA.DESCUENTOESTADOHISTORICO,SECUENCIAL,int,NO,PRI,,auto_increment
FBS_NOMINA.DESCUENTOESTADOHISTORICO,SECUENCIALDESCUENTO,int,NO,MUL,,
FBS_NOMINA.DESCUENTOESTADOHISTORICO,CODIGOUSUARIO,varchar(25),NO,MUL,,
FBS_NOMINA.DESCUENTOESTADOHISTORICO,CODIGOESTADO,char(1),NO,MUL,,
FBS_NOMINA.DESCUENTOESTADOHISTORICO,FECHASISTEMA,datetime(3),NO,,,
FBS_NOMINA.DESCUENTOESTADOHISTORICO,FECHAMAQUINA,datetime(3),NO,,,
FBS_NOMINA.DESCUENTOESTADOHISTORICO,CONCURRENCIA,timestamp(6),YES,,CURRENT_TIMESTAMP(6),DEFAULT_GENERATED on update CURRENT_TIMESTAMP(6)
FBS_NOMINA.DESCUENTOESTADOHISTORICO,OBSERVACION,varchar(500),NO,,N,
FBS_NOMINA.DESCUENTOGENEMPLEADOROLDEPAGO,SECUENCIAL,int,NO,PRI,,auto_increment
FBS_NOMINA.DESCUENTOGENEMPLEADOROLDEPAGO,SECUENCIALDESCUENTO,int,NO,MUL,,
FBS_NOMINA.DESCUENTOGENEMPLEADOROLDEPAGO,SECUENCIALROLDEPAGO,int,NO,MUL,,
FBS_NOMINA.DESCUENTOGENEMPLEADOROLDEPAGO,SECUENCIALCOMPONENTENOMINA,int,NO,MUL,,
FBS_NOMINA.DESCUENTOGENEMPLEADOROLDEPAGO,VALORDESCUENTO,"decimal(18,2)",NO,,,
FBS_NOMINA.DESCUENTOGENEMPLEADOROLDEPAGO,CONCURRENCIA,timestamp(6),YES,,CURRENT_TIMESTAMP(6),DEFAULT_GENERATED on update CURRENT_TIMESTAMP(6)
FBS_NOMINA.DESCUENTOPRESTAMO,SECUENCIAL,int,NO,PRI,,auto_increment
FBS_NOMINA.DESCUENTOPRESTAMO,SECUENCIALDESCUENTO,int,NO,MUL,,
FBS_NOMINA.DESCUENTOPRESTAMO,SECUENCIALPRESTAMO,int,NO,MUL,,
FBS_NOMINA.DESCUENTOPRESTAMO,ESTAACTIVO,tinyint unsigned,NO,,,
FBS_NOMINA.DESCUENTOPRESTAMO,CONCURRENCIA,timestamp(6),YES,,CURRENT_TIMESTAMP(6),DEFAULT_GENERATED on update CURRENT_TIMESTAMP(6)
FBS_NOMINA.DESCUENTOTIPOROL,SECUENCIAL,int,NO,PRI,,auto_increment
FBS_NOMINA.DESCUENTOTIPOROL,SECUENCIALDESCUENTO,int,NO,MUL,,
FBS_NOMINA.DESCUENTOTIPOROL,CODIGOTIPOROL,varchar(20),NO,MUL,,
FBS_NOMINA.DESCUENTOTIPOROL,ESTAACTIVO,tinyint unsigned,NO,,,
FBS_NOMINA.DESCUENTOTIPOROL,CONCURRENCIA,timestamp(6),YES,,CURRENT_TIMESTAMP(6),DEFAULT_GENERATED on update CURRENT_TIMESTAMP(6)
FBS_NOMINA.DESCUENTOTIPOROL,SECMIGRA,int,YES,,,
FBS_NOMINA.DESCUENTOTIPOROL_PORCENTAJE,SECUENCIALDESCUENTOTIPOROL,int,NO,PRI,,
FBS_NOMINA.DESCUENTOTIPOROL_PORCENTAJE,PORCENTAJE,"decimal(18,2)",NO,,,
FBS_NOMINA.DESCUENTOTIPOROL_PORCENTAJE,ESTAACTIVO,tinyint unsigned,NO,,,
FBS_NOMINA.DESCUENTOTIPOROL_PORCENTAJE,CONCURRENCIA,timestamp(6),YES,,CURRENT_TIMESTAMP(6),DEFAULT_GENERATED on update CURRENT_TIMESTAMP(6)
FBS_NOMINA.DESCUENTOTIPOROL_VALOR,SECUENCIALDESCUENTOTIPOROL,int,NO,PRI,,
FBS_NOMINA.DESCUENTOTIPOROL_VALOR,VALOR,"decimal(18,2)",NO,,,
FBS_NOMINA.DESCUENTOTIPOROL_VALOR,ESTAACTIVO,tinyint unsigned,NO,,,
FBS_NOMINA.DESCUENTOTIPOROL_VALOR,CONCURRENCIA,timestamp(6),YES,,CURRENT_TIMESTAMP(6),DEFAULT_GENERATED on update CURRENT_TIMESTAMP(6)
FBS_NOMINA.DESCUENTO_CAPACITACION,SECUENCIALDESCUENTO,int,NO,PRI,,
FBS_NOMINA.DESCUENTO_CAPACITACION,SECUENCIALCAPACITACION,int,NO,MUL,,
FBS_NOMINA.DESCUENTO_CAPACITACION,CONCURRENCIA,timestamp(6),YES,,CURRENT_TIMESTAMP(6),DEFAULT_GENERATED on update CURRENT_TIMESTAMP(6)
FBS_NOMINA.DESCUENTO_PLAZO,SECUENCIALDESCUENTO,int,NO,PRI,,
FBS_NOMINA.DESCUENTO_PLAZO,TOTAL,"decimal(18,2)",NO,,,
FBS_NOMINA.DESCUENTO_PLAZO,NUMEROPAGOS,int,NO,,,
FBS_NOMINA.DESCUENTO_PLAZO,CONCURRENCIA,timestamp(6),YES,,CURRENT_TIMESTAMP(6),DEFAULT_GENERATED on update CURRENT_TIMESTAMP(6)
FBS_NOMINA.DESCUENTO_PLAZO,ESTAACTIVO,tinyint,NO,,,
FBS_NOMINA.DEVOLUCIONIMPRENTASALDOHIST,SECUENCIAL,int,NO,PRI,,auto_increment
FBS_NOMINA.DEVOLUCIONIMPRENTASALDOHIST,SECUENCIALDEVIMPUESTORENTA,int,NO,MUL,,
FBS_NOMINA.DEVOLUCIONIMPRENTASALDOHIST,SECUENCIALROLDEPAGO,int,NO,MUL,,
FBS_NOMINA.DEVOLUCIONIMPRENTASALDOHIST,SALDO,"decimal(18,2)",NO,,,
FBS_NOMINA.DEVOLUCIONIMPRENTASALDOHIST,FECHASISTEMA,datetime(3),NO,,,
FBS_NOMINA.DEVOLUCIONIMPRENTASALDOHIST,FECHAMAQUINA,datetime(3),NO,,,
FBS_NOMINA.DEVOLUCIONIMPRENTASALDOHIST,CONCURRENCIA,timestamp(6),YES,,CURRENT_TIMESTAMP(6),DEFAULT_GENERATED on update CURRENT_TIMESTAMP(6)
FBS_NOMINA.DEVOLUCIONIMPUESTORENTA,SECUENCIAL,int,NO,PRI,,auto_increment
FBS_NOMINA.DEVOLUCIONIMPUESTORENTA,SECUENCIALEMPLEADO,int,NO,MUL,,
FBS_NOMINA.DEVOLUCIONIMPUESTORENTA,SALDO,"decimal(18,2)",NO,,,
FBS_NOMINA.DEVOLUCIONIMPUESTORENTA,CONCURRENCIA,timestamp(6),YES,,CURRENT_TIMESTAMP(6),DEFAULT_GENERATED on update CURRENT_TIMESTAMP(6)
FBS_NOMINA.EDUCACIONFORMAL,SECUENCIAL,int,NO,PRI,,auto_increment
FBS_NOMINA.EDUCACIONFORMAL,SECUENCIALEMPLEADO,int,NO,MUL,,
FBS_NOMINA.EDUCACIONFORMAL,CODIGONIVELDEESTUDIO,char(2),NO,MUL,,
FBS_NOMINA.EDUCACIONFORMAL,INSTITUCION,varchar(50),NO,,,
FBS_NOMINA.EDUCACIONFORMAL,TITULOOBTENIDO,varchar(50),NO,,,
FBS_NOMINA.EDUCACIONFORMAL,ESPECIALIDAD,varchar(50),NO,,,
FBS_NOMINA.EDUCACIONFORMAL,OBSERVACION,varchar(500),NO,,,
FBS_NOMINA.EDUCACIONFORMAL,REVISADO,tinyint unsigned,NO,,0,
FBS_NOMINA.EDUCACIONFORMAL,ESTAACTIVA,tinyint unsigned,NO,,,
FBS_NOMINA.EDUCACIONFORMAL,CONCURRENCIA,timestamp(6),YES,,CURRENT_TIMESTAMP(6),DEFAULT_GENERATED on update CURRENT_TIMESTAMP(6)
FBS_NOMINA.EDUCACIONFORMALITEMDOCU,SECUENCIAL,int,NO,PRI,,auto_increment
FBS_NOMINA.EDUCACIONFORMALITEMDOCU,SECUENCIALEDUCACIONFORMAL,int,NO,MUL,,
FBS_NOMINA.EDUCACIONFORMALITEMDOCU,URL,varchar(250),NO,,,
FBS_NOMINA.EDUCACIONFORMALITEMDOCU,ESTAACTIVO,tinyint unsigned,NO,,,
FBS_NOMINA.EDUCACIONFORMALITEMDOCU,CONCURRENCIA,timestamp(6),YES,,CURRENT_TIMESTAMP(6),DEFAULT_GENERATED on update CURRENT_TIMESTAMP(6)
FBS_NOMINA.EDUCACIONFORMAL_FECHAGRADO,SECUENCIALEDUCACIONFORMAL,int,NO,PRI,,
FBS_NOMINA.EDUCACIONFORMAL_FECHAGRADO,FECHAGRADUACION,datetime(3),NO,,,
FBS_NOMINA.EDUCACIONFORMAL_FECHAGRADO,CONCURRENCIA,timestamp(6),YES,,CURRENT_TIMESTAMP(6),DEFAULT_GENERATED on update CURRENT_TIMESTAMP(6)
FBS_NOMINA.EDUCACIONFORMAL_FECHATENTA,SECUENCIALEDUCACIONFORMAL,int,NO,PRI,,
FBS_NOMINA.EDUCACIONFORMAL_FECHATENTA,FECHATENTATIVA,datetime(3),NO,,,
FBS_NOMINA.EDUCACIONFORMAL_FECHATENTA,CONCURRENCIA,timestamp(6),YES,,CURRENT_TIMESTAMP(6),DEFAULT_GENERATED on update CURRENT_TIMESTAMP(6)
FBS_NOMINA.EDUCACIONFORMAL_FECHATENTA,NIVELACTUAL,varchar(50),YES,,,
FBS_NOMINA.EDUCACIONFORMAL_FECHATENTA,HORARIO,varchar(50),YES,,,
FBS_NOMINA.EDUCACIONINFORMAL,SECUENCIAL,int,NO,PRI,,auto_increment
FBS_NOMINA.EDUCACIONINFORMAL,SECUENCIALEMPLEADO,int,NO,MUL,,
FBS_NOMINA.EDUCACIONINFORMAL,AUSPICIANTE,varchar(100),NO,,,
FBS_NOMINA.EDUCACIONINFORMAL,HORAS,int,NO,,,
FBS_NOMINA.EDUCACIONINFORMAL,TEMACURSO,varchar(100),NO,,,
FBS_NOMINA.EDUCACIONINFORMAL,ESINTERNA,tinyint unsigned,NO,,,
FBS_NOMINA.EDUCACIONINFORMAL,FECHAINICIO,datetime(3),NO,,,
FBS_NOMINA.EDUCACIONINFORMAL,TIENECONVENIO,tinyint unsigned,NO,,,
FBS_NOMINA.EDUCACIONINFORMAL,FECHAFINCONVENIO,datetime(3),NO,,,
FBS_NOMINA.EDUCACIONINFORMAL,APORTEINSTITUCION,"decimal(18,2)",NO,,,
FBS_NOMINA.EDUCACIONINFORMAL,APORTEOTROS,"decimal(18,2)",NO,,,
FBS_NOMINA.EDUCACIONINFORMAL,REVISADO,tinyint unsigned,NO,,0,
FBS_NOMINA.EDUCACIONINFORMAL,ESTAACTIVA,tinyint unsigned,NO,,,
FBS_NOMINA.EDUCACIONINFORMAL,CONCURRENCIA,timestamp(6),YES,,CURRENT_TIMESTAMP(6),DEFAULT_GENERATED on update CURRENT_TIMESTAMP(6)
FBS_NOMINA.EDUCACIONINFORMALITEMDOCU,SECUENCIAL,int,NO,PRI,,auto_increment
FBS_NOMINA.EDUCACIONINFORMALITEMDOCU,SECUENCIALEDUCACIONINFORMAL,int,NO,MUL,,
FBS_NOMINA.EDUCACIONINFORMALITEMDOCU,URL,varchar(250),NO,,,
FBS_NOMINA.EDUCACIONINFORMALITEMDOCU,ESTAACTIVO,tinyint unsigned,NO,,,
FBS_NOMINA.EDUCACIONINFORMALITEMDOCU,CONCURRENCIA,timestamp(6),YES,,CURRENT_TIMESTAMP(6),DEFAULT_GENERATED on update CURRENT_TIMESTAMP(6)
FBS_NOMINA.EMPLEADO,SECUENCIAL,int,NO,PRI,,auto_increment
FBS_NOMINA.EMPLEADO,SECUENCIALPERSONA,int,NO,UNI,,
FBS_NOMINA.EMPLEADO,CODIGOESTADO,char(1),NO,MUL,,
FBS_NOMINA.EMPLEADO,FECHAPOSTULACION,datetime(3),NO,,,
FBS_NOMINA.EMPLEADO,ESTAREVISADO,tinyint,NO,,,
FBS_NOMINA.EMPLEADO,CONCURRENCIA,timestamp(6),YES,,CURRENT_TIMESTAMP(6),DEFAULT_GENERATED on update CURRENT_TIMESTAMP(6)
FBS_NOMINA.EMPLEADO,SECMIGRA,int,YES,,,
FBS_NOMINA.EMPLEADOCAPACITACIONCOTIZACION,SECUENCIAL,int,NO,PRI,,auto_increment
FBS_NOMINA.EMPLEADOCAPACITACIONCOTIZACION,SECUENCIALEMPLEADO,int,NO,MUL,,
FBS_NOMINA.EMPLEADOCAPACITACIONCOTIZACION,SECCAPACITACIONCOTIZACION,int,NO,MUL,,
FBS_NOMINA.EMPLEADOCAPACITACIONCOTIZACION,VALORCAPACITACION,"decimal(18,2)",NO,,,
FBS_NOMINA.EMPLEADOCAPACITACIONCOTIZACION,TRANSPORTE,"decimal(18,2)",NO,,,
FBS_NOMINA.EMPLEADOCAPACITACIONCOTIZACION,ALIMENTACION,"decimal(18,2)",NO,,,
FBS_NOMINA.EMPLEADOCAPACITACIONCOTIZACION,ESTADIA,"decimal(18,2)",NO,,,
FBS_NOMINA.EMPLEADOCAPACITACIONCOTIZACION,PORCENTAJEASUMEEMPLEADO,"decimal(18,2)",NO,,,
FBS_NOMINA.EMPLEADOCAPACITACIONCOTIZACION,DESCUENTOAPLANILLA,tinyint unsigned,NO,,,
FBS_NOMINA.EMPLEADOCAPACITACIONCOTIZACION,NUMEROCUOTAS,int,NO,,,
FBS_NOMINA.EMPLEADOCAPACITACIONCOTIZACION,VALORTOTAL,"decimal(18,2)",NO,,,
FBS_NOMINA.EMPLEADOCAPACITACIONCOTIZACION,ESTAACTIVO,tinyint unsigned,NO,,,
FBS_NOMINA.EMPLEADOCAPACITACIONCOTIZACION,CONCURRENCIA,timestamp(6),YES,,CURRENT_TIMESTAMP(6),DEFAULT_GENERATED on update CURRENT_TIMESTAMP(6)
FBS_NOMINA.EMPLEADOCARGOSUELDOHISTORICO,SECUENCIAL,int,NO,PRI,,auto_increment
FBS_NOMINA.EMPLEADOCARGOSUELDOHISTORICO,SECUENCIALEMPLEADO,int,NO,MUL,,
FBS_NOMINA.EMPLEADOCARGOSUELDOHISTORICO,SECUENCIALCARGO,int,NO,MUL,,
FBS_NOMINA.EMPLEADOCARGOSUELDOHISTORICO,FECHAINICIO,datetime(3),NO,,,
FBS_NOMINA.EMPLEADOCARGOSUELDOHISTORICO,FECHAFIN,datetime(3),NO,,,
FBS_NOMINA.EMPLEADOCARGOSUELDOHISTORICO,SUELDO,"decimal(18,2)",NO,,,
FBS_NOMINA.EMPLEADOCARGOSUELDOHISTORICO,COMENTARIO,varchar(500),NO,,,
FBS_NOMINA.EMPLEADOCARGOSUELDOHISTORICO,CONCURRENCIA,timestamp(6),YES,,CURRENT_TIMESTAMP(6),DEFAULT_GENERATED on update CURRENT_TIMESTAMP(6)
FBS_NOMINA.EMPLEADOCOMPNOMINA_VALORFIJO,SECUENCIALEMPLEADOCOMPNOMINA,int,NO,PRI,,
FBS_NOMINA.EMPLEADOCOMPNOMINA_VALORFIJO,VALORFIJO,"decimal(18,2)",NO,,,
FBS_NOMINA.EMPLEADOCOMPNOMINA_VALORFIJO,ESTAACTIVO,tinyint unsigned,NO,,,
FBS_NOMINA.EMPLEADOCOMPNOMINA_VALORFIJO,CONCURRENCIA,timestamp(6),YES,,CURRENT_TIMESTAMP(6),DEFAULT_GENERATED on update CURRENT_TIMESTAMP(6)
FBS_NOMINA.EMPLEADOCOMPONENTENOMINA,SECUENCIAL,int,NO,PRI,,auto_increment
FBS_NOMINA.EMPLEADOCOMPONENTENOMINA,SECUENCIALEMPLEADO,int,NO,MUL,,
FBS_NOMINA.EMPLEADOCOMPONENTENOMINA,SECUENCIALCOMPONENTENOMINA,int,NO,MUL,,
FBS_NOMINA.EMPLEADOCOMPONENTENOMINA,ESCONVALORFIJO,tinyint unsigned,NO,,,
FBS_NOMINA.EMPLEADOCOMPONENTENOMINA,ESTAACTIVO,tinyint unsigned,NO,,,
FBS_NOMINA.EMPLEADOCOMPONENTENOMINA,CONCURRENCIA,timestamp(6),YES,,CURRENT_TIMESTAMP(6),DEFAULT_GENERATED on update CURRENT_TIMESTAMP(6)
FBS_NOMINA.EMPLEADOCTABANRIAACREDITACION,SECUENCIAL,int,NO,PRI,,auto_increment
FBS_NOMINA.EMPLEADOCTABANRIAACREDITACION,SECUENCIALEMPLEADO,int,NO,MUL,,
FBS_NOMINA.EMPLEADOCTABANRIAACREDITACION,SECEMPLEADOCUENTABANCARIA,int,NO,MUL,,
FBS_NOMINA.EMPLEADOCTABANRIAACREDITACION,SECUENCIALROLDEPAGO,int,NO,MUL,,
FBS_NOMINA.EMPLEADOCTABANRIAACREDITACION,FECHASISTEMA,datetime(3),NO,,,
FBS_NOMINA.EMPLEADOCTABANRIAACREDITACION,FECHAMAQUINA,datetime(3),NO,,,
FBS_NOMINA.EMPLEADOCTABANRIAACREDITACION,VALORACREDITAR,"decimal(18,2)",NO,,,
FBS_NOMINA.EMPLEADOCTABANRIAACREDITACION,CONCURRENCIA,timestamp(6),YES,,CURRENT_TIMESTAMP(6),DEFAULT_GENERATED on update CURRENT_TIMESTAMP(6)
FBS_NOMINA.EMPLEADOCUENTABANCARIA,SECUENCIAL,int,NO,PRI,,auto_increment
FBS_NOMINA.EMPLEADOCUENTABANCARIA,SECUENCIALEMPLEADO,int,NO,MUL,,
FBS_NOMINA.EMPLEADOCUENTABANCARIA,CODIGOPAIS,varchar(10),NO,MUL,,
FBS_NOMINA.EMPLEADOCUENTABANCARIA,SECUENCIALBANCO,int,NO,MUL,,
FBS_NOMINA.EMPLEADOCUENTABANCARIA,CODIGOTIPOCUENTA,varchar(10),NO,MUL,,
FBS_NOMINA.EMPLEADOCUENTABANCARIA,NOMBRETITULAR,varchar(100),NO,,,
FBS_NOMINA.EMPLEADOCUENTABANCARIA,SECUENCIALTIPOIDENTIFICACION,int,NO,MUL,,
FBS_NOMINA.EMPLEADOCUENTABANCARIA,IDENTIFICACIONTITULAR,char(13),NO,,,
FBS_NOMINA.EMPLEADOCUENTABANCARIA,NUMEROCUENTA,varchar(50),NO,,,
FBS_NOMINA.EMPLEADOCUENTABANCARIA,ESPRINCIPAL,tinyint unsigned,NO,,,
FBS_NOMINA.EMPLEADOCUENTABANCARIA,ESTAACTIVO,tinyint unsigned,NO,,,
FBS_NOMINA.EMPLEADOCUENTABANCARIA,CONCURRENCIA,timestamp(6),YES,,CURRENT_TIMESTAMP(6),DEFAULT_GENERATED on update CURRENT_TIMESTAMP(6)
FBS_NOMINA.EMPLEADOESTADOCAPACITACION,SECUENCIAL,int,NO,PRI,,auto_increment
FBS_NOMINA.EMPLEADOESTADOCAPACITACION,SECUENCIALEMPLEADO,int,NO,MUL,,
FBS_NOMINA.EMPLEADOESTADOCAPACITACION,CODIGOESTADOCAPACITACION,char(1),NO,MUL,,
FBS_NOMINA.EMPLEADOESTADOCAPACITACION,ESTAACTIVO,tinyint unsigned,NO,,,
FBS_NOMINA.EMPLEADOESTADOCAPACITACION,CONCURRENCIA,timestamp(6),YES,,CURRENT_TIMESTAMP(6),DEFAULT_GENERATED on update CURRENT_TIMESTAMP(6)
FBS_NOMINA.EMPLEADOESTADOHISTORICO,SECUENCIAL,int,NO,PRI,,auto_increment
FBS_NOMINA.EMPLEADOESTADOHISTORICO,SECUENCIALEMPLEADO,int,NO,MUL,,
FBS_NOMINA.EMPLEADOESTADOHISTORICO,SECUENCIALACCIONPERSONAL,int,NO,MUL,,
FBS_NOMINA.EMPLEADOESTADOHISTORICO,CODIGOUSUARIO,varchar(25),NO,MUL,,
FBS_NOMINA.EMPLEADOESTADOHISTORICO,CODIGOESTADO,char(1),NO,MUL,,
FBS_NOMINA.EMPLEADOESTADOHISTORICO,FECHASISTEMA,datetime(3),NO,,,
FBS_NOMINA.EMPLEADOESTADOHISTORICO,FECHAMAQUINA,datetime(3),NO,,,
FBS_NOMINA.EMPLEADOESTADOHISTORICO,CONCURRENCIA,timestamp(6),YES,,CURRENT_TIMESTAMP(6),DEFAULT_GENERATED on update CURRENT_TIMESTAMP(6)
FBS_NOMINA.EMPLEADOHORAEXTRA,SECUENCIAL,int,NO,PRI,,auto_increment
FBS_NOMINA.EMPLEADOHORAEXTRA,SECUENCIALEMPLEADO,int,NO,MUL,,
FBS_NOMINA.EMPLEADOHORAEXTRA,CODIGOESTADO,char(1),NO,MUL,,
FBS_NOMINA.EMPLEADOHORAEXTRA,FECHAREGISTRO,datetime(3),NO,,,
FBS_NOMINA.EMPLEADOHORAEXTRA,FECHASISTEMA,datetime(3),NO,,,
FBS_NOMINA.EMPLEADOHORAEXTRA,FECHAMAQUINA,datetime(3),NO,,,
FBS_NOMINA.EMPLEADOHORAEXTRA,HORAINICIO,int,NO,,,
FBS_NOMINA.EMPLEADOHORAEXTRA,MINUTOINICIO,int,NO,,,
FBS_NOMINA.EMPLEADOHORAEXTRA,MINUTOSHORASEXTRA,int,NO,,,
FBS_NOMINA.EMPLEADOHORAEXTRA,OBSERVACION,varchar(500),NO,,,
FBS_NOMINA.EMPLEADOHORAEXTRA,COMENTARIO,varchar(500),NO,,,
FBS_NOMINA.EMPLEADOHORAEXTRA,CONCURRENCIA,timestamp(6),YES,,CURRENT_TIMESTAMP(6),DEFAULT_GENERATED on update CURRENT_TIMESTAMP(6)
FBS_NOMINA.EMPLEADOHORAEXTRAESTADOHIST,SECUENCIAL,int,NO,PRI,,auto_increment
FBS_NOMINA.EMPLEADOHORAEXTRAESTADOHIST,SECUENCIALEMPLEADOHORAEXTRA,int,NO,MUL,,
FBS_NOMINA.EMPLEADOHORAEXTRAESTADOHIST,CODIGOUSUARIO,varchar(25),NO,MUL,,
FBS_NOMINA.EMPLEADOHORAEXTRAESTADOHIST,CODIGOESTADO,char(1),NO,MUL,,
FBS_NOMINA.EMPLEADOHORAEXTRAESTADOHIST,FECHASISTEMA,datetime(3),NO,,,
FBS_NOMINA.EMPLEADOHORAEXTRAESTADOHIST,FECHAMAQUINA,datetime(3),NO,,,
FBS_NOMINA.EMPLEADOHORAEXTRAESTADOHIST,CONCURRENCIA,timestamp(6),YES,,CURRENT_TIMESTAMP(6),DEFAULT_GENERATED on update CURRENT_TIMESTAMP(6)
FBS_NOMINA.EMPLEADOHORARIO,SECUENCIAL,int,NO,PRI,,auto_increment
FBS_NOMINA.EMPLEADOHORARIO,SECUENCIALEMPLEADO,int,NO,MUL,,
FBS_NOMINA.EMPLEADOHORARIO,SECUENCIALHORARIO,int,NO,MUL,,
FBS_NOMINA.EMPLEADOHORARIO,ESTAACTIVO,tinyint unsigned,NO,,,
FBS_NOMINA.EMPLEADOHORARIO,CONCURRENCIA,timestamp(6),YES,,CURRENT_TIMESTAMP(6),DEFAULT_GENERATED on update CURRENT_TIMESTAMP(6)
FBS_NOMINA.EMPLEADOHORARIOTEMPORAL,SECUENCIAL,int,NO,PRI,,auto_increment
FBS_NOMINA.EMPLEADOHORARIOTEMPORAL,SECUENCIALEMPLEADO,int,NO,MUL,,
FBS_NOMINA.EMPLEADOHORARIOTEMPORAL,SECUENCIALHORARIO,int,NO,MUL,,
FBS_NOMINA.EMPLEADOHORARIOTEMPORAL,FECHAINICIO,datetime(3),NO,,,
FBS_NOMINA.EMPLEADOHORARIOTEMPORAL,FECHAFIN,datetime(3),NO,,,
FBS_NOMINA.EMPLEADOHORARIOTEMPORAL,ESTAACTIVO,tinyint unsigned,NO,,,
FBS_NOMINA.EMPLEADOHORARIOTEMPORAL,CONCURRENCIA,timestamp(6),YES,,CURRENT_TIMESTAMP(6),DEFAULT_GENERATED on update CURRENT_TIMESTAMP(6)
FBS_NOMINA.EMPLEADOITEMDOCUMENTO,SECUENCIAL,int,NO,PRI,,auto_increment
FBS_NOMINA.EMPLEADOITEMDOCUMENTO,SECUENCIALEMPLEADO,int,NO,MUL,,
FBS_NOMINA.EMPLEADOITEMDOCUMENTO,CODIGOTIPOITEMDOCUMENTO,varchar(7),NO,MUL,,
FBS_NOMINA.EMPLEADOITEMDOCUMENTO,RECIBIDO,tinyint unsigned,NO,,,
FBS_NOMINA.EMPLEADOITEMDOCUMENTO,FECHAENTREGA,datetime(3),NO,,,
FBS_NOMINA.EMPLEADOITEMDOCUMENTO,OBSERVACION,varchar(200),NO,,,
FBS_NOMINA.EMPLEADOITEMDOCUMENTO,NOMBREARCHIVO,longtext,NO,,,
FBS_NOMINA.EMPLEADOITEMDOCUMENTO,ESTAACTIVO,tinyint unsigned,NO,,,
FBS_NOMINA.EMPLEADOITEMDOCUMENTO,CONCURRENCIA,timestamp(6),YES,,CURRENT_TIMESTAMP(6),DEFAULT_GENERATED on update CURRENT_TIMESTAMP(6)
FBS_NOMINA.EMPLEADOITEMDOTACION,SECUENCIAL,int,NO,PRI,,auto_increment
FBS_NOMINA.EMPLEADOITEMDOTACION,SECUENCIALEMPLEADO,int,NO,MUL,,
FBS_NOMINA.EMPLEADOITEMDOTACION,CODIGOTIPOITEMDOTACION,varchar(7),NO,MUL,,
FBS_NOMINA.EMPLEADOITEMDOTACION,RECIBIDO,tinyint unsigned,NO,,,
FBS_NOMINA.EMPLEADOITEMDOTACION,FECHAENTREGA,datetime(3),NO,,,
FBS_NOMINA.EMPLEADOITEMDOTACION,OBSERVACION,varchar(200),NO,,,
FBS_NOMINA.EMPLEADOITEMDOTACION,ESTAACTIVO,tinyint unsigned,NO,,,
FBS_NOMINA.EMPLEADOITEMDOTACION,CONCURRENCIA,timestamp(6),YES,,CURRENT_TIMESTAMP(6),DEFAULT_GENERATED on update CURRENT_TIMESTAMP(6)
FBS_NOMINA.EMPLEADOJEFATURA,SECUENCIAL,int,NO,PRI,,auto_increment
FBS_NOMINA.EMPLEADOJEFATURA,SECUENCIALEMPLEADO,int,NO,MUL,,
FBS_NOMINA.EMPLEADOJEFATURA,SECUENCIALEMPLEADOJEFEINMEDIATO,int,NO,MUL,,
FBS_NOMINA.EMPLEADOJEFATURA,ESTAACTIVO,tinyint unsigned,NO,,,
FBS_NOMINA.EMPLEADOJEFATURA,CONCURRENCIA,timestamp(6),YES,,CURRENT_TIMESTAMP(6),DEFAULT_GENERATED on update CURRENT_TIMESTAMP(6)
FBS_NOMINA.EMPLEADOOFICINAPRORRATEO,SECUENCIAL,int,NO,PRI,,auto_increment
FBS_NOMINA.EMPLEADOOFICINAPRORRATEO,SECUENCIALEMPLEADO,int,NO,MUL,,
FBS_NOMINA.EMPLEADOOFICINAPRORRATEO,SECUENCIALOFICINA,int,NO,MUL,,
FBS_NOMINA.EMPLEADOOFICINAPRORRATEO,PORCENTAJEPARTICIPACION,"decimal(18,2)",NO,,,
FBS_NOMINA.EMPLEADOOFICINAPRORRATEO,ESTAACTIVA,tinyint unsigned,NO,,,
FBS_NOMINA.EMPLEADOOFICINAPRORRATEO,CONCURRENCIA,timestamp(6),YES,,CURRENT_TIMESTAMP(6),DEFAULT_GENERATED on update CURRENT_TIMESTAMP(6)
FBS_NOMINA.EMPLEADOPRESTAMOVALORCUOTA,SECUENCIAL,int,NO,PRI,,auto_increment
FBS_NOMINA.EMPLEADOPRESTAMOVALORCUOTA,SECUENCIALEMPLEADO,int,NO,MUL,,
FBS_NOMINA.EMPLEADOPRESTAMOVALORCUOTA,SECUENCIALPRESTAMO,int,NO,MUL,,
FBS_NOMINA.EMPLEADOPRESTAMOVALORCUOTA,VALORCUOTA,"decimal(18,2)",NO,,,
FBS_NOMINA.EMPLEADOPRESTAMOVALORCUOTA,CONCURRENCIA,timestamp(6),YES,,CURRENT_TIMESTAMP(6),DEFAULT_GENERATED on update CURRENT_TIMESTAMP(6)
FBS_NOMINA.EMPLEADOPROVISION,SECUENCIAL,int,NO,PRI,,auto_increment
FBS_NOMINA.EMPLEADOPROVISION,SECUENCIALEMPLEADOROLDECOMPONENTENOMINA,int,NO,,,
FBS_NOMINA.EMPLEADOPROVISION,PAGADO,tinyint unsigned,NO,,,
FBS_NOMINA.EMPLEADOPROVISION,CONCURRENCIA,timestamp(6),YES,,CURRENT_TIMESTAMP(6),DEFAULT_GENERATED on update CURRENT_TIMESTAMP(6)
FBS_NOMINA.EMPLEADOROLDEPAGOBONIFCALDIR,SECUENCIAL,int,NO,PRI,,auto_increment
FBS_NOMINA.EMPLEADOROLDEPAGOBONIFCALDIR,SECUENCIALEMPLEADO,int,NO,MUL,,
FBS_NOMINA.EMPLEADOROLDEPAGOBONIFCALDIR,SECUENCIALROLDEPAGO,int,NO,MUL,,
FBS_NOMINA.EMPLEADOROLDEPAGOBONIFCALDIR,VALOR,"decimal(18,2)",NO,,,
FBS_NOMINA.EMPLEADOROLDEPAGOBONIFCALDIR,CONCURRENCIA,timestamp(6),YES,,CURRENT_TIMESTAMP(6),DEFAULT_GENERATED on update CURRENT_TIMESTAMP(6)
FBS_NOMINA.EMPLEADOROLDEPAGOCOMP_NOM,SECUENCIAL,int,NO,PRI,,auto_increment
FBS_NOMINA.EMPLEADOROLDEPAGOCOMP_NOM,SECUENCIALEMPLEADO,int,NO,MUL,,
FBS_NOMINA.EMPLEADOROLDEPAGOCOMP_NOM,SECUENCIALROLPAGOCOMPNOM,int,NO,MUL,,
FBS_NOMINA.EMPLEADOROLDEPAGOCOMP_NOM,VALOR,"decimal(18,2)",NO,,,
FBS_NOMINA.EMPLEADOROLDEPAGOCOMP_NOM,CONCURRENCIA,timestamp(6),YES,,CURRENT_TIMESTAMP(6),DEFAULT_GENERATED on update CURRENT_TIMESTAMP(6)
FBS_NOMINA.EMPLEADOROLDEPAGOSITUACION,SECUENCIAL,int,NO,PRI,,auto_increment
FBS_NOMINA.EMPLEADOROLDEPAGOSITUACION,SECUENCIALEMPLEADO,int,NO,MUL,,
FBS_NOMINA.EMPLEADOROLDEPAGOSITUACION,SECUENCIALROLDEPAGO,int,NO,MUL,,
FBS_NOMINA.EMPLEADOROLDEPAGOSITUACION,SECUENCIALCONTRATO,int,NO,MUL,,
FBS_NOMINA.EMPLEADOROLDEPAGOSITUACION,SECUENCIALOFICINA,int,NO,MUL,,
FBS_NOMINA.EMPLEADOROLDEPAGOSITUACION,SECUENCIALDEPARTAMENTO,int,NO,MUL,,
FBS_NOMINA.EMPLEADOROLDEPAGOSITUACION,SECUENCIALCARGO,int,NO,MUL,,
FBS_NOMINA.EMPLEADOROLDEPAGOSITUACION,SUELDO,"decimal(18,2)",NO,,,
FBS_NOMINA.EMPLEADOROLDEPAGOSITUACION,CONCURRENCIA,timestamp(6),YES,,CURRENT_TIMESTAMP(6),DEFAULT_GENERATED on update CURRENT_TIMESTAMP(6)
FBS_NOMINA.EMPLEADOVACACION,SECUENCIAL,int,NO,PRI,,auto_increment
FBS_NOMINA.EMPLEADOVACACION,SECUENCIALEMPLEADO,int,NO,MUL,,
FBS_NOMINA.EMPLEADOVACACION,CODIGOESTADO,char(2),NO,MUL,,
FBS_NOMINA.EMPLEADOVACACION,FECHAINICIOPERIODO,datetime(3),NO,,,
FBS_NOMINA.EMPLEADOVACACION,FECHAFINPERIODO,datetime(3),NO,,,
FBS_NOMINA.EMPLEADOVACACION,MAXIMODIASCALCULO,"decimal(11,0)",NO,,,
FBS_NOMINA.EMPLEADOVACACION,DIASCALCULADOS,"decimal(18,2)",NO,,,
FBS_NOMINA.EMPLEADOVACACION,DIASGOZADOS,"decimal(18,2)",NO,,,
FBS_NOMINA.EMPLEADOVACACION,CONCURRENCIA,timestamp(6),NO,,CURRENT_TIMESTAMP(6),DEFAULT_GENERATED on update CURRENT_TIMESTAMP(6)
FBS_NOMINA.EMPLEADOVACACIONESTADOHIST,SECUENCIAL,int,NO,PRI,,auto_increment
FBS_NOMINA.EMPLEADOVACACIONESTADOHIST,SECUENCIALEMPLEADOVACACION,int,NO,MUL,,
FBS_NOMINA.EMPLEADOVACACIONESTADOHIST,CODIGOUSUARIO,varchar(25),NO,MUL,,
FBS_NOMINA.EMPLEADOVACACIONESTADOHIST,CODIGOESTADO,char(2),NO,MUL,,
FBS_NOMINA.EMPLEADOVACACIONESTADOHIST,FECHASISTEMA,datetime(3),NO,,,
FBS_NOMINA.EMPLEADOVACACIONESTADOHIST,FECHAMAQUINA,datetime(3),NO,,,
FBS_NOMINA.EMPLEADOVACACIONESTADOHIST,CONCURRENCIA,timestamp(6),YES,,CURRENT_TIMESTAMP(6),DEFAULT_GENERATED on update CURRENT_TIMESTAMP(6)
FBS_NOMINA.EMPLEADOVACACIONESTADOHIST,COMENTARIO,varchar(500),NO,,,
FBS_NOMINA.EMPLEADOVALORACREDITACION,SECUENCIAL,int,NO,PRI,,auto_increment
FBS_NOMINA.EMPLEADOVALORACREDITACION,SECUENCIALEMPLEADO,int,NO,MUL,,
FBS_NOMINA.EMPLEADOVALORACREDITACION,SECUENCIALCUENTAACREDITA,int,NO,MUL,,
FBS_NOMINA.EMPLEADOVALORACREDITACION,SECUENCIALROLDEPAGO,int,NO,MUL,,
FBS_NOMINA.EMPLEADOVALORACREDITACION,SECUENCIALCAUSAL,int,NO,MUL,,
FBS_NOMINA.EMPLEADOVALORACREDITACION,VALORACREDITAR,"decimal(18,2)",NO,,,
FBS_NOMINA.EMPLEADOVALORACREDITACION,FECHASISTEMA,datetime(3),NO,,,
FBS_NOMINA.EMPLEADOVALORACREDITACION,FECHAMAQUINA,datetime(3),NO,,,
FBS_NOMINA.EMPLEADOVALORACREDITACION,ESTAACREDITADO,tinyint,NO,,,
FBS_NOMINA.EMPLEADOVALORACREDITACION,CONCURRENCIA,timestamp(6),YES,,CURRENT_TIMESTAMP(6),DEFAULT_GENERATED on update CURRENT_TIMESTAMP(6)
FBS_NOMINA.EMPLEADOVALORCHEQUE,SECUENCIAL,int,NO,PRI,,auto_increment
FBS_NOMINA.EMPLEADOVALORCHEQUE,SECUENCIALEMPLEADO,int,NO,MUL,,
FBS_NOMINA.EMPLEADOVALORCHEQUE,SECUENCIALCUENTACONTABLE,int,YES,MUL,,
FBS_NOMINA.EMPLEADOVALORCHEQUE,SECUENCIALROLDEPAGO,int,NO,MUL,,
FBS_NOMINA.EMPLEADOVALORCHEQUE,SECUENCIALCAUSAL,int,NO,MUL,,
FBS_NOMINA.EMPLEADOVALORCHEQUE,VALORCHEQUE,"decimal(18,2)",NO,,,
FBS_NOMINA.EMPLEADOVALORCHEQUE,FECHASISTEMA,datetime(3),NO,,,
FBS_NOMINA.EMPLEADOVALORCHEQUE,FECHAMAQUINA,datetime(3),NO,,,
FBS_NOMINA.EMPLEADOVALORCHEQUE,CONCURRENCIA,timestamp(6),YES,,CURRENT_TIMESTAMP(6),DEFAULT_GENERATED on update CURRENT_TIMESTAMP(6)
FBS_NOMINA.EMPLEADO_CARGO,SECUENCIALEMPLEADO,int,NO,PRI,,
FBS_NOMINA.EMPLEADO_CARGO,SECUENCIALCARGO,int,NO,MUL,,
FBS_NOMINA.EMPLEADO_CARGO,CONCURRENCIA,timestamp(6),YES,,CURRENT_TIMESTAMP(6),DEFAULT_GENERATED on update CURRENT_TIMESTAMP(6)
FBS_NOMINA.EMPLEADO_CARGOHISTORICO,FECHAHISTORICO,datetime,YES,,,
FBS_NOMINA.EMPLEADO_CARGOHISTORICO,SECUENCIALEMPLEADO,int,YES,,,
FBS_NOMINA.EMPLEADO_CARGOHISTORICO,SECUENCIALCARGO,int,YES,,,
FBS_NOMINA.EMPLEADO_CLIENTE,SECUENCIALEMPLEADO,int,NO,PRI,,
FBS_NOMINA.EMPLEADO_CLIENTE,SECUENCIALCLIENTE,int,NO,MUL,,
FBS_NOMINA.EMPLEADO_CLIENTE,CONCURRENCIA,timestamp(6),YES,,CURRENT_TIMESTAMP(6),DEFAULT_GENERATED on update CURRENT_TIMESTAMP(6)
FBS_NOMINA.EMPLEADO_COMPLEMENTO,SECUENCIALEMPLEADO,int,NO,PRI,,
FBS_NOMINA.EMPLEADO_COMPLEMENTO,SECUENCIALOFICINA,int,NO,MUL,,
FBS_NOMINA.EMPLEADO_COMPLEMENTO,SECUENCIALDEPARTAMENTO,int,NO,MUL,,
FBS_NOMINA.EMPLEADO_COMPLEMENTO,CODIGOTIPODISCAPACIDAD,varchar(20),NO,MUL,,
FBS_NOMINA.EMPLEADO_COMPLEMENTO,CODIGOAFP,char(2),NO,MUL,,
FBS_NOMINA.EMPLEADO_COMPLEMENTO,CODIGOSFS,char(2),NO,MUL,,
FBS_NOMINA.EMPLEADO_COMPLEMENTO,NUMEROSEGURIDADSOCIAL,varchar(15),NO,,,
FBS_NOMINA.EMPLEADO_COMPLEMENTO,FECHAAFILIACIONAFP,datetime(3),NO,,,
FBS_NOMINA.EMPLEADO_COMPLEMENTO,FECHAAFILIACIONSFS,datetime(3),NO,,,
FBS_NOMINA.EMPLEADO_COMPLEMENTO,TIENEDISCAPACIDAD,tinyint unsigned,NO,,,
FBS_NOMINA.EMPLEADO_COMPLEMENTO,PORCENTAJEDISCAPACIDAD,"decimal(18,2)",NO,,,
FBS_NOMINA.EMPLEADO_COMPLEMENTO,DISCAPACIDAD,varchar(100),NO,,,
FBS_NOMINA.EMPLEADO_COMPLEMENTO,TIENECOMPENSACIONVEHICULAR,tinyint unsigned,NO,,,
FBS_NOMINA.EMPLEADO_COMPLEMENTO,CONCURRENCIA,timestamp(6),YES,,CURRENT_TIMESTAMP(6),DEFAULT_GENERATED on update CURRENT_TIMESTAMP(6)
FBS_NOMINA.EMPLEADO_COMPLEMENTO_USUARIO,SECUENCIALEMPLEADOCOMPLEMENTO,int,NO,PRI,,
FBS_NOMINA.EMPLEADO_COMPLEMENTO_USUARIO,CODIGOUSUARIO,varchar(25),NO,MUL,,
FBS_NOMINA.EMPLEADO_COMPLEMENTO_USUARIO,ESTAACTIVO,tinyint unsigned,NO,,,
FBS_NOMINA.EMPLEADO_COMPLEMENTO_USUARIO,CONCURRENCIA,timestamp(6),YES,,CURRENT_TIMESTAMP(6),DEFAULT_GENERATED on update CURRENT_TIMESTAMP(6)
FBS_NOMINA.EMPLEADO_CUENTAACREDITACION,SECUENCIALEMPLEADO,int,NO,PRI,,
FBS_NOMINA.EMPLEADO_CUENTAACREDITACION,SECUENCIALCUENTAMAESTRO,int,NO,MUL,,
FBS_NOMINA.EMPLEADO_CUENTAACREDITACION,ESTAACTIVO,tinyint unsigned,NO,,,
FBS_NOMINA.EMPLEADO_CUENTAACREDITACION,CONCURRENCIA,timestamp(6),YES,,CURRENT_TIMESTAMP(6),DEFAULT_GENERATED on update CURRENT_TIMESTAMP(6)
FBS_NOMINA.EMPLEADO_DATOSADICIONALES,SECUENCIALEMPLEADO,int,NO,PRI,,
FBS_NOMINA.EMPLEADO_DATOSADICIONALES,INVERSIONES,varchar(500),NO,,,
FBS_NOMINA.EMPLEADO_DATOSADICIONALES,VALORINVERSIONES,"decimal(18,2)",NO,,,
FBS_NOMINA.EMPLEADO_DATOSADICIONALES,CASAPROPIA,varchar(500),NO,,,
FBS_NOMINA.EMPLEADO_DATOSADICIONALES,VALORCASA,"decimal(18,2)",NO,,,
FBS_NOMINA.EMPLEADO_DATOSADICIONALES,VEHICULOS,varchar(500),NO,,,
FBS_NOMINA.EMPLEADO_DATOSADICIONALES,VALORVEHICULOS,"decimal(18,2)",NO,,,
FBS_NOMINA.EMPLEADO_DATOSADICIONALES,INGRESOSADICIONALES,varchar(500),NO,,,
FBS_NOMINA.EMPLEADO_DATOSADICIONALES,COMPENSACIONVEHICULAR,"decimal(18,2)",NO,,,
FBS_NOMINA.EMPLEADO_DATOSADICIONALES,ESTAACTIVO,tinyint unsigned,NO,,,
FBS_NOMINA.EMPLEADO_DATOSADICIONALES,CONCURRENCIA,timestamp(6),YES,,CURRENT_TIMESTAMP(6),DEFAULT_GENERATED on update CURRENT_TIMESTAMP(6)
FBS_NOMINA.EMPLEADO_INFORMACIONASPIRANTE,SECUENCIALEMPLEADO,int,NO,PRI,,
FBS_NOMINA.EMPLEADO_INFORMACIONASPIRANTE,SECUENCIALDEPARTAMENTO,int,NO,MUL,,
FBS_NOMINA.EMPLEADO_INFORMACIONASPIRANTE,ASPIRACIONSALARIAL,"decimal(18,2)",NO,,,
FBS_NOMINA.EMPLEADO_INFORMACIONASPIRANTE,MESESEXPERIENCIA,int,NO,,,
FBS_NOMINA.EMPLEADO_INFORMACIONASPIRANTE,OBSERVACIONES,varchar(500),NO,,,
FBS_NOMINA.EMPLEADO_INFORMACIONASPIRANTE,ESTAACTIVO,tinyint unsigned,NO,,,
FBS_NOMINA.EMPLEADO_INFORMACIONASPIRANTE,CALIFICACIONBURO,"decimal(18,2)",NO,,0.00,
FBS_NOMINA.EMPLEADO_INFORMACIONASPIRANTE,CONCURRENCIA,timestamp(6),YES,,CURRENT_TIMESTAMP(6),DEFAULT_GENERATED on update CURRENT_TIMESTAMP(6)
FBS_NOMINA.EMPLEADO_SUELDOACTUAL,SECUENCIALEMPLEADO,int,NO,PRI,,
FBS_NOMINA.EMPLEADO_SUELDOACTUAL,SUELDOACTUAL,"decimal(18,2)",NO,,,
FBS_NOMINA.EMPLEADO_SUELDOACTUAL,CONCURRENCIA,timestamp(6),YES,,CURRENT_TIMESTAMP(6),DEFAULT_GENERATED on update CURRENT_TIMESTAMP(6)
FBS_NOMINA.EMPRESA_PARAMETRONOMIMABENSOC,SECUENCIALEMPRESA,int,NO,PRI,,
FBS_NOMINA.EMPRESA_PARAMETRONOMIMABENSOC,TOPEAFP,"decimal(18,2)",NO,,,
FBS_NOMINA.EMPRESA_PARAMETRONOMIMABENSOC,TOPESFS,"decimal(18,2)",NO,,,
FBS_NOMINA.EMPRESA_PARAMETRONOMIMABENSOC,TOPESRL,"decimal(18,2)",NO,,,
FBS_NOMINA.EMPRESA_PARAMETRONOMIMABENSOC,VALORDEPENDIENTESDESFS,"decimal(18,2)",NO,,,
FBS_NOMINA.EMPRESA_PARAMETRONOMIMABENSOC,CONCURRENCIA,timestamp(6),YES,,CURRENT_TIMESTAMP(6),DEFAULT_GENERATED on update CURRENT_TIMESTAMP(6)
FBS_NOMINA.EMPRESA_PARAMETRONOMINA,SECUENCIALEMPRESA,int,NO,PRI,,
FBS_NOMINA.EMPRESA_PARAMETRONOMINA,DIACORTEREGISTRONOVEDADES,int,NO,,,
FBS_NOMINA.EMPRESA_PARAMETRONOMINA,SALARIOMININO,"decimal(18,2)",NO,,,
FBS_NOMINA.EMPRESA_PARAMETRONOMINA,VALIDAFECHAINGRESONOVEDADES,tinyint unsigned,NO,,,
FBS_NOMINA.EMPRESA_PARAMETRONOMINA,CONCURRENCIA,timestamp(6),YES,,CURRENT_TIMESTAMP(6),DEFAULT_GENERATED on update CURRENT_TIMESTAMP(6)
FBS_NOMINA.EMPRESA_PARAMETRONOMINA,NUMEROANTICIPOSALAVEZ,int,NO,,1,
FBS_NOMINA.EMPRESA_PARAMETRONOMINA,VALIDARANGOSUELDOS,tinyint unsigned,NO,,,
FBS_NOMINA.EMPRESA_PARAMETRONOMINA,CONTROLAESCALASALARIAL,tinyint,YES,,,
FBS_NOMINA.EMPRESA_PARAMETRONOMINAACTUAL,SECUENCIALEMPRESA,int,NO,PRI,,
FBS_NOMINA.EMPRESA_PARAMETRONOMINAACTUAL,FECHAINICIOACTUALIZACION,datetime(3),NO,,,
FBS_NOMINA.EMPRESA_PARAMETRONOMINAACTUAL,FECHAFINACTUALIZACION,datetime(3),NO,,,
FBS_NOMINA.EMPRESA_PARAMETRONOMINAACTUAL,CONCURRENCIA,timestamp(6),YES,,CURRENT_TIMESTAMP(6),DEFAULT_GENERATED on update CURRENT_TIMESTAMP(6)
FBS_NOMINA.EMPRESA_PARAMETRONOMINAANT,SECUENCIALEMPRESA,int,NO,PRI,,
FBS_NOMINA.EMPRESA_PARAMETRONOMINAANT,MESESTRABAJOMINIMOSOLICITANT,int,NO,,,
FBS_NOMINA.EMPRESA_PARAMETRONOMINAANT,MAXIMOMESESDIFERIRANTICIPO,int,NO,,,
FBS_NOMINA.EMPRESA_PARAMETRONOMINAANT,DIASMINOSOLICITUDANTSUELDO,int,NO,,,
FBS_NOMINA.EMPRESA_PARAMETRONOMINAANT,PORCENTAJEMAXANTICIPOSUELDOS,"decimal(18,2)",NO,,,
FBS_NOMINA.EMPRESA_PARAMETRONOMINAANT,CUOTASMAXIMASPARAANTICIPO,int,NO,,,
FBS_NOMINA.EMPRESA_PARAMETRONOMINAANT,CONCURRENCIA,timestamp(6),YES,,CURRENT_TIMESTAMP(6),DEFAULT_GENERATED on update CURRENT_TIMESTAMP(6)
FBS_NOMINA.EMPRESA_PARAMETRONOMINAANT,NUMEROANTICIPOSALAVEZ,int,NO,,,
FBS_NOMINA.EMPRESA_PARAMETRONOMINACAUS,SECUENCIALEMPRESA,int,NO,PRI,,
FBS_NOMINA.EMPRESA_PARAMETRONOMINACAUS,SECUENCIALCAUSALGENERANOM,int,NO,MUL,,
FBS_NOMINA.EMPRESA_PARAMETRONOMINACAUS,SECUENCIALCAUSALABONOPRESTAMO,int,NO,MUL,,
FBS_NOMINA.EMPRESA_PARAMETRONOMINACAUS,SECUENCIALCAUSALAHORROCUENTA,int,NO,MUL,,
FBS_NOMINA.EMPRESA_PARAMETRONOMINACAUS,CONCURRENCIA,timestamp(6),YES,,CURRENT_TIMESTAMP(6),DEFAULT_GENERATED on update CURRENT_TIMESTAMP(6)
FBS_NOMINA.EMPRESA_PARAMETRONOMINAHORAEXT,SECUENCIALEMPRESA,int,NO,PRI,,
FBS_NOMINA.EMPRESA_PARAMETRONOMINAHORAEXT,DIASANULACIONHORASEXTRAS,int,NO,,,
FBS_NOMINA.EMPRESA_PARAMETRONOMINAHORAEXT,DIAINICIOHORAEXTRA,int,NO,,,
FBS_NOMINA.EMPRESA_PARAMETRONOMINAHORAEXT,DIAFINHORAEXTRA,int,NO,,,
FBS_NOMINA.EMPRESA_PARAMETRONOMINAHORAEXT,CONCURRENCIA,timestamp(6),YES,,CURRENT_TIMESTAMP(6),DEFAULT_GENERATED on update CURRENT_TIMESTAMP(6)
FBS_NOMINA.EMPRESA_PARAMETRONOMINAROLES,SECUENCIALEMPRESA,int,NO,PRI,,
FBS_NOMINA.EMPRESA_PARAMETRONOMINAROLES,CODIGOAPRUEBALIQEMPLEADO,varchar(20),NO,MUL,,
FBS_NOMINA.EMPRESA_PARAMETRONOMINAROLES,CODIGOGENERARROLDEPAGO,varchar(20),NO,MUL,,
FBS_NOMINA.EMPRESA_PARAMETRONOMINAROLES,CODIGOELIMINARROLDEPAGO,varchar(20),NO,MUL,,
FBS_NOMINA.EMPRESA_PARAMETRONOMINAROLES,CODIGOAPROBACIONROLDEPAGO,varchar(20),NO,MUL,,
FBS_NOMINA.EMPRESA_PARAMETRONOMINAROLES,CODIGOACREDITARROLDEPAGO,varchar(20),NO,MUL,,
FBS_NOMINA.EMPRESA_PARAMETRONOMINAROLES,CODIGOVISUALIZARENVIOCORREO,varchar(20),NO,MUL,,
FBS_NOMINA.EMPRESA_PARAMETRONOMINAROLES,CODIGOASISTENTERECURSOSHUMANOS,varchar(20),NO,MUL,,
FBS_NOMINA.EMPRESA_PARAMETRONOMINAROLES,CODIGOJEFERECURSOSHUMANOS,varchar(20),NO,MUL,,
FBS_NOMINA.EMPRESA_PARAMETRONOMINAROLES,CONCURRENCIA,timestamp(6),YES,,CURRENT_TIMESTAMP(6),DEFAULT_GENERATED on update CURRENT_TIMESTAMP(6)
FBS_NOMINA.EMPRESA_PARAMETRONOMINAVACA,SECUENCIALEMPRESA,int,NO,PRI,,
FBS_NOMINA.EMPRESA_PARAMETRONOMINAVACA,MESESVENCIMIENTOVACACIONES,int,NO,,,
FBS_NOMINA.EMPRESA_PARAMETRONOMINAVACA,MESESNOTIFVENCIMVACACIONES,int,NO,,,
FBS_NOMINA.EMPRESA_PARAMETRONOMINAVACA,CONCURRENCIA,timestamp(6),YES,,CURRENT_TIMESTAMP(6),DEFAULT_GENERATED on update CURRENT_TIMESTAMP(6)
FBS_NOMINA.EMPRESA_PARAMETRONOMINAVACA,DIASMAXIMOPAGAVACACIONES,int,YES,,,
FBS_NOMINA.EMPROLDEPAGOCOMPNOMDET_AUXCONT,SECEMPROLDEPAGOCOMPNOMDET,int,NO,PRI,,
FBS_NOMINA.EMPROLDEPAGOCOMPNOMDET_AUXCONT,SECUENCIALAUXILIARCONTABLE,int,NO,MUL,,
FBS_NOMINA.EMPROLDEPAGOCOMPNOMDET_AUXCONT,ESTAACTIVO,tinyint unsigned,NO,,,
FBS_NOMINA.EMPROLDEPAGOCOMPNOMDET_AUXCONT,CONCURRENCIA,timestamp(6),YES,,CURRENT_TIMESTAMP(6),DEFAULT_GENERATED on update CURRENT_TIMESTAMP(6)
FBS_NOMINA.EMPROLDEPAGOCOMPONENTENOMDET,SECUENCIAL,int,NO,PRI,,auto_increment
FBS_NOMINA.EMPROLDEPAGOCOMPONENTENOMDET,SECUENCIALEMPROLCOMPNOM,int,NO,MUL,,
FBS_NOMINA.EMPROLDEPAGOCOMPONENTENOMDET,SECUENCIALOFICINA,int,NO,MUL,,
FBS_NOMINA.EMPROLDEPAGOCOMPONENTENOMDET,SECUENCIALCUENTACONTABLE,int,NO,MUL,,
FBS_NOMINA.EMPROLDEPAGOCOMPONENTENOMDET,VALOR,"decimal(18,2)",NO,,,
FBS_NOMINA.EMPROLDEPAGOCOMPONENTENOMDET,CONCURRENCIA,timestamp(6),YES,,CURRENT_TIMESTAMP(6),DEFAULT_GENERATED on update CURRENT_TIMESTAMP(6)
FBS_NOMINA.EMPROLDEPAGOTIEMPOLABYNOLAB,SECUENCIAL,int,NO,PRI,,auto_increment
FBS_NOMINA.EMPROLDEPAGOTIEMPOLABYNOLAB,SECUENCIALEMPLEADO,int,NO,MUL,,
FBS_NOMINA.EMPROLDEPAGOTIEMPOLABYNOLAB,SECUENCIALROLDEPAGO,int,NO,MUL,,
FBS_NOMINA.EMPROLDEPAGOTIEMPOLABYNOLAB,DIAS,int,NO,,,
FBS_NOMINA.EMPROLDEPAGOTIEMPOLABYNOLAB,HORAS,int,NO,,,
FBS_NOMINA.EMPROLDEPAGOTIEMPOLABYNOLAB,MINUTOS,int,NO,,,
FBS_NOMINA.EMPROLDEPAGOTIEMPOLABYNOLAB,CODIGOTIPOAFECTACIONJORNADA,char(2),NO,,,
FBS_NOMINA.EMPROLDEPAGOTIEMPOLABYNOLAB,SUELDO,"decimal(18,2)",NO,,,
FBS_NOMINA.EMPROLDEPAGOTIEMPOLABYNOLAB,PORCENTAJEDESCUENTO,"decimal(18,2)",NO,,,
FBS_NOMINA.EMPROLDEPAGOTIEMPOLABYNOLAB,CONCURRENCIA,timestamp(6),YES,,CURRENT_TIMESTAMP(6),DEFAULT_GENERATED on update CURRENT_TIMESTAMP(6)
FBS_NOMINA.ESTADOACCIONPERSONAL,CODIGO,char(1),NO,PRI,,
FBS_NOMINA.ESTADOACCIONPERSONAL,NOMBRE,varchar(25),NO,,,
FBS_NOMINA.ESTADOACCIONPERSONAL,ESTAACTIVO,tinyint unsigned,NO,,,
FBS_NOMINA.ESTADOACCIONPERSONAL,CONCURRENCIA,timestamp(6),YES,,CURRENT_TIMESTAMP(6),DEFAULT_GENERATED on update CURRENT_TIMESTAMP(6)
FBS_NOMINA.ESTADOBAJAEMPLEADO,CODIGO,char(1),NO,PRI,,
FBS_NOMINA.ESTADOBAJAEMPLEADO,NOMBRE,varchar(25),NO,,,
FBS_NOMINA.ESTADOBAJAEMPLEADO,ESTAACTIVO,tinyint unsigned,NO,,,
FBS_NOMINA.ESTADOBAJAEMPLEADO,CONCURRENCIA,timestamp(6),YES,,CURRENT_TIMESTAMP(6),DEFAULT_GENERATED on update CURRENT_TIMESTAMP(6)
FBS_NOMINA.ESTADOCAMBIOCARGOENLOTE,CODIGO,char(1),NO,PRI,,
FBS_NOMINA.ESTADOCAMBIOCARGOENLOTE,NOMBRE,varchar(25),NO,,,
FBS_NOMINA.ESTADOCAMBIOCARGOENLOTE,ESTAACTIVO,tinyint,NO,,,
FBS_NOMINA.ESTADOCAMBIOCARGOENLOTE,CONCURRENCIA,timestamp(6),YES,,CURRENT_TIMESTAMP(6),DEFAULT_GENERATED on update CURRENT_TIMESTAMP(6)
FBS_NOMINA.ESTADOCAMBIOSUELDOENLOTE,CODIGO,char(1),NO,PRI,,
FBS_NOMINA.ESTADOCAMBIOSUELDOENLOTE,NOMBRE,varchar(25),NO,,,
FBS_NOMINA.ESTADOCAMBIOSUELDOENLOTE,ESTAACTIVO,tinyint unsigned,NO,,,
FBS_NOMINA.ESTADOCAMBIOSUELDOENLOTE,CONCURRENCIA,timestamp(6),YES,,CURRENT_TIMESTAMP(6),DEFAULT_GENERATED on update CURRENT_TIMESTAMP(6)
FBS_NOMINA.ESTADOCAPACITACION,CODIGO,char(1),NO,PRI,,
FBS_NOMINA.ESTADOCAPACITACION,NOMBRE,varchar(25),NO,,,
FBS_NOMINA.ESTADOCAPACITACION,ORDEN,int,NO,UNI,,
FBS_NOMINA.ESTADOCAPACITACION,PERMITEEDICION,tinyint unsigned,NO,,,
FBS_NOMINA.ESTADOCAPACITACION,ESDEINGRESO,tinyint unsigned,NO,,,
FBS_NOMINA.ESTADOCAPACITACION,ESCOTIZACION,tinyint unsigned,NO,,,
FBS_NOMINA.ESTADOCAPACITACION,ESAPROBACION,tinyint unsigned,NO,,,
FBS_NOMINA.ESTADOCAPACITACION,ESEJECUCION,tinyint unsigned,NO,,,
FBS_NOMINA.ESTADOCAPACITACION,ESEVALUACION,tinyint unsigned,NO,,,
FBS_NOMINA.ESTADOCAPACITACION,ESTAACTIVO,tinyint unsigned,NO,,,
FBS_NOMINA.ESTADOCAPACITACION,CONCURRENCIA,timestamp(6),YES,,CURRENT_TIMESTAMP(6),DEFAULT_GENERATED on update CURRENT_TIMESTAMP(6)
FBS_NOMINA.ESTADOCAPACITACIONRETORNO,SECUENCIAL,int,NO,PRI,,auto_increment
FBS_NOMINA.ESTADOCAPACITACIONRETORNO,CODIGOESTADO,char(1),NO,MUL,,
FBS_NOMINA.ESTADOCAPACITACIONRETORNO,CODIGOESTADORETORNA,char(1),NO,MUL,,
FBS_NOMINA.ESTADOCAPACITACIONRETORNO,ESTAACTIVO,tinyint unsigned,NO,,,
FBS_NOMINA.ESTADOCAPACITACIONRETORNO,CONCURRENCIA,timestamp(6),YES,,CURRENT_TIMESTAMP(6),DEFAULT_GENERATED on update CURRENT_TIMESTAMP(6)
FBS_NOMINA.ESTADOCONTRATO,CODIGO,char(1),NO,PRI,,
FBS_NOMINA.ESTADOCONTRATO,NOMBRE,varchar(25),NO,,,
FBS_NOMINA.ESTADOCONTRATO,ESTAACTIVO,tinyint unsigned,NO,,,
FBS_NOMINA.ESTADOCONTRATO,CONCURRENCIA,timestamp(6),YES,,CURRENT_TIMESTAMP(6),DEFAULT_GENERATED on update CURRENT_TIMESTAMP(6)
FBS_NOMINA.ESTADODESCUENTO,CODIGO,char(1),NO,PRI,,
FBS_NOMINA.ESTADODESCUENTO,NOMBRE,varchar(25),NO,,,
FBS_NOMINA.ESTADODESCUENTO,ESTAACTIVO,tinyint unsigned,NO,,,
FBS_NOMINA.ESTADODESCUENTO,CONCURRENCIA,timestamp(6),YES,,CURRENT_TIMESTAMP(6),DEFAULT_GENERATED on update CURRENT_TIMESTAMP(6)
FBS_NOMINA.ESTADOEMPLEADO,CODIGO,char(1),NO,PRI,,
FBS_NOMINA.ESTADOEMPLEADO,NOMBRE,varchar(25),NO,,,
FBS_NOMINA.ESTADOEMPLEADO,ESTAACTIVO,tinyint unsigned,NO,,,
FBS_NOMINA.ESTADOEMPLEADO,ESOPERATIVO,tinyint unsigned,NO,,,
FBS_NOMINA.ESTADOEMPLEADO,CONCURRENCIA,timestamp(6),YES,,CURRENT_TIMESTAMP(6),DEFAULT_GENERATED on update CURRENT_TIMESTAMP(6)
FBS_NOMINA.ESTADOEMPLEADOHORAEXTRA,CODIGO,char(1),NO,PRI,,
FBS_NOMINA.ESTADOEMPLEADOHORAEXTRA,NOMBRE,varchar(25),NO,,,
FBS_NOMINA.ESTADOEMPLEADOHORAEXTRA,ESTAACTIVO,tinyint unsigned,NO,,,
FBS_NOMINA.ESTADOEMPLEADOHORAEXTRA,CONCURRENCIA,timestamp(6),YES,,CURRENT_TIMESTAMP(6),DEFAULT_GENERATED on update CURRENT_TIMESTAMP(6)
FBS_NOMINA.ESTADOLLAMADOATENCION,CODIGO,char(1),NO,PRI,,
FBS_NOMINA.ESTADOLLAMADOATENCION,NOMBRE,varchar(25),NO,,,
FBS_NOMINA.ESTADOLLAMADOATENCION,ESTAACTIVO,tinyint unsigned,NO,,,
FBS_NOMINA.ESTADOLLAMADOATENCION,CONCURRENCIA,timestamp(6),YES,,CURRENT_TIMESTAMP(6),DEFAULT_GENERATED on update CURRENT_TIMESTAMP(6)
FBS_NOMINA.ESTADOROLDEPAGO,CODIGO,char(1),NO,PRI,,
FBS_NOMINA.ESTADOROLDEPAGO,NOMBRE,varchar(25),NO,,,
FBS_NOMINA.ESTADOROLDEPAGO,ESTAACTIVO,tinyint unsigned,NO,,,
FBS_NOMINA.ESTADOROLDEPAGO,CONCURRENCIA,timestamp(6),YES,,CURRENT_TIMESTAMP(6),DEFAULT_GENERATED on update CURRENT_TIMESTAMP(6)
FBS_NOMINA.ESTADOSOLICITUDANTICIPO,CODIGO,char(1),NO,PRI,,
FBS_NOMINA.ESTADOSOLICITUDANTICIPO,NOMBRE,varchar(25),NO,,,
FBS_NOMINA.ESTADOSOLICITUDANTICIPO,ESTAACTIVO,tinyint unsigned,NO,,,
FBS_NOMINA.ESTADOSOLICITUDANTICIPO,CONCURRENCIA,timestamp(6),YES,,CURRENT_TIMESTAMP(6),DEFAULT_GENERATED on update CURRENT_TIMESTAMP(6)
FBS_NOMINA.ESTADOSOLICITUDVACACION,CODIGO,char(1),NO,PRI,,
FBS_NOMINA.ESTADOSOLICITUDVACACION,NOMBRE,varchar(25),NO,,,
FBS_NOMINA.ESTADOSOLICITUDVACACION,ESTAACTIVO,tinyint unsigned,NO,,,
FBS_NOMINA.ESTADOSOLICITUDVACACION,CONCURRENCIA,timestamp(6),YES,,CURRENT_TIMESTAMP(6),DEFAULT_GENERATED on update CURRENT_TIMESTAMP(6)
FBS_NOMINA.ESTADOVACACION,CODIGO,char(2),NO,PRI,,
FBS_NOMINA.ESTADOVACACION,NOMBRE,varchar(50),NO,,,
FBS_NOMINA.ESTADOVACACION,ESTAACTIVO,tinyint unsigned,NO,,,
FBS_NOMINA.ESTADOVACACION,CONCURRENCIA,timestamp(6),YES,,CURRENT_TIMESTAMP(6),DEFAULT_GENERATED on update CURRENT_TIMESTAMP(6)
FBS_NOMINA.EVALUACIONBOOLEANA,SECUENCIAL,int,NO,PRI,,auto_increment
FBS_NOMINA.EVALUACIONBOOLEANA,SECUENCIALCAPACITACIONEMPLEADO,int,NO,MUL,,
FBS_NOMINA.EVALUACIONBOOLEANA,CODIGOCARACTERISTICA,varchar(10),NO,MUL,,
FBS_NOMINA.EVALUACIONBOOLEANA,VALOR,tinyint unsigned,NO,,,
FBS_NOMINA.EVALUACIONBOOLEANA,ESTAACTIVO,tinyint unsigned,NO,,,
FBS_NOMINA.EVALUACIONBOOLEANA,CONCURRENCIA,timestamp(6),YES,,CURRENT_TIMESTAMP(6),DEFAULT_GENERATED on update CURRENT_TIMESTAMP(6)
FBS_NOMINA.EVALUACIONFECHA,SECUENCIAL,int,NO,PRI,,auto_increment
FBS_NOMINA.EVALUACIONFECHA,SECUENCIALCAPACITACIONEMPLEADO,int,NO,MUL,,
FBS_NOMINA.EVALUACIONFECHA,CODIGOCARACTERISTICA,varchar(10),NO,MUL,,
FBS_NOMINA.EVALUACIONFECHA,VALOR,datetime(3),NO,,,
FBS_NOMINA.EVALUACIONFECHA,ESTAACTIVO,tinyint unsigned,NO,,,
FBS_NOMINA.EVALUACIONFECHA,CONCURRENCIA,timestamp(6),YES,,CURRENT_TIMESTAMP(6),DEFAULT_GENERATED on update CURRENT_TIMESTAMP(6)
FBS_NOMINA.EVALUACIONLISTA,SECUENCIAL,int,NO,PRI,,auto_increment
FBS_NOMINA.EVALUACIONLISTA,SECUENCIALCAPACITACIONEMPLEADO,int,NO,MUL,,
FBS_NOMINA.EVALUACIONLISTA,SECUENCIALCARACTERISTICALISTA,int,NO,MUL,,
FBS_NOMINA.EVALUACIONLISTA,ESTAACTIVO,tinyint unsigned,NO,,,
FBS_NOMINA.EVALUACIONLISTA,CONCURRENCIA,timestamp(6),YES,,CURRENT_TIMESTAMP(6),DEFAULT_GENERATED on update CURRENT_TIMESTAMP(6)
FBS_NOMINA.EVALUACIONNUMERICA,SECUENCIAL,int,NO,PRI,,auto_increment
FBS_NOMINA.EVALUACIONNUMERICA,SECUENCIALCAPACITACIONEMPLEADO,int,NO,MUL,,
FBS_NOMINA.EVALUACIONNUMERICA,CODIGOCARACTERISTICA,varchar(10),NO,MUL,,
FBS_NOMINA.EVALUACIONNUMERICA,VALORENTERO,int,NO,,,
FBS_NOMINA.EVALUACIONNUMERICA,VALORDECIMAL,int,NO,,,
FBS_NOMINA.EVALUACIONNUMERICA,ESTAACTIVO,tinyint unsigned,NO,,,
FBS_NOMINA.EVALUACIONNUMERICA,CONCURRENCIA,timestamp(6),YES,,CURRENT_TIMESTAMP(6),DEFAULT_GENERATED on update CURRENT_TIMESTAMP(6)
FBS_NOMINA.EVALUACIONTEXTO,SECUENCIAL,int,NO,PRI,,auto_increment
FBS_NOMINA.EVALUACIONTEXTO,SECUENCIALCAPACITACIONEMPLEADO,int,NO,MUL,,
FBS_NOMINA.EVALUACIONTEXTO,CODIGOCARACTERISTICA,varchar(10),NO,MUL,,
FBS_NOMINA.EVALUACIONTEXTO,VALOR,varchar(500),NO,,,
FBS_NOMINA.EVALUACIONTEXTO,ESTAACTIVO,tinyint unsigned,NO,,,
FBS_NOMINA.EVALUACIONTEXTO,CONCURRENCIA,timestamp(6),YES,,CURRENT_TIMESTAMP(6),DEFAULT_GENERATED on update CURRENT_TIMESTAMP(6)
FBS_NOMINA.EXPERIENCIA,SECUENCIAL,int,NO,PRI,,auto_increment
FBS_NOMINA.EXPERIENCIA,SECUENCIALEMPLEADO,int,NO,MUL,,
FBS_NOMINA.EXPERIENCIA,CODIGOMOTIVODESVINCULACION,varchar(20),NO,MUL,,
FBS_NOMINA.EXPERIENCIA,EMPRESA,varchar(200),NO,,,
FBS_NOMINA.EXPERIENCIA,CARGO,varchar(200),NO,,,
FBS_NOMINA.EXPERIENCIA,REVISADO,tinyint unsigned,NO,,0,
FBS_NOMINA.EXPERIENCIA,ESTAACTIVO,tinyint unsigned,NO,,,
FBS_NOMINA.EXPERIENCIA,CONCURRENCIA,timestamp(6),YES,,CURRENT_TIMESTAMP(6),DEFAULT_GENERATED on update CURRENT_TIMESTAMP(6)
FBS_NOMINA.EXPERIENCIA,TELEFONO,varchar(20),YES,,,
FBS_NOMINA.EXPERIENCIA,DIRECCION,varchar(500),YES,,,
FBS_NOMINA.EXPERIENCIA,SALARIOINICIAL,"decimal(18,2)",YES,,,
FBS_NOMINA.EXPERIENCIA,SALARIOFINAL,"decimal(18,2)",YES,,,
FBS_NOMINA.EXPERIENCIA,TRABAJODESDE,datetime(3),YES,,,
FBS_NOMINA.EXPERIENCIA,TRABAJOHASTA,datetime(3),YES,,,
FBS_NOMINA.EXPERIENCIA,JEFEINMEDIATO,varchar(200),YES,,,
FBS_NOMINA.EXPERIENCIADESCRIPCIONFUNCION,SECUENCIAL,int,NO,PRI,,auto_increment
FBS_NOMINA.EXPERIENCIADESCRIPCIONFUNCION,SECUENCIALEXPERIENCIA,int,NO,MUL,,
FBS_NOMINA.EXPERIENCIADESCRIPCIONFUNCION,FUNCION,varchar(500),NO,,,
FBS_NOMINA.EXPERIENCIADESCRIPCIONFUNCION,ESTAACTIVO,tinyint unsigned,NO,,,
FBS_NOMINA.EXPERIENCIADESCRIPCIONFUNCION,CONCURRENCIA,binary(8),NO,,,
FBS_NOMINA.EXPERIENCIAITEMDOCUMENTO,SECUENCIAL,int,NO,PRI,,auto_increment
FBS_NOMINA.EXPERIENCIAITEMDOCUMENTO,SECUENCIALEMPLEADOEXPERIENCIA,int,NO,MUL,,
FBS_NOMINA.EXPERIENCIAITEMDOCUMENTO,URL,varchar(250),NO,,,
FBS_NOMINA.EXPERIENCIAITEMDOCUMENTO,ESTAACTIVO,tinyint unsigned,NO,,,
FBS_NOMINA.EXPERIENCIAITEMDOCUMENTO,CONCURRENCIA,timestamp(6),YES,,CURRENT_TIMESTAMP(6),DEFAULT_GENERATED on update CURRENT_TIMESTAMP(6)
FBS_NOMINA.GRADOAMONESTACION,CODIGO,char(2),NO,PRI,,
FBS_NOMINA.GRADOAMONESTACION,NOMBRE,varchar(50),NO,,,
FBS_NOMINA.GRADOAMONESTACION,ESTAACTIVO,tinyint unsigned,NO,,,
FBS_NOMINA.GRADOAMONESTACION,CONCURRENCIA,timestamp(6),YES,,CURRENT_TIMESTAMP(6),DEFAULT_GENERATED on update CURRENT_TIMESTAMP(6)
FBS_NOMINA.HORARIO,SECUENCIAL,int,NO,PRI,,auto_increment
FBS_NOMINA.HORARIO,DESCRIPCION,varchar(100),NO,,,
FBS_NOMINA.HORARIO,ESTAACTIVO,tinyint unsigned,NO,,,
FBS_NOMINA.HORARIO,CONCURRENCIA,timestamp(6),YES,,CURRENT_TIMESTAMP(6),DEFAULT_GENERATED on update CURRENT_TIMESTAMP(6)
FBS_NOMINA.HORARIODIA,SECUENCIAL,int,NO,PRI,,auto_increment
FBS_NOMINA.HORARIODIA,SECUENCIALHORARIO,int,NO,MUL,,
FBS_NOMINA.HORARIODIA,DIA,varchar(20),NO,,,
FBS_NOMINA.HORARIODIA,HORAENTRADA,int,NO,,,
FBS_NOMINA.HORARIODIA,MINUTOENTRADA,int,NO,,,
FBS_NOMINA.HORARIODIA,HORASALIDA,int,NO,,,
FBS_NOMINA.HORARIODIA,MINUTOSALIDA,int,NO,,,
FBS_NOMINA.HORARIODIA,MINUTORECESO,int,NO,,,
FBS_NOMINA.HORARIODIA,HORAPERMITERECESO,int,NO,,,
FBS_NOMINA.HORARIODIA,MINUTOPERMITERECESO,int,NO,,,
FBS_NOMINA.HORARIODIA,HORACANCELARECESO,int,NO,,,
FBS_NOMINA.HORARIODIA,MINUTOCANCELARECESO,int,NO,,,
FBS_NOMINA.HORARIODIA,ESTAACTIVO,tinyint unsigned,NO,,,
FBS_NOMINA.HORARIODIA,CONCURRENCIA,timestamp(6),YES,,CURRENT_TIMESTAMP(6),DEFAULT_GENERATED on update CURRENT_TIMESTAMP(6)
FBS_NOMINA.HORARIOEXCEPCION,SECUENCIAL,int,NO,PRI,,auto_increment
FBS_NOMINA.HORARIOEXCEPCION,FECHA,datetime(3),NO,,,
FBS_NOMINA.HORARIOEXCEPCION,ESTAACTIVO,tinyint unsigned,NO,,,
FBS_NOMINA.HORARIOEXCEPCION,CONCURRENCIA,timestamp(6),YES,,CURRENT_TIMESTAMP(6),DEFAULT_GENERATED on update CURRENT_TIMESTAMP(6)
FBS_NOMINA.HORARIOEXCEPCIONOFICINADETALLE,SECUENCIAL,int,NO,PRI,,auto_increment
FBS_NOMINA.HORARIOEXCEPCIONOFICINADETALLE,SECUENCIALHORARIOEXCEPCION,int,NO,MUL,,
FBS_NOMINA.HORARIOEXCEPCIONOFICINADETALLE,SECUENCIALOFICINA,int,NO,MUL,,
FBS_NOMINA.HORARIOEXCEPCIONOFICINADETALLE,ESTODOELDIA,tinyint unsigned,NO,,,
FBS_NOMINA.HORARIOEXCEPCIONOFICINADETALLE,HORADESDE,int,NO,,,
FBS_NOMINA.HORARIOEXCEPCIONOFICINADETALLE,MINUTODESDE,int,NO,,,
FBS_NOMINA.HORARIOEXCEPCIONOFICINADETALLE,ESTAACTIVO,tinyint unsigned,NO,,,
FBS_NOMINA.HORARIOEXCEPCIONOFICINADETALLE,CONCURRENCIA,timestamp(6),YES,,CURRENT_TIMESTAMP(6),DEFAULT_GENERATED on update CURRENT_TIMESTAMP(6)
FBS_NOMINA.HORARIOEXCEPCION_GENERAL,SECUENCIALHORARIOEXCEPCION,int,NO,PRI,,
FBS_NOMINA.HORARIOEXCEPCION_GENERAL,ESTODOELDIA,tinyint unsigned,NO,,,
FBS_NOMINA.HORARIOEXCEPCION_GENERAL,HORADESDE,int,NO,,,
FBS_NOMINA.HORARIOEXCEPCION_GENERAL,MINUTODESDE,int,NO,,,
FBS_NOMINA.HORARIOEXCEPCION_GENERAL,ESTAACTIVO,tinyint unsigned,NO,,,
FBS_NOMINA.HORARIOEXCEPCION_GENERAL,CONCURRENCIA,timestamp(6),YES,,CURRENT_TIMESTAMP(6),DEFAULT_GENERATED on update CURRENT_TIMESTAMP(6)
FBS_NOMINA.INGRESOPROYECCION,SECUENCIAL,int,NO,PRI,,auto_increment
FBS_NOMINA.INGRESOPROYECCION,NOMBRE,varchar(100),NO,,,
FBS_NOMINA.INGRESOPROYECCION,MESPAGO,int,NO,,,
FBS_NOMINA.INGRESOPROYECCION,VALORPAGO,"decimal(18,2)",NO,,,
FBS_NOMINA.INGRESOPROYECCION,ESTAACTIVO,tinyint unsigned,NO,,,
FBS_NOMINA.INGRESOPROYECCION,CONCURRENCIA,timestamp(6),YES,,CURRENT_TIMESTAMP(6),DEFAULT_GENERATED on update CURRENT_TIMESTAMP(6)
FBS_NOMINA.INGRESOPROYECCION_METODO,SECUENCIALINGRESOPROYECCION,int,NO,PRI,,
FBS_NOMINA.INGRESOPROYECCION_METODO,METODO,varchar(80),NO,,,
FBS_NOMINA.INGRESOPROYECCION_METODO,ESTAACTIVO,tinyint unsigned,NO,,,
FBS_NOMINA.INGRESOPROYECCION_METODO,CONCURRENCIA,timestamp(6),YES,,CURRENT_TIMESTAMP(6),DEFAULT_GENERATED on update CURRENT_TIMESTAMP(6)
FBS_NOMINA.LLAMADOATENCION,SECUENCIAL,int,NO,PRI,,auto_increment
FBS_NOMINA.LLAMADOATENCION,SECUENCIALEMPLEADO,int,NO,MUL,,
FBS_NOMINA.LLAMADOATENCION,CODIGOTIPO,char(2),NO,MUL,,
FBS_NOMINA.LLAMADOATENCION,CODIGOESTADO,char(1),NO,MUL,,
FBS_NOMINA.LLAMADOATENCION,DETALLE,varchar(4000),NO,,,
FBS_NOMINA.LLAMADOATENCION,DESCRIPCIONCAUSAS,varchar(4000),NO,,,
FBS_NOMINA.LLAMADOATENCION,COMPROMISOEMPLEADO,varchar(4000),NO,,,
FBS_NOMINA.LLAMADOATENCION,FECHASISTEMA,datetime(3),NO,,,
FBS_NOMINA.LLAMADOATENCION,FECHAMAQUINA,datetime(3),NO,,,
FBS_NOMINA.LLAMADOATENCION,CONCURRENCIA,timestamp(6),YES,,CURRENT_TIMESTAMP(6),DEFAULT_GENERATED on update CURRENT_TIMESTAMP(6)
FBS_NOMINA.LLAMADOATENCIONESTADOHISTORICO,SECUENCIAL,int,NO,PRI,,auto_increment
FBS_NOMINA.LLAMADOATENCIONESTADOHISTORICO,SECUENCIALLLAMADOATENCION,int,NO,MUL,,
FBS_NOMINA.LLAMADOATENCIONESTADOHISTORICO,CODIGOUSUARIO,varchar(25),NO,MUL,,
FBS_NOMINA.LLAMADOATENCIONESTADOHISTORICO,CODIGOESTADO,char(1),NO,MUL,,
FBS_NOMINA.LLAMADOATENCIONESTADOHISTORICO,FECHASISTEMA,datetime(3),NO,,,
FBS_NOMINA.LLAMADOATENCIONESTADOHISTORICO,FECHAMAQUINA,datetime(3),NO,,,
FBS_NOMINA.LLAMADOATENCIONESTADOHISTORICO,CONCURRENCIA,timestamp(6),YES,,CURRENT_TIMESTAMP(6),DEFAULT_GENERATED on update CURRENT_TIMESTAMP(6)
FBS_NOMINA.MODALIDAD,CODIGO,varchar(10),NO,PRI,,
FBS_NOMINA.MODALIDAD,NOMBRE,varchar(50),NO,,,
FBS_NOMINA.MODALIDAD,ESTAACTIVO,tinyint unsigned,NO,,,
FBS_NOMINA.MODALIDAD,CONCURRENCIA,timestamp(6),YES,,CURRENT_TIMESTAMP(6),DEFAULT_GENERATED on update CURRENT_TIMESTAMP(6)
FBS_NOMINA.MOTIVOACCIONPERSONAL,SECUENCIAL,int,NO,PRI,,auto_increment
FBS_NOMINA.MOTIVOACCIONPERSONAL,CODIGO,char(2),NO,UNI,,
FBS_NOMINA.MOTIVOACCIONPERSONAL,DESCRIPCION,varchar(200),NO,,,
FBS_NOMINA.MOTIVOACCIONPERSONAL,NECESITASITUACIONACTUAL,tinyint unsigned,NO,,,
FBS_NOMINA.MOTIVOACCIONPERSONAL,NECESITAPROCESO,tinyint unsigned,NO,,,
FBS_NOMINA.MOTIVOACCIONPERSONAL,NECESITATIEMPO,tinyint unsigned,NO,,,
FBS_NOMINA.MOTIVOACCIONPERSONAL,TIENERANGOFECHA,tinyint unsigned,NO,,,
FBS_NOMINA.MOTIVOACCIONPERSONAL,PARACREDITOTSS,tinyint unsigned,NO,,,
FBS_NOMINA.MOTIVOACCIONPERSONAL,AFECTADESCUENTOSUELDO,tinyint unsigned,NO,,,
FBS_NOMINA.MOTIVOACCIONPERSONAL,AFECTADESENDIASNOTRABAJADOS,tinyint unsigned,NO,,,
FBS_NOMINA.MOTIVOACCIONPERSONAL,PERMITEINGRESOEMPLEADO,tinyint unsigned,NO,,,
FBS_NOMINA.MOTIVOACCIONPERSONAL,ESOPERATIVO,tinyint unsigned,NO,,,
FBS_NOMINA.MOTIVOACCIONPERSONAL,IMPRIMEACCIONPERSONAL,tinyint,YES,,,
FBS_NOMINA.MOTIVOACCIONPERSONAL,ESTAACTIVO,tinyint unsigned,NO,,,
FBS_NOMINA.MOTIVOACCIONPERSONAL,CONCURRENCIA,timestamp(6),YES,,CURRENT_TIMESTAMP(6),DEFAULT_GENERATED on update CURRENT_TIMESTAMP(6)
FBS_NOMINA.MOTIVOACCIONPERSONALROL,SECUENCIAL,int,NO,PRI,,auto_increment
FBS_NOMINA.MOTIVOACCIONPERSONALROL,SECUENCIALMOTIVO,int,NO,MUL,,
FBS_NOMINA.MOTIVOACCIONPERSONALROL,CODIGOROL,varchar(20),NO,MUL,,
FBS_NOMINA.MOTIVOACCIONPERSONALROL,ESTAACTIVO,tinyint unsigned,NO,,,
FBS_NOMINA.MOTIVOACCIONPERSONALROL,CONCURRENCIA,timestamp(6),YES,,CURRENT_TIMESTAMP(6),DEFAULT_GENERATED on update CURRENT_TIMESTAMP(6)
FBS_NOMINA.MOTIVOACCIONPERS_CONTROLMOTIVO,SECUENCIALMOTIVO,int,NO,PRI,,
FBS_NOMINA.MOTIVOACCIONPERS_CONTROLMOTIVO,ESACTIVAREMPLEADO,tinyint unsigned,NO,,,
FBS_NOMINA.MOTIVOACCIONPERS_CONTROLMOTIVO,ESINGRESOPERSONAL,tinyint unsigned,NO,,,
FBS_NOMINA.MOTIVOACCIONPERS_CONTROLMOTIVO,ESCAMBIODESUELDO,tinyint unsigned,NO,,,
FBS_NOMINA.MOTIVOACCIONPERS_CONTROLMOTIVO,ESACTIVACIONCONTRATO,tinyint unsigned,NO,,,
FBS_NOMINA.MOTIVOACCIONPERS_CONTROLMOTIVO,ESCAMBIODEOFICINA,tinyint unsigned,NO,,,
FBS_NOMINA.MOTIVOACCIONPERS_CONTROLMOTIVO,ESCAMBIODEDEPARTAMENTO,tinyint unsigned,NO,,,
FBS_NOMINA.MOTIVOACCIONPERS_CONTROLMOTIVO,ESCAMBIODEJEFEINMEDIATO,tinyint unsigned,NO,,,
FBS_NOMINA.MOTIVOACCIONPERS_CONTROLMOTIVO,ESCAMBIODEUSUARIO,tinyint unsigned,NO,,,
FBS_NOMINA.MOTIVOACCIONPERS_CONTROLMOTIVO,ESCAMBIOCARGO,tinyint unsigned,NO,,,
FBS_NOMINA.MOTIVOACCIONPERS_CONTROLMOTIVO,ESCAMBIOTIENEDISCAPACIDAD,tinyint unsigned,NO,,,
FBS_NOMINA.MOTIVOACCIONPERS_CONTROLMOTIVO,ESCAMBIOESTADOEMPLEADO,tinyint unsigned,NO,,,
FBS_NOMINA.MOTIVOACCIONPERS_CONTROLMOTIVO,ESCAMBIOAFP,tinyint unsigned,NO,,,
FBS_NOMINA.MOTIVOACCIONPERS_CONTROLMOTIVO,ESCAMBIOSFS,tinyint unsigned,NO,,,
FBS_NOMINA.MOTIVOACCIONPERS_CONTROLMOTIVO,ESCAMBIOTIENECOMPENSACIONVEHI,tinyint unsigned,NO,,,
FBS_NOMINA.MOTIVOACCIONPERS_CONTROLMOTIVO,ESCAMBIONSS,tinyint,YES,,,
FBS_NOMINA.MOTIVOACCIONPERS_CONTROLMOTIVO,ESCAMBIOJEFEENLOTE,tinyint,NO,,,
FBS_NOMINA.MOTIVOACCIONPERS_CONTROLMOTIVO,ESCAMBIOSUELDOENLOTE,tinyint,NO,,,
FBS_NOMINA.MOTIVOACCIONPERS_CONTROLMOTIVO,ESCAMBIOCARGOENLOTE,tinyint,NO,,0,
FBS_NOMINA.MOTIVOACCIONPERS_CONTROLMOTIVO,ESANULACIONEMPLEADO,tinyint,YES,,,
FBS_NOMINA.MOTIVOACCIONPERS_CONTROLMOTIVO,ESINCAPACIDAD,tinyint,YES,,,
FBS_NOMINA.MOTIVOACCIONPERS_CONTROLMOTIVO,ESINASISTENCIA,tinyint,YES,,,
FBS_NOMINA.MOTIVOACCIONPERS_CONTROLMOTIVO,ESLICENCIA,tinyint,YES,,,
FBS_NOMINA.MOTIVOACCIONPERS_CONTROLMOTIVO,ESPERMISO,tinyint,YES,,,
FBS_NOMINA.MOTIVOACCIONPERS_CONTROLMOTIVO,ESAUCENCIAINJUSTIFICADA,tinyint,YES,,,
FBS_NOMINA.MOTIVOACCIONPERS_CONTROLMOTIVO,ESTAACTIVO,tinyint unsigned,NO,,,
FBS_NOMINA.MOTIVOACCIONPERS_CONTROLMOTIVO,CONCURRENCIA,timestamp(6),YES,,CURRENT_TIMESTAMP(6),DEFAULT_GENERATED on update CURRENT_TIMESTAMP(6)
FBS_NOMINA.MOTIVOACCPERSPORCENTAJERANGO,SECUENCIAL,int,NO,PRI,,auto_increment
FBS_NOMINA.MOTIVOACCPERSPORCENTAJERANGO,SECUENCIALMOTIVOACCIONPERSONAL,int,NO,MUL,,
FBS_NOMINA.MOTIVOACCPERSPORCENTAJERANGO,DIASINICIO,int,NO,,,
FBS_NOMINA.MOTIVOACCPERSPORCENTAJERANGO,DIASFIN,int,NO,,,
FBS_NOMINA.MOTIVOACCPERSPORCENTAJERANGO,PORCENTAJEDESCUENTO,"decimal(18,2)",NO,,,
FBS_NOMINA.MOTIVOACCPERSPORCENTAJERANGO,ESTAACTIVO,tinyint unsigned,NO,,,
FBS_NOMINA.MOTIVOACCPERSPORCENTAJERANGO,CONCURRENCIA,timestamp(6),YES,,CURRENT_TIMESTAMP(6),DEFAULT_GENERATED on update CURRENT_TIMESTAMP(6)
FBS_NOMINA.MOTIVOANTICIPO,SECUENCIAL,int,NO,PRI,,auto_increment
FBS_NOMINA.MOTIVOANTICIPO,SECUENCIALCAUSAL,int,NO,MUL,,
FBS_NOMINA.MOTIVOANTICIPO,DESCRIPCION,varchar(50),NO,,,
FBS_NOMINA.MOTIVOANTICIPO,ESTAACTIVO,tinyint unsigned,NO,,,
FBS_NOMINA.MOTIVOANTICIPO,CONCURRENCIA,timestamp(6),YES,,CURRENT_TIMESTAMP(6),DEFAULT_GENERATED on update CURRENT_TIMESTAMP(6)
FBS_NOMINA.MOTIVOBAJAEMPLEADO,SECUENCIAL,int,NO,PRI,,auto_increment
FBS_NOMINA.MOTIVOBAJAEMPLEADO,DESCRIPCION,varchar(200),NO,,,
FBS_NOMINA.MOTIVOBAJAEMPLEADO,PAGAPRESTACIONES,tinyint unsigned,NO,,,
FBS_NOMINA.MOTIVOBAJAEMPLEADO,PAGADERECHOSADQUIRIDOS,tinyint unsigned,NO,,,
FBS_NOMINA.MOTIVOBAJAEMPLEADO,ESTAACTIVO,tinyint unsigned,NO,,,
FBS_NOMINA.MOTIVOBAJAEMPLEADO,CONCURRENCIA,timestamp(6),YES,,CURRENT_TIMESTAMP(6),DEFAULT_GENERATED on update CURRENT_TIMESTAMP(6)
FBS_NOMINA.MOTIVODESVINCULACION,CODIGO,varchar(20),NO,PRI,,
FBS_NOMINA.MOTIVODESVINCULACION,NOMBRE,varchar(50),NO,,,
FBS_NOMINA.MOTIVODESVINCULACION,ESTAACTIVO,tinyint unsigned,NO,,,
FBS_NOMINA.MOTIVODESVINCULACION,CONCURRENCIA,timestamp(6),YES,,CURRENT_TIMESTAMP(6),DEFAULT_GENERATED on update CURRENT_TIMESTAMP(6)
FBS_NOMINA.MOVIMIENTONOMCOMPNOM_AUXCONT,SECMOVIMIENTONOMCOMPNOM,int,NO,PRI,,
FBS_NOMINA.MOVIMIENTONOMCOMPNOM_AUXCONT,SECUENCIALAUXILIARCONTABLE,int,NO,MUL,,
FBS_NOMINA.MOVIMIENTONOMCOMPNOM_AUXCONT,CONCURRENCIA,timestamp(6),YES,,CURRENT_TIMESTAMP(6),DEFAULT_GENERATED on update CURRENT_TIMESTAMP(6)
FBS_NOMINA.MOVIMIENTONOMINACAUSAL,SECUENCIALROLDEPAGO,int,NO,PRI,,
FBS_NOMINA.MOVIMIENTONOMINACAUSAL,SECUENCIALCAUSAL,int,NO,MUL,,
FBS_NOMINA.MOVIMIENTONOMINACAUSAL,SECUENCIALOFICINA,int,NO,MUL,,
FBS_NOMINA.MOVIMIENTONOMINACAUSAL,SECUENCIALCUENTACONTABLE,int,NO,MUL,,
FBS_NOMINA.MOVIMIENTONOMINACAUSAL,DOCUMENTO,varchar(50),NO,,,
FBS_NOMINA.MOVIMIENTONOMINACAUSAL,VALOR,"decimal(18,2)",NO,,,
FBS_NOMINA.MOVIMIENTONOMINACAUSAL,CONCURRENCIA,timestamp(6),YES,,CURRENT_TIMESTAMP(6),DEFAULT_GENERATED on update CURRENT_TIMESTAMP(6)
FBS_NOMINA.MOVIMIENTONOMINACOMPONENTENOM,SECUENCIAL,int,NO,PRI,,auto_increment
FBS_NOMINA.MOVIMIENTONOMINACOMPONENTENOM,SECROLDEPAGOCOMPONENTENOM,int,NO,MUL,,
FBS_NOMINA.MOVIMIENTONOMINACOMPONENTENOM,SECUENCIALCUENTACONTABLE,int,NO,MUL,,
FBS_NOMINA.MOVIMIENTONOMINACOMPONENTENOM,SECUENCIALOFICINAORIGEN,int,NO,MUL,,
FBS_NOMINA.MOVIMIENTONOMINACOMPONENTENOM,SECUENCIALOFICINADESTINO,int,NO,MUL,,
FBS_NOMINA.MOVIMIENTONOMINACOMPONENTENOM,CODIGOUSUARIO,varchar(25),NO,MUL,,
FBS_NOMINA.MOVIMIENTONOMINACOMPONENTENOM,DOCUMENTO,varchar(50),NO,,,
FBS_NOMINA.MOVIMIENTONOMINACOMPONENTENOM,ESDEBITO,tinyint unsigned,NO,,,
FBS_NOMINA.MOVIMIENTONOMINACOMPONENTENOM,VALOR,"decimal(18,2)",NO,,,
FBS_NOMINA.MOVIMIENTONOMINACOMPONENTENOM,FECHASISTEMA,datetime(3),NO,,,
FBS_NOMINA.MOVIMIENTONOMINACOMPONENTENOM,FECHAMAQUINA,datetime(3),NO,,,
FBS_NOMINA.MOVIMIENTONOMINACOMPONENTENOM,CONCURRENCIA,timestamp(6),YES,,CURRENT_TIMESTAMP(6),DEFAULT_GENERATED on update CURRENT_TIMESTAMP(6)
FBS_NOMINA.MOVIMIENTONOMINALIQCAUSAL,SECUENCIAL,int,NO,PRI,,auto_increment
FBS_NOMINA.MOVIMIENTONOMINALIQCAUSAL,SECUENCIALROLDEPAGO,int,NO,MUL,,
FBS_NOMINA.MOVIMIENTONOMINALIQCAUSAL,SECUENCIALCAUSAL,int,NO,MUL,,
FBS_NOMINA.MOVIMIENTONOMINALIQCAUSAL,SECUENCIALOFICINA,int,NO,MUL,,
FBS_NOMINA.MOVIMIENTONOMINALIQCAUSAL,SECUENCIALCUENTACONTABLE,int,NO,MUL,,
FBS_NOMINA.MOVIMIENTONOMINALIQCAUSAL,DOCUMENTO,varchar(50),NO,,,
FBS_NOMINA.MOVIMIENTONOMINALIQCAUSAL,VALOR,"decimal(18,2)",NO,,,
FBS_NOMINA.MOVIMIENTONOMINALIQCAUSAL,CONCURRENCIA,timestamp(6),YES,,CURRENT_TIMESTAMP(6),DEFAULT_GENERATED on update CURRENT_TIMESTAMP(6)
FBS_NOMINA.MOVIMIENTOROLDEPAGOCOMP_NOM,SECUENCIAL,int,NO,PRI,,auto_increment
FBS_NOMINA.MOVIMIENTOROLDEPAGOCOMP_NOM,SECUENCIALROLDEPAGOCOMPNOM,int,NO,MUL,,
FBS_NOMINA.MOVIMIENTOROLDEPAGOCOMP_NOM,SECUENCIALOFICINA,int,NO,MUL,,
FBS_NOMINA.MOVIMIENTOROLDEPAGOCOMP_NOM,SECUENCIALCUENTACONTABLE,int,NO,MUL,,
FBS_NOMINA.MOVIMIENTOROLDEPAGOCOMP_NOM,VALOR,"decimal(18,2)",NO,,,
FBS_NOMINA.MOVIMIENTOROLDEPAGOCOMP_NOM,CONCURRENCIA,timestamp(6),YES,,CURRENT_TIMESTAMP(6),DEFAULT_GENERATED on update CURRENT_TIMESTAMP(6)
FBS_NOMINA.MOVIMIENTOTRANSFERENCIAINTERNA,SECUENCIAL,int,NO,PRI,,auto_increment
FBS_NOMINA.MOVIMIENTOTRANSFERENCIAINTERNA,SECUENCIALCUENTACONTABLE,int,NO,MUL,,
FBS_NOMINA.MOVIMIENTOTRANSFERENCIAINTERNA,SECUENCIALOFICINA,int,NO,MUL,,
FBS_NOMINA.MOVIMIENTOTRANSFERENCIAINTERNA,CODIGOUSUARIO,varchar(25),NO,MUL,,
FBS_NOMINA.MOVIMIENTOTRANSFERENCIAINTERNA,DOCUMENTO,varchar(50),NO,,,
FBS_NOMINA.MOVIMIENTOTRANSFERENCIAINTERNA,ESDEBITO,tinyint unsigned,NO,,,
FBS_NOMINA.MOVIMIENTOTRANSFERENCIAINTERNA,VALOR,"decimal(18,2)",NO,,,
FBS_NOMINA.MOVIMIENTOTRANSFERENCIAINTERNA,FECHASISTEMA,datetime(3),NO,,,
FBS_NOMINA.MOVIMIENTOTRANSFERENCIAINTERNA,FECHAMAQUINA,datetime(3),NO,,,
FBS_NOMINA.MOVIMIENTOTRANSFERENCIAINTERNA,CONCURRENCIA,timestamp(6),YES,,CURRENT_TIMESTAMP(6),DEFAULT_GENERATED on update CURRENT_TIMESTAMP(6)
FBS_NOMINA.MOVROLCOMPON_NOMINA_AUXCTABLE,SECUENCIALMOVROLCOMPONNOMINA,int,NO,PRI,,
FBS_NOMINA.MOVROLCOMPON_NOMINA_AUXCTABLE,SECUENCIALAUXILIARCONTABLE,int,NO,MUL,,
FBS_NOMINA.MOVROLCOMPON_NOMINA_AUXCTABLE,CONCURRENCIA,timestamp(6),YES,,CURRENT_TIMESTAMP(6),DEFAULT_GENERATED on update CURRENT_TIMESTAMP(6)
FBS_NOMINA.MOVROLPAGOCOMPNOM_MOVCONT,SECUENCIALMOVROLPAGOCOMPNOM,int,NO,PRI,,
FBS_NOMINA.MOVROLPAGOCOMPNOM_MOVCONT,SECUENCIALMOVIMIENTOCONTROL,int,NO,UNI,,
FBS_NOMINA.MOVROLPAGOCOMPNOM_MOVCONT,SECUENCIALCUENTACONTABLE,int,NO,MUL,,
FBS_NOMINA.MOVROLPAGOCOMPNOM_MOVCONT,CONCURRENCIA,timestamp(6),YES,,CURRENT_TIMESTAMP(6),DEFAULT_GENERATED on update CURRENT_TIMESTAMP(6)
FBS_NOMINA.NIVELDEESTUDIO,CODIGO,char(2),NO,PRI,,
FBS_NOMINA.NIVELDEESTUDIO,CODIGOTIPOEDUCACIONFORMAL,char(2),NO,MUL,,
FBS_NOMINA.NIVELDEESTUDIO,NOMBRE,varchar(150),NO,,,
FBS_NOMINA.NIVELDEESTUDIO,REQUIEREINFORMACIONENCURSO,tinyint unsigned,NO,,,
FBS_NOMINA.NIVELDEESTUDIO,ESTAACTIVO,tinyint unsigned,NO,,,
FBS_NOMINA.NIVELDEESTUDIO,CONCURRENCIA,timestamp(6),YES,,CURRENT_TIMESTAMP(6),DEFAULT_GENERATED on update CURRENT_TIMESTAMP(6)
FBS_NOMINA.OFICINA_RNL,SECUENCIALOFICINA,int,NO,PRI,,
FBS_NOMINA.OFICINA_RNL,RNL,varchar(15),NO,,,
FBS_NOMINA.OFICINA_RNL,DIRECCION,varchar(255),NO,,,
FBS_NOMINA.OFICINA_RNL,ESTAACTIVO,tinyint,NO,,,
FBS_NOMINA.OFICINA_RNL,CONCURRENCIA,timestamp(6),YES,,CURRENT_TIMESTAMP(6),DEFAULT_GENERATED on update CURRENT_TIMESTAMP(6)
FBS_NOMINA.PAGOPRESTAMOBAJAEMPLEADO,SECUENCIAL,int,NO,PRI,,auto_increment
FBS_NOMINA.PAGOPRESTAMOBAJAEMPLEADO,SECUENCIALEMPLEADO,int,NO,MUL,,
FBS_NOMINA.PAGOPRESTAMOBAJAEMPLEADO,SECUENCIALBAJAEMPLEADO,int,NO,MUL,,
FBS_NOMINA.PAGOPRESTAMOBAJAEMPLEADO,SECUENCIALPRESTAMO,int,NO,MUL,,
FBS_NOMINA.PAGOPRESTAMOBAJAEMPLEADO,SECUENCIALCOMPONENTENOMINA,int,NO,MUL,,
FBS_NOMINA.PAGOPRESTAMOBAJAEMPLEADO,VALOR,"decimal(18,2)",NO,,,
FBS_NOMINA.PAGOPRESTAMOBAJAEMPLEADO,ESTAPROCESADO,tinyint unsigned,NO,,,
FBS_NOMINA.PAGOPRESTAMOBAJAEMPLEADO,CONCURRENCIA,timestamp(6),YES,,CURRENT_TIMESTAMP(6),DEFAULT_GENERATED on update CURRENT_TIMESTAMP(6)
FBS_NOMINA.PAGOPRESTAMOROLDEPAGO,SECUENCIAL,int,NO,PRI,,auto_increment
FBS_NOMINA.PAGOPRESTAMOROLDEPAGO,SECUENCIALEMPLEADO,int,NO,MUL,,
FBS_NOMINA.PAGOPRESTAMOROLDEPAGO,SECUENCIALROLDEPAGO,int,NO,MUL,,
FBS_NOMINA.PAGOPRESTAMOROLDEPAGO,SECUENCIALPRESTAMO,int,NO,MUL,,
FBS_NOMINA.PAGOPRESTAMOROLDEPAGO,SECUENCIALCAUSAL,int,NO,MUL,,
FBS_NOMINA.PAGOPRESTAMOROLDEPAGO,SECUENCIALCOMPONENTENOMINA,int,NO,MUL,,
FBS_NOMINA.PAGOPRESTAMOROLDEPAGO,VALOR,"decimal(18,2)",NO,,,
FBS_NOMINA.PAGOPRESTAMOROLDEPAGO,CONCURRENCIA,timestamp(6),YES,,CURRENT_TIMESTAMP(6),DEFAULT_GENERATED on update CURRENT_TIMESTAMP(6)
FBS_NOMINA.PRESTAMOVALORCUOTA,SECUENCIAL,int,NO,PRI,,auto_increment
FBS_NOMINA.PRESTAMOVALORCUOTA,SECUENCIALEMPLEADO,int,NO,MUL,,
FBS_NOMINA.PRESTAMOVALORCUOTA,SECUENCIALROLDEPAGO,int,NO,MUL,,
FBS_NOMINA.PRESTAMOVALORCUOTA,SECUENCIALPRESTAMO,int,NO,MUL,,
FBS_NOMINA.PRESTAMOVALORCUOTA,VALORCUOTA,"decimal(18,2)",NO,,,
FBS_NOMINA.PRESTAMOVALORCUOTA,CONCURRENCIA,timestamp(6),YES,,CURRENT_TIMESTAMP(6),DEFAULT_GENERATED on update CURRENT_TIMESTAMP(6)
FBS_NOMINA.PRIORIDADCOMPONENTEREPORTE,SECUENCIAL,int,NO,PRI,,auto_increment
FBS_NOMINA.PRIORIDADCOMPONENTEREPORTE,CODIGOTIPOROL,varchar(20),NO,MUL,,
FBS_NOMINA.PRIORIDADCOMPONENTEREPORTE,SECUENCIALCOMPONENTENOMINA,int,NO,MUL,,
FBS_NOMINA.PRIORIDADCOMPONENTEREPORTE,TIPO,varchar(200),NO,,,
FBS_NOMINA.PRIORIDADCOMPONENTEREPORTE,NOMBRE,varchar(100),NO,,,
FBS_NOMINA.PRIORIDADCOMPONENTEREPORTE,PRIORIDADROL,int,NO,,,
FBS_NOMINA.PRIORIDADCOMPONENTEREPORTE,PRIORIDADREPORTE,int,NO,,,
FBS_NOMINA.PRIORIDADCOMPONENTEREPORTE,CONCURRENCIA,timestamp(6),YES,,CURRENT_TIMESTAMP(6),DEFAULT_GENERATED on update CURRENT_TIMESTAMP(6)
FBS_NOMINA.RANGOANTIGUEDADTIPOBENEFICIO,SECUENCIAL,int,NO,PRI,,auto_increment
FBS_NOMINA.RANGOANTIGUEDADTIPOBENEFICIO,CODIGOTIPOBENEFICIO,varchar(5),NO,MUL,,
FBS_NOMINA.RANGOANTIGUEDADTIPOBENEFICIO,INICIO,int,NO,,,
FBS_NOMINA.RANGOANTIGUEDADTIPOBENEFICIO,FIN,int,NO,,,
FBS_NOMINA.RANGOANTIGUEDADTIPOBENEFICIO,TIEMPO,varchar(2),NO,,,
FBS_NOMINA.RANGOANTIGUEDADTIPOBENEFICIO,DIAS,int,NO,,,
FBS_NOMINA.RANGOANTIGUEDADTIPOBENEFICIO,ESTAACTIVO,tinyint unsigned,NO,,,
FBS_NOMINA.RANGOANTIGUEDADTIPOBENEFICIO,CONCURRENCIA,timestamp(6),YES,,CURRENT_TIMESTAMP(6),DEFAULT_GENERATED on update CURRENT_TIMESTAMP(6)
FBS_NOMINA.ROLDEPAGO,SECUENCIAL,int,NO,PRI,,auto_increment
FBS_NOMINA.ROLDEPAGO,CODIGOTIPOROL,varchar(20),NO,MUL,,
FBS_NOMINA.ROLDEPAGO,CODIGOUSUARIOINGRESO,varchar(25),NO,MUL,,
FBS_NOMINA.ROLDEPAGO,SECUENCIALEMPRESA,int,NO,MUL,,
FBS_NOMINA.ROLDEPAGO,CODIGOESTADO,char(1),NO,MUL,,
FBS_NOMINA.ROLDEPAGO,MES,int,NO,,,
FBS_NOMINA.ROLDEPAGO,ANIO,int,NO,,,
FBS_NOMINA.ROLDEPAGO,CONCURRENCIA,timestamp(6),YES,,CURRENT_TIMESTAMP(6),DEFAULT_GENERATED on update CURRENT_TIMESTAMP(6)
FBS_NOMINA.ROLDEPAGO,SECMIGRA,int,YES,,,
FBS_NOMINA.ROLDEPAGOBONIFICACION,SECUENCIAL,int,NO,PRI,,auto_increment
FBS_NOMINA.ROLDEPAGOBONIFICACION,SECUENCIALROLDEPAGO,int,NO,MUL,,
FBS_NOMINA.ROLDEPAGOBONIFICACION,SECUENCIALEMPLEADO,int,NO,MUL,,
FBS_NOMINA.ROLDEPAGOBONIFICACION,TOTALGANADO,"decimal(18,2)",NO,,,
FBS_NOMINA.ROLDEPAGOBONIFICACION,SALARIOPROMEDIO,"decimal(30,18)",NO,,,
FBS_NOMINA.ROLDEPAGOBONIFICACION,SALARIOPORDIA,"decimal(30,18)",NO,,,
FBS_NOMINA.ROLDEPAGOBONIFICACION,ANTIGUEDAD,varchar(40),NO,,,
FBS_NOMINA.ROLDEPAGOBONIFICACION,BENEFICIOPORANTIGUEDAD,int,NO,,,
FBS_NOMINA.ROLDEPAGOBONIFICACION,BENEFICIACION,"decimal(30,18)",NO,,,
FBS_NOMINA.ROLDEPAGOBONIFICACION,TOTAL,"decimal(30,18)",NO,,,
FBS_NOMINA.ROLDEPAGOBONIFICACION,TOTALAPAGAR,"decimal(18,2)",NO,,,
FBS_NOMINA.ROLDEPAGOBONIFICACION,CONCURRENCIA,timestamp(6),YES,,CURRENT_TIMESTAMP(6),DEFAULT_GENERATED on update CURRENT_TIMESTAMP(6)
FBS_NOMINA.ROLDEPAGOBONIFICACIONDETALLE,SECUENCIAL,int,NO,PRI,,auto_increment
FBS_NOMINA.ROLDEPAGOBONIFICACIONDETALLE,SECUENCIALROLDEPAGOBONIFICACION,int,NO,MUL,,
FBS_NOMINA.ROLDEPAGOBONIFICACIONDETALLE,SECUENCIALCOMPONENTENOMINA,int,NO,MUL,,
FBS_NOMINA.ROLDEPAGOBONIFICACIONDETALLE,CODIGOTIPOROL,varchar(20),NO,MUL,,
FBS_NOMINA.ROLDEPAGOBONIFICACIONDETALLE,ANIO,int,NO,,,
FBS_NOMINA.ROLDEPAGOBONIFICACIONDETALLE,MES,int,NO,,,
FBS_NOMINA.ROLDEPAGOBONIFICACIONDETALLE,VALOR,"decimal(18,2)",NO,,,
FBS_NOMINA.ROLDEPAGOBONIFICACIONDETALLE,CONCURRENCIA,timestamp(6),YES,,CURRENT_TIMESTAMP(6),DEFAULT_GENERATED on update CURRENT_TIMESTAMP(6)
FBS_NOMINA.ROLDEPAGOCOMPONENTE_NOMINA,SECUENCIAL,int,NO,PRI,,auto_increment
FBS_NOMINA.ROLDEPAGOCOMPONENTE_NOMINA,SECUENCIALROLDEPAGO,int,NO,MUL,,
FBS_NOMINA.ROLDEPAGOCOMPONENTE_NOMINA,SECUENCIALCOMPONENTENOMINA,int,NO,MUL,,
FBS_NOMINA.ROLDEPAGOCOMPONENTE_NOMINA,CONCURRENCIA,timestamp(6),YES,,CURRENT_TIMESTAMP(6),DEFAULT_GENERATED on update CURRENT_TIMESTAMP(6)
FBS_NOMINA.ROLDEPAGOCOMPONENTE_NOMINA,SECMIGRA,int,YES,,,
FBS_NOMINA.ROLDEPAGOENVIOCORREO,SECUENCIAL,int,NO,PRI,,auto_increment
FBS_NOMINA.ROLDEPAGOENVIOCORREO,SECUENCIALROLDEPAGO,int,NO,MUL,,
FBS_NOMINA.ROLDEPAGOENVIOCORREO,SECUENCIALEMPLEADO,int,NO,MUL,,
FBS_NOMINA.ROLDEPAGOENVIOCORREO,CODIGOUSUARIO,varchar(25),NO,MUL,,
FBS_NOMINA.ROLDEPAGOENVIOCORREO,FECHASISTEMA,datetime(3),NO,,,
FBS_NOMINA.ROLDEPAGOENVIOCORREO,FECHAMAQUINA,datetime(3),NO,,,
FBS_NOMINA.ROLDEPAGOENVIOCORREO,CONCURRENCIA,timestamp(6),YES,,CURRENT_TIMESTAMP(6),DEFAULT_GENERATED on update CURRENT_TIMESTAMP(6)
FBS_NOMINA.ROLDEPAGOESTADOHISTORICO,SECUENCIAL,int,NO,PRI,,auto_increment
FBS_NOMINA.ROLDEPAGOESTADOHISTORICO,SECUENCIALROLDEPAGO,int,NO,MUL,,
FBS_NOMINA.ROLDEPAGOESTADOHISTORICO,CODIGOUSUARIO,varchar(25),NO,MUL,,
FBS_NOMINA.ROLDEPAGOESTADOHISTORICO,CODIGOESTADO,char(1),NO,MUL,,
FBS_NOMINA.ROLDEPAGOESTADOHISTORICO,FECHASISTEMA,datetime(3),NO,,,
FBS_NOMINA.ROLDEPAGOESTADOHISTORICO,FECHAMAQUINA,datetime(3),NO,,,
FBS_NOMINA.ROLDEPAGOESTADOHISTORICO,CONCURRENCIA,timestamp(6),YES,,CURRENT_TIMESTAMP(6),DEFAULT_GENERATED on update CURRENT_TIMESTAMP(6)
FBS_NOMINA.ROLDEPAGOREGALIADETALLE,SECUENCIAL,int,NO,PRI,,auto_increment
FBS_NOMINA.ROLDEPAGOREGALIADETALLE,ANIOREGALIA,int,NO,,,
FBS_NOMINA.ROLDEPAGOREGALIADETALLE,MESREGALIA,int,NO,,,
FBS_NOMINA.ROLDEPAGOREGALIADETALLE,SECUENCIALEMPLEADO,int,NO,MUL,,
FBS_NOMINA.ROLDEPAGOREGALIADETALLE,SECUENCIALCOMPONENTENOMINA,int,NO,MUL,,
FBS_NOMINA.ROLDEPAGOREGALIADETALLE,CODIGOTIPOROL,varchar(20),NO,MUL,,
FBS_NOMINA.ROLDEPAGOREGALIADETALLE,TOTALGANADO,"decimal(18,2)",NO,,,
FBS_NOMINA.ROLDEPAGOREGALIADETALLE,CALCULO,"decimal(18,2)",NO,,,
FBS_NOMINA.ROLDEPAGOREGALIADETALLE,ANIO,int,NO,,,
FBS_NOMINA.ROLDEPAGOREGALIADETALLE,MES,int,NO,,,
FBS_NOMINA.ROLDEPAGOREGALIADETALLE,VALOR,"decimal(18,2)",NO,,,
FBS_NOMINA.ROLDEPAGOREGALIADETALLE,CONCURRENCIA,timestamp(6),YES,,CURRENT_TIMESTAMP(6),DEFAULT_GENERATED on update CURRENT_TIMESTAMP(6)
FBS_NOMINA.ROLDEPAGO_COEFICIENTECALBONIF,SECUENCIALROLDEPAGO,int,NO,PRI,,
FBS_NOMINA.ROLDEPAGO_COEFICIENTECALBONIF,VALOR,"decimal(30,18)",NO,,,
FBS_NOMINA.ROLDEPAGO_COEFICIENTECALBONIF,FECHACIERREFISCAL,datetime(3),NO,,,
FBS_NOMINA.ROLDEPAGO_COEFICIENTECALBONIF,CONCURRENCIA,timestamp(6),NO,,CURRENT_TIMESTAMP(6),DEFAULT_GENERATED on update CURRENT_TIMESTAMP(6)
FBS_NOMINA.ROLDEPAGO_PROVISIONEXCEDENTE,SECUENCIALROLDEPAGO,int,NO,PRI,,
FBS_NOMINA.ROLDEPAGO_PROVISIONEXCEDENTE,VALOR,"decimal(18,2)",NO,,,
FBS_NOMINA.ROLDEPAGO_PROVISIONEXCEDENTE,CONCURRENCIA,timestamp(6),YES,,CURRENT_TIMESTAMP(6),DEFAULT_GENERATED on update CURRENT_TIMESTAMP(6)
FBS_NOMINA.SOLICITUDANTICIPO,SECUENCIAL,int,NO,PRI,,auto_increment
FBS_NOMINA.SOLICITUDANTICIPO,NUMEROANTICIPO,int,NO,,,
FBS_NOMINA.SOLICITUDANTICIPO,SECUENCIALEMPLEADO,int,NO,MUL,,
FBS_NOMINA.SOLICITUDANTICIPO,SECUENCIALMOTIVO,int,NO,MUL,,
FBS_NOMINA.SOLICITUDANTICIPO,CODIGOESTADO,char(1),NO,MUL,,
FBS_NOMINA.SOLICITUDANTICIPO,FECHASISTEMA,datetime(3),NO,,,
FBS_NOMINA.SOLICITUDANTICIPO,MES,int,NO,,,
FBS_NOMINA.SOLICITUDANTICIPO,ANIO,int,NO,,,
FBS_NOMINA.SOLICITUDANTICIPO,VALORANTICIPO,"decimal(18,2)",NO,,,
FBS_NOMINA.SOLICITUDANTICIPO,SALDO,"decimal(18,2)",NO,,,
FBS_NOMINA.SOLICITUDANTICIPO,CUOTASDIFERIMIENTO,int,NO,,,
FBS_NOMINA.SOLICITUDANTICIPO,CUOTASPAGADAS,int,YES,,0,
FBS_NOMINA.SOLICITUDANTICIPO,OBSERVACIONES,varchar(500),NO,,,
FBS_NOMINA.SOLICITUDANTICIPO,FECHAMAQUINA,datetime(3),NO,,,
FBS_NOMINA.SOLICITUDANTICIPO,VALORCUOTADIFERIMIENTO,"decimal(18,2)",NO,,0.00,
FBS_NOMINA.SOLICITUDANTICIPO,POSEEFIRMANTES,tinyint unsigned,NO,,0,
FBS_NOMINA.SOLICITUDANTICIPO,CONCURRENCIA,timestamp(6),YES,,CURRENT_TIMESTAMP(6),DEFAULT_GENERATED on update CURRENT_TIMESTAMP(6)
FBS_NOMINA.SOLICITUDANTICIPOESTADOHIST,SECUENCIAL,int,NO,PRI,,auto_increment
FBS_NOMINA.SOLICITUDANTICIPOESTADOHIST,SECUENCIALSOLICITUDANTICIPO,int,NO,MUL,,
FBS_NOMINA.SOLICITUDANTICIPOESTADOHIST,CODIGOUSUARIO,varchar(25),NO,MUL,,
FBS_NOMINA.SOLICITUDANTICIPOESTADOHIST,CODIGOESTADO,char(1),NO,MUL,,
FBS_NOMINA.SOLICITUDANTICIPOESTADOHIST,FECHAMAQUINA,datetime(3),NO,,,
FBS_NOMINA.SOLICITUDANTICIPOESTADOHIST,FECHASISTEMA,datetime(3),NO,,,
FBS_NOMINA.SOLICITUDANTICIPOESTADOHIST,CONCURRENCIA,timestamp(6),YES,,CURRENT_TIMESTAMP(6),DEFAULT_GENERATED on update CURRENT_TIMESTAMP(6)
FBS_NOMINA.SOLICITUDANTICIPOESTADOHIST,OBSERVACION,varchar(500),NO,,N,
FBS_NOMINA.SOLICITUDANTICIPOFIRMANTE,SECUENCIAL,int,NO,PRI,,auto_increment
FBS_NOMINA.SOLICITUDANTICIPOFIRMANTE,SECUENCIALSOLICITUDANTICIPO,int,NO,MUL,,
FBS_NOMINA.SOLICITUDANTICIPOFIRMANTE,SECUENCIALEMPLEADOFIRMA,int,NO,MUL,,
FBS_NOMINA.SOLICITUDANTICIPOFIRMANTE,CONCURRENCIA,timestamp(6),YES,,,
FBS_NOMINA.SOLICITUDVACACION,SECUENCIAL,int,NO,PRI,,auto_increment
FBS_NOMINA.SOLICITUDVACACION,SECUENCIALEMPLEADO,int,NO,MUL,,
FBS_NOMINA.SOLICITUDVACACION,CODIGOESTADO,char(1),NO,MUL,,
FBS_NOMINA.SOLICITUDVACACION,FECHADESDE,datetime(3),NO,,,
FBS_NOMINA.SOLICITUDVACACION,FECHAHASTA,datetime(3),NO,,,
FBS_NOMINA.SOLICITUDVACACION,FECHARETORNO,datetime(3),YES,,,
FBS_NOMINA.SOLICITUDVACACION,FECHAREGISTRO,datetime(3),NO,,,
FBS_NOMINA.SOLICITUDVACACION,OBSERVACIONES,varchar(500),NO,,,
FBS_NOMINA.SOLICITUDVACACION,ESTAVIGENTE,tinyint unsigned,NO,,,
FBS_NOMINA.SOLICITUDVACACION,NUMERODIASPENDIENTESINCIAL,"decimal(18,2)",NO,,,
FBS_NOMINA.SOLICITUDVACACION,VALORAPAGAR,"decimal(18,2)",NO,,,
FBS_NOMINA.SOLICITUDVACACION,SEPAGAVACACIONES,tinyint unsigned,NO,,,
FBS_NOMINA.SOLICITUDVACACION,COMENTARIOS,varchar(250),NO,,,
FBS_NOMINA.SOLICITUDVACACION,CONCURRENCIA,timestamp(6),YES,,CURRENT_TIMESTAMP(6),DEFAULT_GENERATED on update CURRENT_TIMESTAMP(6)
FBS_NOMINA.SOLICITUDVACACION,NUMERODIAS,"decimal(18,2)",YES,,,
FBS_NOMINA.SOLICITUDVACACIONESTADOHIST,SECUENCIAL,int,NO,PRI,,auto_increment
FBS_NOMINA.SOLICITUDVACACIONESTADOHIST,SECUENCIALSOLICITUDVACACION,int,NO,MUL,,
FBS_NOMINA.SOLICITUDVACACIONESTADOHIST,CODIGOUSUARIO,varchar(25),NO,MUL,,
FBS_NOMINA.SOLICITUDVACACIONESTADOHIST,CODIGOESTADO,char(1),NO,MUL,,
FBS_NOMINA.SOLICITUDVACACIONESTADOHIST,FECHAMAQUINA,datetime(3),NO,,,
FBS_NOMINA.SOLICITUDVACACIONESTADOHIST,FECHASISTEMA,datetime(3),NO,,,
FBS_NOMINA.SOLICITUDVACACIONESTADOHIST,OBSERVACIONES,varchar(500),NO,,,
FBS_NOMINA.SOLICITUDVACACIONESTADOHIST,CONCURRENCIA,timestamp(6),YES,,CURRENT_TIMESTAMP(6),DEFAULT_GENERATED on update CURRENT_TIMESTAMP(6)
FBS_NOMINA.SOLICITUDVACACION_CANCELACION,SECUENCIALSOLICITUDVACACION,int,NO,PRI,,
FBS_NOMINA.SOLICITUDVACACION_CANCELACION,FECHACANCELACION,datetime(3),NO,,,
FBS_NOMINA.SOLICITUDVACACION_CANCELACION,COMENTARIO,varchar(200),NO,,,
FBS_NOMINA.SOLICITUDVACACION_CANCELACION,FECHASISTEMAINGRESO,date,NO,,,
FBS_NOMINA.SOLICITUDVACACION_CANCELACION,FECHAMAQUINAINGRESO,date,NO,,,
FBS_NOMINA.SOLICITUDVACACION_CANCELACION,CODIGOUSUARIOINGRESO,varchar(25),NO,MUL,,
FBS_NOMINA.SOLICITUDVACACION_CANCELACION,CONCURRENCIA,timestamp(6),YES,,CURRENT_TIMESTAMP(6),DEFAULT_GENERATED on update CURRENT_TIMESTAMP(6)
FBS_NOMINA.SOLICIVACACIONEMPVACACION,SECUENCIAL,int,NO,PRI,,auto_increment
FBS_NOMINA.SOLICIVACACIONEMPVACACION,SECUENCIALSOLICITUDVACACION,int,NO,MUL,,
FBS_NOMINA.SOLICIVACACIONEMPVACACION,SECUENCIALEMPLEADOVACACION,int,NO,MUL,,
FBS_NOMINA.SOLICIVACACIONEMPVACACION,CONCURRENCIA,timestamp(6),YES,,CURRENT_TIMESTAMP(6),DEFAULT_GENERATED on update CURRENT_TIMESTAMP(6)
FBS_NOMINA.TASARETENCIONIMPUESTORENTA,SECUENCIAL,int,NO,PRI,,auto_increment
FBS_NOMINA.TASARETENCIONIMPUESTORENTA,INICIOESCALA,"decimal(18,2)",NO,,,
FBS_NOMINA.TASARETENCIONIMPUESTORENTA,FINESCALA,"decimal(18,2)",NO,,,
FBS_NOMINA.TASARETENCIONIMPUESTORENTA,MONTOFIJO,"decimal(18,2)",NO,,,
FBS_NOMINA.TASARETENCIONIMPUESTORENTA,TASARETENCION,"decimal(18,2)",NO,,,
FBS_NOMINA.TASARETENCIONIMPUESTORENTA,ESTAACTIVO,tinyint unsigned,NO,,,
FBS_NOMINA.TASARETENCIONIMPUESTORENTA,CONCURRENCIA,timestamp(6),YES,,CURRENT_TIMESTAMP(6),DEFAULT_GENERATED on update CURRENT_TIMESTAMP(6)
FBS_NOMINA.TIPOAFP,CODIGO,char(2),NO,PRI,,
FBS_NOMINA.TIPOAFP,NOMBRE,varchar(50),NO,,,
FBS_NOMINA.TIPOAFP,ESTAACTIVO,tinyint unsigned,NO,,,
FBS_NOMINA.TIPOAFP,CONCURRENCIA,timestamp(6),YES,,CURRENT_TIMESTAMP(6),DEFAULT_GENERATED on update CURRENT_TIMESTAMP(6)
FBS_NOMINA.TIPOAPROBACION,CODIGO,varchar(10),NO,PRI,,
FBS_NOMINA.TIPOAPROBACION,NOMBRE,varchar(100),NO,,,
FBS_NOMINA.TIPOAPROBACION,ESTAACTIVO,tinyint unsigned,NO,,,
FBS_NOMINA.TIPOAPROBACION,CONCURRENCIA,timestamp(6),YES,,CURRENT_TIMESTAMP(6),DEFAULT_GENERATED on update CURRENT_TIMESTAMP(6)
FBS_NOMINA.TIPOBENEFICIO,CODIGO,varchar(5),NO,PRI,,
FBS_NOMINA.TIPOBENEFICIO,NOMBRE,varchar(50),NO,,,
FBS_NOMINA.TIPOBENEFICIO,ESTAACTIVO,tinyint unsigned,NO,,,
FBS_NOMINA.TIPOBENEFICIO,CONCURRENCIA,timestamp(6),YES,,CURRENT_TIMESTAMP(6),DEFAULT_GENERATED on update CURRENT_TIMESTAMP(6)
FBS_NOMINA.TIPOBIEN,CODIGO,varchar(5),NO,PRI,,
FBS_NOMINA.TIPOBIEN,NOMBRE,varchar(25),NO,,,
FBS_NOMINA.TIPOBIEN,ESTAACTIVO,tinyint unsigned,NO,,,
FBS_NOMINA.TIPOBIEN,CONCURRENCIA,timestamp(6),YES,,CURRENT_TIMESTAMP(6),DEFAULT_GENERATED on update CURRENT_TIMESTAMP(6)
FBS_NOMINA.TIPOCOMPONENTENOMINA,CODIGO,varchar(20),NO,PRI,,
FBS_NOMINA.TIPOCOMPONENTENOMINA,NOMBRE,varchar(50),NO,,,
FBS_NOMINA.TIPOCOMPONENTENOMINA,ESTAACTIVO,tinyint unsigned,NO,,,
FBS_NOMINA.TIPOCOMPONENTENOMINA,CONCURRENCIA,timestamp(6),YES,,CURRENT_TIMESTAMP(6),DEFAULT_GENERATED on update CURRENT_TIMESTAMP(6)
FBS_NOMINA.TIPOCONTRATO,CODIGO,varchar(50),NO,PRI,,
FBS_NOMINA.TIPOCONTRATO,NOMBRE,varchar(100),NO,,,
FBS_NOMINA.TIPOCONTRATO,TIENEFECHAFINALIZACION,tinyint unsigned,NO,,,
FBS_NOMINA.TIPOCONTRATO,DIASPARANOTIFICACION,int,NO,,,
FBS_NOMINA.TIPOCONTRATO,DIASNOTIFICAPERIODOPRUEBA,int,NO,,,
FBS_NOMINA.TIPOCONTRATO,MESESPERIODOPRUEBA,int,NO,,,
FBS_NOMINA.TIPOCONTRATO,ESTAACTIVO,tinyint unsigned,NO,,,
FBS_NOMINA.TIPOCONTRATO,CONCURRENCIA,timestamp(6),YES,,CURRENT_TIMESTAMP(6),DEFAULT_GENERATED on update CURRENT_TIMESTAMP(6)
FBS_NOMINA.TIPOCONTRATO,ESPORCIERTOTIEMPO,tinyint unsigned,NO,,,
FBS_NOMINA.TIPODECLARACION,CODIGO,varchar(5),NO,PRI,,
FBS_NOMINA.TIPODECLARACION,NOMBRE,varchar(25),NO,,,
FBS_NOMINA.TIPODECLARACION,ESTAACTIVO,tinyint unsigned,NO,,,
FBS_NOMINA.TIPODECLARACION,CONCURRENCIA,timestamp(6),YES,,CURRENT_TIMESTAMP(6),DEFAULT_GENERATED on update CURRENT_TIMESTAMP(6)
FBS_NOMINA.TIPODESCUENTO,CODIGO,char(2),NO,PRI,,
FBS_NOMINA.TIPODESCUENTO,NOMBRE,varchar(50),NO,,,
FBS_NOMINA.TIPODESCUENTO,ESTAACTIVO,tinyint unsigned,NO,,,
FBS_NOMINA.TIPODESCUENTO,CONCURRENCIA,timestamp(6),YES,,CURRENT_TIMESTAMP(6),DEFAULT_GENERATED on update CURRENT_TIMESTAMP(6)
FBS_NOMINA.TIPODESCUENTOCOMPONENTE_NOMINA,SECUENCIAL,int,NO,PRI,,auto_increment
FBS_NOMINA.TIPODESCUENTOCOMPONENTE_NOMINA,CODIGOTIPODESCUENTO,char(2),NO,MUL,,
FBS_NOMINA.TIPODESCUENTOCOMPONENTE_NOMINA,SECUENCIALCOMPONENTENOMINA,int,NO,MUL,,
FBS_NOMINA.TIPODESCUENTOCOMPONENTE_NOMINA,ESTAACTIVO,tinyint unsigned,NO,,,
FBS_NOMINA.TIPODESCUENTOCOMPONENTE_NOMINA,CONCURRENCIA,timestamp(6),YES,,CURRENT_TIMESTAMP(6),DEFAULT_GENERATED on update CURRENT_TIMESTAMP(6)
FBS_NOMINA.TIPOEDUCACIONFORMAL,CODIGO,char(2),NO,PRI,,
FBS_NOMINA.TIPOEDUCACIONFORMAL,NOMBRE,varchar(100),NO,,,
FBS_NOMINA.TIPOEDUCACIONFORMAL,ESTAACTIVO,tinyint unsigned,NO,,,
FBS_NOMINA.TIPOEDUCACIONFORMAL,CONCURRENCIA,timestamp(6),YES,,CURRENT_TIMESTAMP(6),DEFAULT_GENERATED on update CURRENT_TIMESTAMP(6)
FBS_NOMINA.TIPOINVERSION,CODIGO,varchar(5),NO,PRI,,
FBS_NOMINA.TIPOINVERSION,NOMBRE,varchar(25),NO,,,
FBS_NOMINA.TIPOINVERSION,ESPARACAPITAL,tinyint unsigned,NO,,,
FBS_NOMINA.TIPOINVERSION,ESTAACTIVO,tinyint unsigned,NO,,,
FBS_NOMINA.TIPOINVERSION,CONCURRENCIA,timestamp(6),YES,,CURRENT_TIMESTAMP(6),DEFAULT_GENERATED on update CURRENT_TIMESTAMP(6)
FBS_NOMINA.TIPOITEMDOCUMENTO,CODIGO,varchar(7),NO,PRI,,
FBS_NOMINA.TIPOITEMDOCUMENTO,NOMBRE,varchar(50),NO,,,
FBS_NOMINA.TIPOITEMDOCUMENTO,ESTAACTIVO,tinyint unsigned,NO,,,
FBS_NOMINA.TIPOITEMDOCUMENTO,CONCURRENCIA,timestamp(6),YES,,CURRENT_TIMESTAMP(6),DEFAULT_GENERATED on update CURRENT_TIMESTAMP(6)
FBS_NOMINA.TIPOITEMDOTACION,CODIGO,varchar(7),NO,PRI,,
FBS_NOMINA.TIPOITEMDOTACION,NOMBRE,varchar(50),NO,,,
FBS_NOMINA.TIPOITEMDOTACION,ESTAACTIVO,tinyint unsigned,NO,,,
FBS_NOMINA.TIPOITEMDOTACION,CONCURRENCIA,timestamp(6),YES,,CURRENT_TIMESTAMP(6),DEFAULT_GENERATED on update CURRENT_TIMESTAMP(6)
FBS_NOMINA.TIPOLLAMADOATENCION,CODIGO,char(2),NO,PRI,,
FBS_NOMINA.TIPOLLAMADOATENCION,CODIGOGRADOAMONESTACION,char(2),NO,MUL,,
FBS_NOMINA.TIPOLLAMADOATENCION,DESCRIPCION,varchar(100),NO,,,
FBS_NOMINA.TIPOLLAMADOATENCION,PORCENTAJEDESCUENTO,"decimal(18,2)",NO,,,
FBS_NOMINA.TIPOLLAMADOATENCION,NOTIFICAMINISTERIO,tinyint,NO,,,
FBS_NOMINA.TIPOLLAMADOATENCION,ESAMONESTACIONVERBAL,tinyint,NO,,,
FBS_NOMINA.TIPOLLAMADOATENCION,ESAMONESTACIONPORESCRITO,tinyint,NO,,,
FBS_NOMINA.TIPOLLAMADOATENCION,ESDESPIDO,tinyint,NO,,,
FBS_NOMINA.TIPOLLAMADOATENCION,ESTAACTIVO,tinyint unsigned,NO,,,
FBS_NOMINA.TIPOLLAMADOATENCION,CONCURRENCIA,timestamp(6),YES,,CURRENT_TIMESTAMP(6),DEFAULT_GENERATED on update CURRENT_TIMESTAMP(6)
FBS_NOMINA.TIPOOFICIO,SECUENCIAL,int,NO,PRI,,auto_increment
FBS_NOMINA.TIPOOFICIO,SECUENCIALREPORTE,int,NO,MUL,,
FBS_NOMINA.TIPOOFICIO,NOMBRE,varchar(500),NO,,,
FBS_NOMINA.TIPOOFICIO,ESTAACTIVO,tinyint unsigned,NO,,,
FBS_NOMINA.TIPOOFICIO,CONCURRENCIA,timestamp(6),YES,,CURRENT_TIMESTAMP(6),DEFAULT_GENERATED on update CURRENT_TIMESTAMP(6)
FBS_NOMINA.TIPOPRODUCTOAGROINDUSTRIAL,CODIGO,varchar(5),NO,PRI,,
FBS_NOMINA.TIPOPRODUCTOAGROINDUSTRIAL,NOMBRE,varchar(25),NO,,,
FBS_NOMINA.TIPOPRODUCTOAGROINDUSTRIAL,ESTAACTIVO,tinyint unsigned,NO,,,
FBS_NOMINA.TIPOPRODUCTOAGROINDUSTRIAL,CONCURRENCIA,timestamp(6),YES,,CURRENT_TIMESTAMP(6),DEFAULT_GENERATED on update CURRENT_TIMESTAMP(6)
FBS_NOMINA.TIPOROL,CODIGO,varchar(20),NO,PRI,,
FBS_NOMINA.TIPOROL,NOMBRE,varchar(100),NO,,,
FBS_NOMINA.TIPOROL,REMUNERABLE,tinyint unsigned,NO,,,
FBS_NOMINA.TIPOROL,ESOPERATIVO,tinyint unsigned,NO,,,
FBS_NOMINA.TIPOROL,GENERAACREDITACION,tinyint,NO,,,
FBS_NOMINA.TIPOROL,ESTAACTIVO,tinyint unsigned,NO,,,
FBS_NOMINA.TIPOROL,CONCURRENCIA,timestamp(6),YES,,CURRENT_TIMESTAMP(6),DEFAULT_GENERATED on update CURRENT_TIMESTAMP(6)
FBS_NOMINA.TIPOROLCOMPONENTE_NOMINA,SECUENCIAL,int,NO,PRI,,auto_increment
FBS_NOMINA.TIPOROLCOMPONENTE_NOMINA,CODIGOTIPOROL,varchar(20),NO,MUL,,
FBS_NOMINA.TIPOROLCOMPONENTE_NOMINA,SECUENCIALCOMPONENTENOMINA,int,NO,MUL,,
FBS_NOMINA.TIPOROLCOMPONENTE_NOMINA,ESTAACTIVO,tinyint unsigned,NO,,,
FBS_NOMINA.TIPOROLCOMPONENTE_NOMINA,CONCURRENCIA,timestamp(6),YES,,CURRENT_TIMESTAMP(6),DEFAULT_GENERATED on update CURRENT_TIMESTAMP(6)
FBS_NOMINA.TIPOROL_ULTIMOPAGO,CODIGOTIPOROL,varchar(20),NO,PRI,,
FBS_NOMINA.TIPOROL_ULTIMOPAGO,MESPAGADO,int,NO,,,
FBS_NOMINA.TIPOROL_ULTIMOPAGO,ANIOPAGADO,int,NO,,,
FBS_NOMINA.TIPOROL_ULTIMOPAGO,ESTAACTIVO,tinyint unsigned,NO,,,
FBS_NOMINA.TIPOROL_ULTIMOPAGO,CONCURRENCIA,timestamp(6),YES,,CURRENT_TIMESTAMP(6),DEFAULT_GENERATED on update CURRENT_TIMESTAMP(6)
FBS_NOMINA.TIPOSFS,CODIGO,char(2),NO,PRI,,
FBS_NOMINA.TIPOSFS,NOMBRE,varchar(50),NO,,,
FBS_NOMINA.TIPOSFS,ESTAACTIVO,tinyint unsigned,NO,,,
FBS_NOMINA.TIPOSFS,CONCURRENCIA,timestamp(6),YES,,CURRENT_TIMESTAMP(6),DEFAULT_GENERATED on update CURRENT_TIMESTAMP(6)
FBS_NOMINA.TIPOVEHICULO,CODIGO,varchar(5),NO,PRI,,
FBS_NOMINA.TIPOVEHICULO,NOMBRE,varchar(25),NO,,,
FBS_NOMINA.TIPOVEHICULO,ESTAACTIVO,tinyint unsigned,NO,,,
FBS_NOMINA.TIPOVEHICULO,CONCURRENCIA,timestamp(6),YES,,CURRENT_TIMESTAMP(6),DEFAULT_GENERATED on update CURRENT_TIMESTAMP(6)
FBS_NOMINA.TIPOZONA,CODIGO,char(5),NO,PRI,,
FBS_NOMINA.TIPOZONA,NOMBRE,varchar(50),NO,,,
FBS_NOMINA.TIPOZONA,ESTAACTIVO,tinyint unsigned,NO,,,
FBS_NOMINA.TIPOZONA,CONCURRENCIA,timestamp(6),YES,,CURRENT_TIMESTAMP(6),DEFAULT_GENERATED on update CURRENT_TIMESTAMP(6)
FBS_NOMINA.V_COMPONENTENOMINA,SECUENCIALCOMPONENTE,int,NO,,,
FBS_NOMINA.V_COMPONENTENOMINA,NOMBRE,varchar(100),NO,,,
